original_path,original_category,final_category,store,filename,decision,changed,method,written_to,note
Anime/frameium/Arise (2).webp,Anime,Anime,frameium,Arise (2).webp,keep,no,copy,Anime\frameium\Arise (2).webp,
Anime/frameium/Arise.webp,Anime,Anime,frameium,Arise.webp,keep,no,copy,Anime\frameium\Arise.webp,
Anime/frameium/ATTACK ON TITAN (2).webp,Anime,Anime,frameium,ATTACK ON TITAN (2).webp,keep,no,copy,Anime\frameium\ATTACK ON TITAN (2).webp,
Anime/frameium/ATTACK ON TITAN (3).webp,Anime,Anime,frameium,ATTACK ON TITAN (3).webp,keep,no,copy,Anime\frameium\ATTACK ON TITAN (3).webp,
Anime/frameium/ATTACK ON TITAN (4).webp,Anime,Anime,frameium,ATTACK ON TITAN (4).webp,keep,no,copy,Anime\frameium\ATTACK ON TITAN (4).webp,
Anime/frameium/Attack on titan (5).webp,Anime,Anime,frameium,Attack on titan (5).webp,keep,no,copy,Anime\frameium\Attack on titan (5).webp,
Anime/frameium/Attack on titan (6).webp,Anime,Anime,frameium,Attack on titan (6).webp,keep,no,copy,Anime\frameium\Attack on titan (6).webp,
Anime/frameium/Attack on titan (7).webp,Anime,Anime,frameium,Attack on titan (7).webp,keep,no,copy,Anime\frameium\Attack on titan (7).webp,
Anime/frameium/Attack on titan (8).webp,Anime,Anime,frameium,Attack on titan (8).webp,keep,no,copy,Anime\frameium\Attack on titan (8).webp,
Anime/frameium/ATTACK ON TITAN.webp,Anime,Anime,frameium,ATTACK ON TITAN.webp,keep,no,copy,Anime\frameium\ATTACK ON TITAN.webp,
Anime/frameium/Death Note (2).webp,Anime,Anime,frameium,Death Note (2).webp,keep,no,copy,Anime\frameium\Death Note (2).webp,
Anime/frameium/Death note (3).webp,Anime,Anime,frameium,Death note (3).webp,keep,no,copy,Anime\frameium\Death note (3).webp,
Anime/frameium/Death note (4).webp,Anime,Anime,frameium,Death note (4).webp,keep,no,copy,Anime\frameium\Death note (4).webp,
Anime/frameium/DEATH NOTE.webp,Anime,Anime,frameium,DEATH NOTE.webp,keep,no,copy,Anime\frameium\DEATH NOTE.webp,
Anime/frameium/DEMON SLAYER (2).webp,Anime,Anime,frameium,DEMON SLAYER (2).webp,keep,no,copy,Anime\frameium\DEMON SLAYER (2).webp,
Anime/frameium/DEMON SLAYER (3).webp,Anime,Anime,frameium,DEMON SLAYER (3).webp,keep,no,copy,Anime\frameium\DEMON SLAYER (3).webp,
Anime/frameium/DEMON SLAYER.webp,Anime,Anime,frameium,DEMON SLAYER.webp,keep,no,copy,Anime\frameium\DEMON SLAYER.webp,
Anime/frameium/Hunter x Hunter (2).webp,Anime,Anime,frameium,Hunter x Hunter (2).webp,keep,no,copy,Anime\frameium\Hunter x Hunter (2).webp,
Anime/frameium/Hunter x Hunter.webp,Anime,Anime,frameium,Hunter x Hunter.webp,keep,no,copy,Anime\frameium\Hunter x Hunter.webp,
Anime/frameium/Jujutsu kaisen (2).webp,Anime,Anime,frameium,Jujutsu kaisen (2).webp,keep,no,copy,Anime\frameium\Jujutsu kaisen (2).webp,
Anime/frameium/Jujutsu kaisen (3).webp,Anime,Anime,frameium,Jujutsu kaisen (3).webp,keep,no,copy,Anime\frameium\Jujutsu kaisen (3).webp,
Anime/frameium/Jujutsu kaisen (4).webp,Anime,Anime,frameium,Jujutsu kaisen (4).webp,keep,no,copy,Anime\frameium\Jujutsu kaisen (4).webp,
Anime/frameium/Jujutsu kaisen.webp,Anime,Anime,frameium,Jujutsu kaisen.webp,keep,no,copy,Anime\frameium\Jujutsu kaisen.webp,
Anime/frameium/MONSTER.webp,Anime,Anime,frameium,MONSTER.webp,keep,no,copy,Anime\frameium\MONSTER.webp,
Anime/frameium/One piece (2).webp,Anime,Anime,frameium,One piece (2).webp,keep,no,copy,Anime\frameium\One piece (2).webp,
Anime/frameium/One piece (3).webp,Anime,Anime,frameium,One piece (3).webp,keep,no,copy,Anime\frameium\One piece (3).webp,
Anime/frameium/One piece (4).webp,Anime,Anime,frameium,One piece (4).webp,keep,no,copy,Anime\frameium\One piece (4).webp,
Anime/frameium/One piece (5).webp,Anime,Anime,frameium,One piece (5).webp,keep,no,copy,Anime\frameium\One piece (5).webp,
Anime/frameium/One piece (6).webp,Anime,Anime,frameium,One piece (6).webp,keep,no,copy,Anime\frameium\One piece (6).webp,
Anime/frameium/One piece (7).webp,Anime,Anime,frameium,One piece (7).webp,keep,no,copy,Anime\frameium\One piece (7).webp,
Anime/frameium/One piece (8).webp,Anime,Anime,frameium,One piece (8).webp,keep,no,copy,Anime\frameium\One piece (8).webp,
Anime/frameium/One piece (9).webp,Anime,Anime,frameium,One piece (9).webp,keep,no,copy,Anime\frameium\One piece (9).webp,
Anime/frameium/One piece.webp,Anime,Anime,frameium,One piece.webp,keep,no,copy,Anime\frameium\One piece.webp,
Anime/frameium/SPIRITED AWAY.webp,Anime,Anime,frameium,SPIRITED AWAY.webp,keep,no,copy,Anime\frameium\SPIRITED AWAY.webp,
Anime/sparkstore/Attack On Titan 'Titan's Wrath' Frame.webp,Anime,Anime,sparkstore,Attack On Titan 'Titan's Wrath' Frame.webp,dismiss,no,copy,dismissed\Anime\sparkstore\Attack On Titan 'Titan's Wrath' Frame.webp,
Anime/sparkstore/Attack On Titan 'Wings Of Freedom' Frame.webp,Anime,Anime,sparkstore,Attack On Titan 'Wings Of Freedom' Frame.webp,keep,no,copy,Anime\sparkstore\Attack On Titan 'Wings Of Freedom' Frame.webp,
Anime/sparkstore/Avatar The Last Airbender 'Avatar Aang' Frame.webp,Anime,Anime,sparkstore,Avatar The Last Airbender 'Avatar Aang' Frame.webp,keep,no,copy,Anime\sparkstore\Avatar The Last Airbender 'Avatar Aang' Frame.webp,
Anime/sparkstore/Avatar The Last Airbender 'Avatar's Essence' Frame.webp,Anime,Anime,sparkstore,Avatar The Last Airbender 'Avatar's Essence' Frame.webp,keep,no,copy,Anime\sparkstore\Avatar The Last Airbender 'Avatar's Essence' Frame.webp,
Anime/sparkstore/Avatar The Last Airbender 'Elemental' Frame.webp,Anime,Anime,sparkstore,Avatar The Last Airbender 'Elemental' Frame.webp,keep,no,copy,Anime\sparkstore\Avatar The Last Airbender 'Elemental' Frame.webp,
Anime/sparkstore/Avatar The Last Airbender 'Ethereal Motion' Frame.webp,Anime,Anime,sparkstore,Avatar The Last Airbender 'Ethereal Motion' Frame.webp,keep,no,copy,Anime\sparkstore\Avatar The Last Airbender 'Ethereal Motion' Frame.webp,
Anime/sparkstore/Avatar The Last Airbender 'Master of the Elements' Frame.webp,Anime,Anime,sparkstore,Avatar The Last Airbender 'Master of the Elements' Frame.webp,keep,no,copy,Anime\sparkstore\Avatar The Last Airbender 'Master of the Elements' Frame.webp,
Anime/sparkstore/Avatar The Last Airbender 'Rooftop Silhouette' Frame.webp,Anime,Anime,sparkstore,Avatar The Last Airbender 'Rooftop Silhouette' Frame.webp,keep,no,copy,Anime\sparkstore\Avatar The Last Airbender 'Rooftop Silhouette' Frame.webp,
Anime/sparkstore/Avatar The Last Airbender 'Shadow Riders' Frame.webp,Anime,Anime,sparkstore,Avatar The Last Airbender 'Shadow Riders' Frame.webp,keep,no,copy,Anime\sparkstore\Avatar The Last Airbender 'Shadow Riders' Frame.webp,
Anime/sparkstore/Avatar The Last Airbender 'The Enlightened One' Frame.webp,Anime,Anime,sparkstore,Avatar The Last Airbender 'The Enlightened One' Frame.webp,keep,no,copy,Anime\sparkstore\Avatar The Last Airbender 'The Enlightened One' Frame.webp,
Anime/sparkstore/Demon Slayer 'Eyes of Determination' Frame.webp,Anime,Anime,sparkstore,Demon Slayer 'Eyes of Determination' Frame.webp,keep,no,copy,Anime\sparkstore\Demon Slayer 'Eyes of Determination' Frame.webp,
Anime/sparkstore/Demon Slayer 'Frost' Frame.webp,Anime,Anime,sparkstore,Demon Slayer 'Frost' Frame.webp,keep,no,copy,Anime\sparkstore\Demon Slayer 'Frost' Frame.webp,
Anime/sparkstore/Hunter X Hunter 'Aura' Frame.webp,Anime,Anime,sparkstore,Hunter X Hunter 'Aura' Frame.webp,keep,no,copy,Anime\sparkstore\Hunter X Hunter 'Aura' Frame.webp,
Anime/sparkstore/Hunter X Hunter 'Bonds' Frame.webp,Anime,Anime,sparkstore,Hunter X Hunter 'Bonds' Frame.webp,dismiss,no,copy,dismissed\Anime\sparkstore\Hunter X Hunter 'Bonds' Frame.webp,
Anime/sparkstore/Jujutsu Kaisen 'Cursebreakers' Frame.webp,Anime,Anime,sparkstore,Jujutsu Kaisen 'Cursebreakers' Frame.webp,keep,no,copy,Anime\sparkstore\Jujutsu Kaisen 'Cursebreakers' Frame.webp,
Anime/sparkstore/Jujutsu Kaisen 'Cursed Techniques' Frame.webp,Anime,Anime,sparkstore,Jujutsu Kaisen 'Cursed Techniques' Frame.webp,keep,no,copy,Anime\sparkstore\Jujutsu Kaisen 'Cursed Techniques' Frame.webp,
Anime/sparkstore/Jujutsu Kaisen 'Duality' Frame.webp,Anime,Anime,sparkstore,Jujutsu Kaisen 'Duality' Frame.webp,keep,no,copy,Anime\sparkstore\Jujutsu Kaisen 'Duality' Frame.webp,
Anime/sparkstore/Jujutsu Kaisen 'Eyes of a Jujutsu Warrior' Frame.webp,Anime,Anime,sparkstore,Jujutsu Kaisen 'Eyes of a Jujutsu Warrior' Frame.webp,keep,no,copy,Anime\sparkstore\Jujutsu Kaisen 'Eyes of a Jujutsu Warrior' Frame.webp,
Anime/sparkstore/Jujutsu Kaisen 'Infernal Eyes' Frame.webp,Anime,Anime,sparkstore,Jujutsu Kaisen 'Infernal Eyes' Frame.webp,keep,no,copy,Anime\sparkstore\Jujutsu Kaisen 'Infernal Eyes' Frame.webp,
Anime/sparkstore/Jujutsu Kaisen 'Itador's Fiery Fury' Frame.webp,Anime,Anime,sparkstore,Jujutsu Kaisen 'Itador's Fiery Fury' Frame.webp,keep,no,copy,Anime\sparkstore\Jujutsu Kaisen 'Itador's Fiery Fury' Frame.webp,
Anime/sparkstore/Jujutsu Kaisen 'Sorcerers at the Crossroads' Frame.webp,Anime,Anime,sparkstore,Jujutsu Kaisen 'Sorcerers at the Crossroads' Frame.webp,keep,no,copy,Anime\sparkstore\Jujutsu Kaisen 'Sorcerers at the Crossroads' Frame.webp,
Anime/sparkstore/Jujutsu Kaisen 'The Duel' Frame.webp,Anime,Anime,sparkstore,Jujutsu Kaisen 'The Duel' Frame.webp,keep,no,copy,Anime\sparkstore\Jujutsu Kaisen 'The Duel' Frame.webp,
Anime/sparkstore/Jujutsu Kaisen 'The Power Within' Frame.webp,Anime,Anime,sparkstore,Jujutsu Kaisen 'The Power Within' Frame.webp,keep,no,copy,Anime\sparkstore\Jujutsu Kaisen 'The Power Within' Frame.webp,
Anime/sparkstore/Naruto 'Blaze of the Nine-Tails' Frame.webp,Anime,Anime,sparkstore,Naruto 'Blaze of the Nine-Tails' Frame.webp,dismiss,no,copy,dismissed\Anime\sparkstore\Naruto 'Blaze of the Nine-Tails' Frame.webp,
Anime/sparkstore/Naruto 'Bonds of Friendship' Frame.webp,Anime,Anime,sparkstore,Naruto 'Bonds of Friendship' Frame.webp,keep,no,copy,Anime\sparkstore\Naruto 'Bonds of Friendship' Frame.webp,
Anime/sparkstore/Naruto 'Chakra Blade' Frame.webp,Anime,Anime,sparkstore,Naruto 'Chakra Blade' Frame.webp,keep,no,copy,Anime\sparkstore\Naruto 'Chakra Blade' Frame.webp,
Anime/sparkstore/Naruto 'Konoha's Finest' Frame.webp,Anime,Anime,sparkstore,Naruto 'Konoha's Finest' Frame.webp,keep,no,copy,Anime\sparkstore\Naruto 'Konoha's Finest' Frame.webp,
"Anime/sparkstore/Naruto 'Konoha, a Bird's Eye View' Frame.webp",Anime,Anime,sparkstore,"Naruto 'Konoha, a Bird's Eye View' Frame.webp",keep,no,copy,"Anime\sparkstore\Naruto 'Konoha, a Bird's Eye View' Frame.webp",
Anime/sparkstore/Naruto 'Nine Tails Unleashed' Frame.webp,Anime,Anime,sparkstore,Naruto 'Nine Tails Unleashed' Frame.webp,keep,no,copy,Anime\sparkstore\Naruto 'Nine Tails Unleashed' Frame.webp,
Anime/sparkstore/Naruto 'Ninja Legacy' Frame.webp,Anime,Anime,sparkstore,Naruto 'Ninja Legacy' Frame.webp,keep,no,copy,Anime\sparkstore\Naruto 'Ninja Legacy' Frame.webp,
Anime/sparkstore/Naruto 'Shinobi Silhouette' Frame.webp,Anime,Anime,sparkstore,Naruto 'Shinobi Silhouette' Frame.webp,keep,no,copy,Anime\sparkstore\Naruto 'Shinobi Silhouette' Frame.webp,
Anime/sparkstore/Naruto 'Spirit of the Fox' Frame.webp,Anime,Anime,sparkstore,Naruto 'Spirit of the Fox' Frame.webp,dismiss,no,copy,dismissed\Anime\sparkstore\Naruto 'Spirit of the Fox' Frame.webp,
Anime/sparkstore/Naruto 'The Enigmatic Tobi' Frame.webp,Anime,Anime,sparkstore,Naruto 'The Enigmatic Tobi' Frame.webp,keep,no,copy,Anime\sparkstore\Naruto 'The Enigmatic Tobi' Frame.webp,
Anime/sparkstore/Naruto 'The Power of Itachi' Frame.webp,Anime,Anime,sparkstore,Naruto 'The Power of Itachi' Frame.webp,keep,no,copy,Anime\sparkstore\Naruto 'The Power of Itachi' Frame.webp,
Anime/sparkstore/Naruto 'The Uchiha Legacy' Frame.webp,Anime,Anime,sparkstore,Naruto 'The Uchiha Legacy' Frame.webp,keep,no,copy,Anime\sparkstore\Naruto 'The Uchiha Legacy' Frame.webp,
Anime/sparkstore/One Piece 'Adventure on The Horizon' Frame.webp,Anime,Anime,sparkstore,One Piece 'Adventure on The Horizon' Frame.webp,keep,no,copy,Anime\sparkstore\One Piece 'Adventure on The Horizon' Frame.webp,
Anime/sparkstore/One Piece 'Comrades of The Sea' Frame.webp,Anime,Anime,sparkstore,One Piece 'Comrades of The Sea' Frame.webp,keep,no,copy,Anime\sparkstore\One Piece 'Comrades of The Sea' Frame.webp,
Anime/sparkstore/One Piece 'Fiery Ace' Frame.webp,Anime,Anime,sparkstore,One Piece 'Fiery Ace' Frame.webp,keep,no,copy,Anime\sparkstore\One Piece 'Fiery Ace' Frame.webp,
Anime/sparkstore/One Piece 'Pirate's Gaze' Frame.webp,Anime,Anime,sparkstore,One Piece 'Pirate's Gaze' Frame.webp,keep,no,copy,Anime\sparkstore\One Piece 'Pirate's Gaze' Frame.webp,
Anime/sparkstore/One Piece 'Straw Hat Crew' Frame.webp,Anime,Anime,sparkstore,One Piece 'Straw Hat Crew' Frame.webp,keep,no,copy,Anime\sparkstore\One Piece 'Straw Hat Crew' Frame.webp,
Anime/sparkstore/One Piece 'Take Risks' Frame.webp,Anime,Anime,sparkstore,One Piece 'Take Risks' Frame.webp,keep,no,copy,Anime\sparkstore\One Piece 'Take Risks' Frame.webp,
Anime/sparkstore/One Piece 'The Will of D' Frame.webp,Anime,Anime,sparkstore,One Piece 'The Will of D' Frame.webp,dismiss,no,copy,dismissed\Anime\sparkstore\One Piece 'The Will of D' Frame.webp,
Anime/sparkstore/One Piece 'Zoro's Stand' Frame.webp,Anime,Anime,sparkstore,One Piece 'Zoro's Stand' Frame.webp,keep,no,copy,Anime\sparkstore\One Piece 'Zoro's Stand' Frame.webp,
Anime/sparkstore/Rick & Morty 'Cosmic Meditation' Frame.webp,Anime,Anime,sparkstore,Rick & Morty 'Cosmic Meditation' Frame.webp,keep,no,copy,Anime\sparkstore\Rick & Morty 'Cosmic Meditation' Frame.webp,
Anime/sparkstore/Rick & Morty 'Existence Is Pain' Frame.webp,Anime,Anime,sparkstore,Rick & Morty 'Existence Is Pain' Frame.webp,keep,no,copy,Anime\sparkstore\Rick & Morty 'Existence Is Pain' Frame.webp,
Anime/sparkstore/Rick & Morty 'Galactic Oddities' Frame.webp,Anime,Anime,sparkstore,Rick & Morty 'Galactic Oddities' Frame.webp,keep,no,copy,Anime\sparkstore\Rick & Morty 'Galactic Oddities' Frame.webp,
Anime/sparkstore/Rick & Morty 'Galactic Scenery' Frame.webp,Anime,Anime,sparkstore,Rick & Morty 'Galactic Scenery' Frame.webp,keep,no,copy,Anime\sparkstore\Rick & Morty 'Galactic Scenery' Frame.webp,
Anime/sparkstore/Rick & Morty 'The Enigmatic Duo' Frame.webp,Anime,Anime,sparkstore,Rick & Morty 'The Enigmatic Duo' Frame.webp,keep,no,copy,Anime\sparkstore\Rick & Morty 'The Enigmatic Duo' Frame.webp,
Arabic & Islamic/frameium/Billie Eilish.webp,Arabic & Islamic,Arabic & Islamic,frameium,Billie Eilish.webp,keep,no,copy,Arabic & Islamic\frameium\Billie Eilish.webp,
Arabic & Islamic/frameium/Drake.webp,Arabic & Islamic,Arabic & Islamic,frameium,Drake.webp,keep,no,copy,Arabic & Islamic\frameium\Drake.webp,
Arabic & Islamic/frameium/Dua lipa.webp,Arabic & Islamic,Arabic & Islamic,frameium,Dua lipa.webp,dismiss,no,copy,dismissed\Arabic & Islamic\frameium\Dua lipa.webp,
Arabic & Islamic/frameium/Eminem (2).webp,Arabic & Islamic,Arabic & Islamic,frameium,Eminem (2).webp,keep,no,copy,Arabic & Islamic\frameium\Eminem (2).webp,
Arabic & Islamic/frameium/Lana del rey.webp,Arabic & Islamic,Arabic & Islamic,frameium,Lana del rey.webp,keep,no,copy,Arabic & Islamic\frameium\Lana del rey.webp,
Arabic & Islamic/frameium/Selena gomez.webp,Arabic & Islamic,Arabic & Islamic,frameium,Selena gomez.webp,keep,no,copy,Arabic & Islamic\frameium\Selena gomez.webp,
Arabic & Islamic/frameium/Tupac.webp,Arabic & Islamic,Arabic & Islamic,frameium,Tupac.webp,keep,no,copy,Arabic & Islamic\frameium\Tupac.webp,
Arabic & Islamic/printiteg/Bismillah Islamic Frame.webp,Arabic & Islamic,Arabic & Islamic,printiteg,Bismillah Islamic Frame.webp,keep,no,copy,Arabic & Islamic\printiteg\Bismillah Islamic Frame.webp,
Arabic & Islamic/printiteg/Fa Inna Ma'Al Usri Yusra Islamic Frame.webp,Arabic & Islamic,Arabic & Islamic,printiteg,Fa Inna Ma'Al Usri Yusra Islamic Frame.webp,keep,no,copy,Arabic & Islamic\printiteg\Fa Inna Ma'Al Usri Yusra Islamic Frame.webp,
Arabic & Islamic/printiteg/Lamine Yamal Trust Allah Frame.webp,Arabic & Islamic,Arabic & Islamic,printiteg,Lamine Yamal Trust Allah Frame.webp,keep,no,copy,Arabic & Islamic\printiteg\Lamine Yamal Trust Allah Frame.webp,
Arabic & Islamic/printiteg/No Victory Except With Allah Islamic Frame.webp,Arabic & Islamic,Arabic & Islamic,printiteg,No Victory Except With Allah Islamic Frame.webp,keep,no,copy,Arabic & Islamic\printiteg\No Victory Except With Allah Islamic Frame.webp,
Arabic & Islamic/printiteg/Ramadan Kareem Frame.webp,Arabic & Islamic,Arabic & Islamic,printiteg,Ramadan Kareem Frame.webp,keep,no,copy,Arabic & Islamic\printiteg\Ramadan Kareem Frame.webp,
Arabic & Islamic/printiteg/William Saliba Always Allah Frame.webp,Arabic & Islamic,Arabic & Islamic,printiteg,William Saliba Always Allah Frame.webp,keep,no,copy,Arabic & Islamic\printiteg\William Saliba Always Allah Frame.webp,
Arabic & Islamic/sparkstore/Arabic Heritage 'Abundance Within' Frame.webp,Arabic & Islamic,Arabic & Islamic,sparkstore,Arabic Heritage 'Abundance Within' Frame.webp,keep,no,copy,Arabic & Islamic\sparkstore\Arabic Heritage 'Abundance Within' Frame.webp,
Arabic & Islamic/sparkstore/Arabic Heritage 'Alhamdulillah Elegance' Frame.webp,Arabic & Islamic,Arabic & Islamic,sparkstore,Arabic Heritage 'Alhamdulillah Elegance' Frame.webp,keep,no,copy,Arabic & Islamic\sparkstore\Arabic Heritage 'Alhamdulillah Elegance' Frame.webp,
Arabic & Islamic/sparkstore/Arabic Heritage 'Blessings in Other Paths' Frame.webp,Arabic & Islamic,Arabic & Islamic,sparkstore,Arabic Heritage 'Blessings in Other Paths' Frame.webp,keep,no,copy,Arabic & Islamic\sparkstore\Arabic Heritage 'Blessings in Other Paths' Frame.webp,
Arabic & Islamic/sparkstore/Arabic Heritage 'Celestial Covenant' Frame.webp,Arabic & Islamic,Arabic & Islamic,sparkstore,Arabic Heritage 'Celestial Covenant' Frame.webp,keep,no,copy,Arabic & Islamic\sparkstore\Arabic Heritage 'Celestial Covenant' Frame.webp,
Arabic & Islamic/sparkstore/Arabic Heritage 'Crescent Reverie' Frame.webp,Arabic & Islamic,Arabic & Islamic,sparkstore,Arabic Heritage 'Crescent Reverie' Frame.webp,keep,no,copy,Arabic & Islamic\sparkstore\Arabic Heritage 'Crescent Reverie' Frame.webp,
Arabic & Islamic/sparkstore/Arabic Heritage 'Crescent Serenity' Frame (2).webp,Arabic & Islamic,Arabic & Islamic,sparkstore,Arabic Heritage 'Crescent Serenity' Frame (2).webp,keep,no,copy,Arabic & Islamic\sparkstore\Arabic Heritage 'Crescent Serenity' Frame (2).webp,
Arabic & Islamic/sparkstore/Arabic Heritage 'Crescent Serenity' Frame.webp,Arabic & Islamic,Arabic & Islamic,sparkstore,Arabic Heritage 'Crescent Serenity' Frame.webp,keep,no,copy,Arabic & Islamic\sparkstore\Arabic Heritage 'Crescent Serenity' Frame.webp,
Arabic & Islamic/sparkstore/Arabic Heritage 'Crimson Equine' Frame.webp,Arabic & Islamic,Arabic & Islamic,sparkstore,Arabic Heritage 'Crimson Equine' Frame.webp,keep,no,copy,Arabic & Islamic\sparkstore\Arabic Heritage 'Crimson Equine' Frame.webp,
Arabic & Islamic/sparkstore/Arabic Heritage 'Crimson Haven' Frame.webp,Arabic & Islamic,Arabic & Islamic,sparkstore,Arabic Heritage 'Crimson Haven' Frame.webp,keep,no,copy,Arabic & Islamic\sparkstore\Arabic Heritage 'Crimson Haven' Frame.webp,
Arabic & Islamic/sparkstore/Arabic Heritage 'Crimson Majesty' Frame.webp,Arabic & Islamic,Arabic & Islamic,sparkstore,Arabic Heritage 'Crimson Majesty' Frame.webp,keep,no,copy,Arabic & Islamic\sparkstore\Arabic Heritage 'Crimson Majesty' Frame.webp,
Arabic & Islamic/sparkstore/Arabic Heritage 'Crimson Majlis' Frame (2).webp,Arabic & Islamic,Arabic & Islamic,sparkstore,Arabic Heritage 'Crimson Majlis' Frame (2).webp,keep,no,copy,Arabic & Islamic\sparkstore\Arabic Heritage 'Crimson Majlis' Frame (2).webp,
Arabic & Islamic/sparkstore/Arabic Heritage 'Crimson Majlis' Frame (3).webp,Arabic & Islamic,Arabic & Islamic,sparkstore,Arabic Heritage 'Crimson Majlis' Frame (3).webp,keep,no,copy,Arabic & Islamic\sparkstore\Arabic Heritage 'Crimson Majlis' Frame (3).webp,
Arabic & Islamic/sparkstore/Arabic Heritage 'Crimson Majlis' Frame.webp,Arabic & Islamic,Arabic & Islamic,sparkstore,Arabic Heritage 'Crimson Majlis' Frame.webp,keep,no,copy,Arabic & Islamic\sparkstore\Arabic Heritage 'Crimson Majlis' Frame.webp,
Arabic & Islamic/sparkstore/Arabic Heritage 'Crimson Medallion' Frame.webp,Arabic & Islamic,Arabic & Islamic,sparkstore,Arabic Heritage 'Crimson Medallion' Frame.webp,keep,no,copy,Arabic & Islamic\sparkstore\Arabic Heritage 'Crimson Medallion' Frame.webp,
Arabic & Islamic/sparkstore/Arabic Heritage 'Crimson Mystique' Frame.webp,Arabic & Islamic,Arabic & Islamic,sparkstore,Arabic Heritage 'Crimson Mystique' Frame.webp,keep,no,copy,Arabic & Islamic\sparkstore\Arabic Heritage 'Crimson Mystique' Frame.webp,
Arabic & Islamic/sparkstore/Arabic Heritage 'Crimson Script Reverie' Frame.webp,Arabic & Islamic,Arabic & Islamic,sparkstore,Arabic Heritage 'Crimson Script Reverie' Frame.webp,keep,no,copy,Arabic & Islamic\sparkstore\Arabic Heritage 'Crimson Script Reverie' Frame.webp,
Arabic & Islamic/sparkstore/Arabic Heritage 'Crimson Stallion' Frame.webp,Arabic & Islamic,Arabic & Islamic,sparkstore,Arabic Heritage 'Crimson Stallion' Frame.webp,keep,no,copy,Arabic & Islamic\sparkstore\Arabic Heritage 'Crimson Stallion' Frame.webp,
Arabic & Islamic/sparkstore/Arabic Heritage 'Crimson Tapestry' Frame.webp,Arabic & Islamic,Arabic & Islamic,sparkstore,Arabic Heritage 'Crimson Tapestry' Frame.webp,keep,no,copy,Arabic & Islamic\sparkstore\Arabic Heritage 'Crimson Tapestry' Frame.webp,
Arabic & Islamic/sparkstore/Arabic Heritage 'Crimson Tranquility' Frame.webp,Arabic & Islamic,Arabic & Islamic,sparkstore,Arabic Heritage 'Crimson Tranquility' Frame.webp,keep,no,copy,Arabic & Islamic\sparkstore\Arabic Heritage 'Crimson Tranquility' Frame.webp,
Arabic & Islamic/sparkstore/Arabic Heritage 'Desert Opulence' Frame (2).webp,Arabic & Islamic,Arabic & Islamic,sparkstore,Arabic Heritage 'Desert Opulence' Frame (2).webp,keep,no,copy,Arabic & Islamic\sparkstore\Arabic Heritage 'Desert Opulence' Frame (2).webp,
Arabic & Islamic/sparkstore/Arabic Heritage 'Desert Opulence' Frame.webp,Arabic & Islamic,Arabic & Islamic,sparkstore,Arabic Heritage 'Desert Opulence' Frame.webp,keep,no,copy,Arabic & Islamic\sparkstore\Arabic Heritage 'Desert Opulence' Frame.webp,
Arabic & Islamic/sparkstore/Arabic Heritage 'Divine Abode' Frame.webp,Arabic & Islamic,Arabic & Islamic,sparkstore,Arabic Heritage 'Divine Abode' Frame.webp,keep,no,copy,Arabic & Islamic\sparkstore\Arabic Heritage 'Divine Abode' Frame.webp,
Arabic & Islamic/sparkstore/Arabic Heritage 'Divine Arrival' Frame.webp,Arabic & Islamic,Arabic & Islamic,sparkstore,Arabic Heritage 'Divine Arrival' Frame.webp,keep,no,copy,Arabic & Islamic\sparkstore\Arabic Heritage 'Divine Arrival' Frame.webp,
Arabic & Islamic/sparkstore/Arabic Heritage 'Divine Command' Frame (2).webp,Arabic & Islamic,Arabic & Islamic,sparkstore,Arabic Heritage 'Divine Command' Frame (2).webp,keep,no,copy,Arabic & Islamic\sparkstore\Arabic Heritage 'Divine Command' Frame (2).webp,
Arabic & Islamic/sparkstore/Arabic Heritage 'Divine Command' Frame.webp,Arabic & Islamic,Arabic & Islamic,sparkstore,Arabic Heritage 'Divine Command' Frame.webp,keep,no,copy,Arabic & Islamic\sparkstore\Arabic Heritage 'Divine Command' Frame.webp,
Arabic & Islamic/sparkstore/Arabic Heritage 'Divine Invocation' Frame.webp,Arabic & Islamic,Arabic & Islamic,sparkstore,Arabic Heritage 'Divine Invocation' Frame.webp,keep,no,copy,Arabic & Islamic\sparkstore\Arabic Heritage 'Divine Invocation' Frame.webp,
Arabic & Islamic/sparkstore/Arabic Heritage 'Divine Refuge' Frame.webp,Arabic & Islamic,Arabic & Islamic,sparkstore,Arabic Heritage 'Divine Refuge' Frame.webp,keep,no,copy,Arabic & Islamic\sparkstore\Arabic Heritage 'Divine Refuge' Frame.webp,
Arabic & Islamic/sparkstore/Arabic Heritage 'Divine Serenity' Frame.webp,Arabic & Islamic,Arabic & Islamic,sparkstore,Arabic Heritage 'Divine Serenity' Frame.webp,keep,no,copy,Arabic & Islamic\sparkstore\Arabic Heritage 'Divine Serenity' Frame.webp,
Arabic & Islamic/sparkstore/Arabic Heritage 'Enduring Faithfulness' Frame.webp,Arabic & Islamic,Arabic & Islamic,sparkstore,Arabic Heritage 'Enduring Faithfulness' Frame.webp,keep,no,copy,Arabic & Islamic\sparkstore\Arabic Heritage 'Enduring Faithfulness' Frame.webp,
Arabic & Islamic/sparkstore/Arabic Heritage 'Equine Reverie' Frame.webp,Arabic & Islamic,Arabic & Islamic,sparkstore,Arabic Heritage 'Equine Reverie' Frame.webp,keep,no,copy,Arabic & Islamic\sparkstore\Arabic Heritage 'Equine Reverie' Frame.webp,
Arabic & Islamic/sparkstore/Arabic Heritage 'Golden Lattice Hall' Frame.webp,Arabic & Islamic,Arabic & Islamic,sparkstore,Arabic Heritage 'Golden Lattice Hall' Frame.webp,keep,no,copy,Arabic & Islamic\sparkstore\Arabic Heritage 'Golden Lattice Hall' Frame.webp,
Arabic & Islamic/sparkstore/Arabic Heritage 'Gratitude & Trust' Frame.webp,Arabic & Islamic,Arabic & Islamic,sparkstore,Arabic Heritage 'Gratitude & Trust' Frame.webp,keep,no,copy,Arabic & Islamic\sparkstore\Arabic Heritage 'Gratitude & Trust' Frame.webp,
Arabic & Islamic/sparkstore/Arabic Heritage 'Gratitude' Frame.webp,Arabic & Islamic,Arabic & Islamic,sparkstore,Arabic Heritage 'Gratitude' Frame.webp,keep,no,copy,Arabic & Islamic\sparkstore\Arabic Heritage 'Gratitude' Frame.webp,
Arabic & Islamic/sparkstore/Arabic Heritage 'Heartfelt Gratitude' Frame.webp,Arabic & Islamic,Arabic & Islamic,sparkstore,Arabic Heritage 'Heartfelt Gratitude' Frame.webp,keep,no,copy,Arabic & Islamic\sparkstore\Arabic Heritage 'Heartfelt Gratitude' Frame.webp,
Arabic & Islamic/sparkstore/Arabic Heritage 'Heavenly Embrace' Frame.webp,Arabic & Islamic,Arabic & Islamic,sparkstore,Arabic Heritage 'Heavenly Embrace' Frame.webp,keep,no,copy,Arabic & Islamic\sparkstore\Arabic Heritage 'Heavenly Embrace' Frame.webp,
Arabic & Islamic/sparkstore/Arabic Heritage 'Regal Companions' Frame.webp,Arabic & Islamic,Arabic & Islamic,sparkstore,Arabic Heritage 'Regal Companions' Frame.webp,keep,no,copy,Arabic & Islamic\sparkstore\Arabic Heritage 'Regal Companions' Frame.webp,
Arabic & Islamic/sparkstore/Arabic Heritage 'Sacred Script' Frame.webp,Arabic & Islamic,Arabic & Islamic,sparkstore,Arabic Heritage 'Sacred Script' Frame.webp,keep,no,copy,Arabic & Islamic\sparkstore\Arabic Heritage 'Sacred Script' Frame.webp,
Arabic & Islamic/sparkstore/Arabic Heritage 'Sacred Stillness' Frame.webp,Arabic & Islamic,Arabic & Islamic,sparkstore,Arabic Heritage 'Sacred Stillness' Frame.webp,keep,no,copy,Arabic & Islamic\sparkstore\Arabic Heritage 'Sacred Stillness' Frame.webp,
Arabic & Islamic/sparkstore/Arabic Heritage 'Sacred Threads' Frame.webp,Arabic & Islamic,Arabic & Islamic,sparkstore,Arabic Heritage 'Sacred Threads' Frame.webp,keep,no,copy,Arabic & Islamic\sparkstore\Arabic Heritage 'Sacred Threads' Frame.webp,
Arabic & Islamic/sparkstore/Arabic Heritage 'Sacred Trust' Frame.webp,Arabic & Islamic,Arabic & Islamic,sparkstore,Arabic Heritage 'Sacred Trust' Frame.webp,keep,no,copy,Arabic & Islamic\sparkstore\Arabic Heritage 'Sacred Trust' Frame.webp,
Arabic & Islamic/sparkstore/Arabic Heritage 'Timeless Elegance' Frame.webp,Arabic & Islamic,Arabic & Islamic,sparkstore,Arabic Heritage 'Timeless Elegance' Frame.webp,keep,no,copy,Arabic & Islamic\sparkstore\Arabic Heritage 'Timeless Elegance' Frame.webp,
Arabic & Islamic/sparkstore/Arabic Heritage 'Trust in Tawakkul' Frame.webp,Arabic & Islamic,Arabic & Islamic,sparkstore,Arabic Heritage 'Trust in Tawakkul' Frame.webp,keep,no,copy,Arabic & Islamic\sparkstore\Arabic Heritage 'Trust in Tawakkul' Frame.webp,
Arabic & Islamic/sparkstore/Arabic Heritage Midnight Embrace Frame.webp,Arabic & Islamic,Arabic & Islamic,sparkstore,Arabic Heritage Midnight Embrace Frame.webp,keep,no,copy,Arabic & Islamic\sparkstore\Arabic Heritage Midnight Embrace Frame.webp,
Art & Abstract/frameium/8 Ball Stussy.webp,Art & Abstract,Art & Abstract,frameium,8 Ball Stussy.webp,keep,no,copy,Art & Abstract\frameium\8 Ball Stussy.webp,
Art & Abstract/frameium/Art-00.webp,Art & Abstract,Art & Abstract,frameium,Art-00.webp,keep,no,copy,Art & Abstract\frameium\Art-00.webp,
Art & Abstract/frameium/Art-4.webp,Art & Abstract,Art & Abstract,frameium,Art-4.webp,keep,no,copy,Art & Abstract\frameium\Art-4.webp,
Art & Abstract/frameium/Art-9.webp,Art & Abstract,Art & Abstract,frameium,Art-9.webp,keep,no,copy,Art & Abstract\frameium\Art-9.webp,
Art & Abstract/frameium/Art-10.webp,Art & Abstract,Art & Abstract,frameium,Art-10.webp,keep,no,copy,Art & Abstract\frameium\Art-10.webp,
Art & Abstract/frameium/Art-11.webp,Art & Abstract,Art & Abstract,frameium,Art-11.webp,keep,no,copy,Art & Abstract\frameium\Art-11.webp,
Art & Abstract/frameium/Art-16.webp,Art & Abstract,Art & Abstract,frameium,Art-16.webp,keep,no,copy,Art & Abstract\frameium\Art-16.webp,
Art & Abstract/frameium/Art-17.webp,Art & Abstract,Art & Abstract,frameium,Art-17.webp,keep,no,copy,Art & Abstract\frameium\Art-17.webp,
Art & Abstract/frameium/Art-18.webp,Art & Abstract,Art & Abstract,frameium,Art-18.webp,keep,no,copy,Art & Abstract\frameium\Art-18.webp,
Art & Abstract/frameium/Art-19.webp,Art & Abstract,Art & Abstract,frameium,Art-19.webp,keep,no,copy,Art & Abstract\frameium\Art-19.webp,
Art & Abstract/frameium/Art-20.webp,Art & Abstract,Art & Abstract,frameium,Art-20.webp,keep,no,copy,Art & Abstract\frameium\Art-20.webp,
Art & Abstract/frameium/Art-21.webp,Art & Abstract,Art & Abstract,frameium,Art-21.webp,keep,no,copy,Art & Abstract\frameium\Art-21.webp,
Art & Abstract/frameium/Art-23.webp,Art & Abstract,Art & Abstract,frameium,Art-23.webp,keep,no,copy,Art & Abstract\frameium\Art-23.webp,
Art & Abstract/frameium/Art-24.webp,Art & Abstract,Art & Abstract,frameium,Art-24.webp,keep,no,copy,Art & Abstract\frameium\Art-24.webp,
Art & Abstract/frameium/Art-25.webp,Art & Abstract,Art & Abstract,frameium,Art-25.webp,keep,no,copy,Art & Abstract\frameium\Art-25.webp,
Art & Abstract/frameium/Art-26.webp,Art & Abstract,Art & Abstract,frameium,Art-26.webp,keep,no,copy,Art & Abstract\frameium\Art-26.webp,
Art & Abstract/frameium/Art-27.webp,Art & Abstract,Art & Abstract,frameium,Art-27.webp,keep,no,copy,Art & Abstract\frameium\Art-27.webp,
Art & Abstract/frameium/Art-28.webp,Art & Abstract,Art & Abstract,frameium,Art-28.webp,keep,no,copy,Art & Abstract\frameium\Art-28.webp,
Art & Abstract/frameium/Art-29.webp,Art & Abstract,Art & Abstract,frameium,Art-29.webp,keep,no,copy,Art & Abstract\frameium\Art-29.webp,
Art & Abstract/frameium/Art-30.webp,Art & Abstract,Art & Abstract,frameium,Art-30.webp,keep,no,copy,Art & Abstract\frameium\Art-30.webp,
Art & Abstract/frameium/Art-31.webp,Art & Abstract,Art & Abstract,frameium,Art-31.webp,keep,no,copy,Art & Abstract\frameium\Art-31.webp,
Art & Abstract/frameium/Art-32.webp,Art & Abstract,Art & Abstract,frameium,Art-32.webp,keep,no,copy,Art & Abstract\frameium\Art-32.webp,
Art & Abstract/frameium/Blue Wave Vinyl Record.webp,Art & Abstract,Art & Abstract,frameium,Blue Wave Vinyl Record.webp,keep,no,copy,Art & Abstract\frameium\Blue Wave Vinyl Record.webp,
Art & Abstract/frameium/Japanese Black Cat.webp,Art & Abstract,Art & Abstract,frameium,Japanese Black Cat.webp,dismiss,no,copy,dismissed\Art & Abstract\frameium\Japanese Black Cat.webp,
Art & Abstract/frameium/Japanese Cat Samurai.webp,Art & Abstract,Art & Abstract,frameium,Japanese Cat Samurai.webp,keep,no,copy,Art & Abstract\frameium\Japanese Cat Samurai.webp,
Art & Abstract/frameium/Japanese Dragon Coffee.webp,Art & Abstract,Art & Abstract,frameium,Japanese Dragon Coffee.webp,dismiss,no,copy,dismissed\Art & Abstract\frameium\Japanese Dragon Coffee.webp,
Art & Abstract/frameium/Japanese Koi Fish Wall Art.webp,Art & Abstract,Art & Abstract,frameium,Japanese Koi Fish Wall Art.webp,keep,no,copy,Art & Abstract\frameium\Japanese Koi Fish Wall Art.webp,
Art & Abstract/frameium/Japanese Ninja (3).webp,Art & Abstract,Art & Abstract,frameium,Japanese Ninja (3).webp,keep,no,copy,Art & Abstract\frameium\Japanese Ninja (3).webp,
Art & Abstract/frameium/Japanese Ninja.webp,Art & Abstract,Art & Abstract,frameium,Japanese Ninja.webp,keep,no,copy,Art & Abstract\frameium\Japanese Ninja.webp,
Art & Abstract/frameium/Japanese Ramen & Wave.webp,Art & Abstract,Art & Abstract,frameium,Japanese Ramen & Wave.webp,dismiss,no,copy,dismissed\Art & Abstract\frameium\Japanese Ramen & Wave.webp,
Art & Abstract/frameium/Japanese Ramen Retro.webp,Art & Abstract,Art & Abstract,frameium,Japanese Ramen Retro.webp,keep,no,copy,Art & Abstract\frameium\Japanese Ramen Retro.webp,
Art & Abstract/frameium/Japanese Retro Art (3).webp,Art & Abstract,Art & Abstract,frameium,Japanese Retro Art (3).webp,keep,no,copy,Art & Abstract\frameium\Japanese Retro Art (3).webp,
Art & Abstract/frameium/Japanese Retro Art (4).webp,Art & Abstract,Art & Abstract,frameium,Japanese Retro Art (4).webp,keep,no,copy,Art & Abstract\frameium\Japanese Retro Art (4).webp,
Art & Abstract/frameium/Japanese Retro Art (5).webp,Art & Abstract,Art & Abstract,frameium,Japanese Retro Art (5).webp,dismiss,no,copy,dismissed\Art & Abstract\frameium\Japanese Retro Art (5).webp,
Art & Abstract/frameium/Japanese Retro Art.webp,Art & Abstract,Art & Abstract,frameium,Japanese Retro Art.webp,dismiss,no,copy,dismissed\Art & Abstract\frameium\Japanese Retro Art.webp,
Art & Abstract/frameium/Japanese Sushi Cat.webp,Art & Abstract,Art & Abstract,frameium,Japanese Sushi Cat.webp,dismiss,no,copy,dismissed\Art & Abstract\frameium\Japanese Sushi Cat.webp,
Art & Abstract/frameium/KAWS DISCIPLINE.webp,Art & Abstract,Art & Abstract,frameium,KAWS DISCIPLINE.webp,keep,no,copy,Art & Abstract\frameium\KAWS DISCIPLINE.webp,
Art & Abstract/frameium/Kaws Pink.webp,Art & Abstract,Art & Abstract,frameium,Kaws Pink.webp,keep,no,copy,Art & Abstract\frameium\Kaws Pink.webp,
Art & Abstract/frameium/Kaws Pop Art.webp,Art & Abstract,Art & Abstract,frameium,Kaws Pop Art.webp,keep,no,copy,Art & Abstract\frameium\Kaws Pop Art.webp,
Art & Abstract/frameium/Minimalist Asakusa Japan.webp,Art & Abstract,Art & Abstract,frameium,Minimalist Asakusa Japan.webp,dismiss,no,copy,dismissed\Art & Abstract\frameium\Minimalist Asakusa Japan.webp,
Art & Abstract/frameium/Modern sushi.webp,Art & Abstract,Art & Abstract,frameium,Modern sushi.webp,keep,no,copy,Art & Abstract\frameium\Modern sushi.webp,
Art & Abstract/frameium/Mount Fuji.webp,Art & Abstract,Art & Abstract,frameium,Mount Fuji.webp,dismiss,no,copy,dismissed\Art & Abstract\frameium\Mount Fuji.webp,
Art & Abstract/frameium/Nike Blur Candy.webp,Art & Abstract,Art & Abstract,frameium,Nike Blur Candy.webp,keep,no,copy,Art & Abstract\frameium\Nike Blur Candy.webp,
Art & Abstract/frameium/Nike Blur Shower.webp,Art & Abstract,Art & Abstract,frameium,Nike Blur Shower.webp,keep,no,copy,Art & Abstract\frameium\Nike Blur Shower.webp,
Art & Abstract/frameium/Nike Vintage 1964 Blue.webp,Art & Abstract,Art & Abstract,frameium,Nike Vintage 1964 Blue.webp,keep,no,copy,Art & Abstract\frameium\Nike Vintage 1964 Blue.webp,
Art & Abstract/frameium/Nike x Stussy.webp,Art & Abstract,Art & Abstract,frameium,Nike x Stussy.webp,keep,no,copy,Art & Abstract\frameium\Nike x Stussy.webp,
Art & Abstract/frameium/Okinawa.webp,Art & Abstract,Art & Abstract,frameium,Okinawa.webp,dismiss,no,copy,dismissed\Art & Abstract\frameium\Okinawa.webp,
Art & Abstract/frameium/Osaka Citrus.webp,Art & Abstract,Art & Abstract,frameium,Osaka Citrus.webp,keep,no,copy,Art & Abstract\frameium\Osaka Citrus.webp,
Art & Abstract/frameium/Premium Art Print Wall Decor.webp,Art & Abstract,Art & Abstract,frameium,Premium Art Print Wall Decor.webp,dismiss,no,copy,dismissed\Art & Abstract\frameium\Premium Art Print Wall Decor.webp,
Art & Abstract/frameium/Ramen Cat.webp,Art & Abstract,Art & Abstract,frameium,Ramen Cat.webp,dismiss,no,copy,dismissed\Art & Abstract\frameium\Ramen Cat.webp,
Art & Abstract/frameium/Retro Ramen.webp,Art & Abstract,Art & Abstract,frameium,Retro Ramen.webp,dismiss,no,copy,dismissed\Art & Abstract\frameium\Retro Ramen.webp,
Art & Abstract/frameium/Retro Sake.webp,Art & Abstract,Art & Abstract,frameium,Retro Sake.webp,dismiss,no,copy,dismissed\Art & Abstract\frameium\Retro Sake.webp,
Art & Abstract/frameium/She-1.webp,Art & Abstract,Art & Abstract,frameium,She-1.webp,keep,no,copy,Art & Abstract\frameium\She-1.webp,
Art & Abstract/frameium/She-6.webp,Art & Abstract,Art & Abstract,frameium,She-6.webp,keep,no,copy,Art & Abstract\frameium\She-6.webp,
Art & Abstract/frameium/She-17.webp,Art & Abstract,Art & Abstract,frameium,She-17.webp,keep,no,copy,Art & Abstract\frameium\She-17.webp,
Art & Abstract/frameium/She-24.webp,Art & Abstract,Art & Abstract,frameium,She-24.webp,keep,no,copy,Art & Abstract\frameium\She-24.webp,
Art & Abstract/frameium/She-25.webp,Art & Abstract,Art & Abstract,frameium,She-25.webp,keep,no,copy,Art & Abstract\frameium\She-25.webp,
Art & Abstract/frameium/She-26.webp,Art & Abstract,Art & Abstract,frameium,She-26.webp,keep,no,copy,Art & Abstract\frameium\She-26.webp,
Art & Abstract/frameium/She-27.webp,Art & Abstract,Art & Abstract,frameium,She-27.webp,keep,no,copy,Art & Abstract\frameium\She-27.webp,
Art & Abstract/frameium/She-28.webp,Art & Abstract,Art & Abstract,frameium,She-28.webp,keep,no,copy,Art & Abstract\frameium\She-28.webp,
Art & Abstract/frameium/She-29.webp,Art & Abstract,Art & Abstract,frameium,She-29.webp,keep,no,copy,Art & Abstract\frameium\She-29.webp,
Art & Abstract/frameium/She-30.webp,Art & Abstract,Art & Abstract,frameium,She-30.webp,keep,no,copy,Art & Abstract\frameium\She-30.webp,
Art & Abstract/frameium/She-31.webp,Art & Abstract,Art & Abstract,frameium,She-31.webp,keep,no,copy,Art & Abstract\frameium\She-31.webp,
Art & Abstract/frameium/She-32.webp,Art & Abstract,Art & Abstract,frameium,She-32.webp,keep,no,copy,Art & Abstract\frameium\She-32.webp,
Art & Abstract/frameium/Stussy Dices.webp,Art & Abstract,Art & Abstract,frameium,Stussy Dices.webp,keep,no,copy,Art & Abstract\frameium\Stussy Dices.webp,
Art & Abstract/frameium/Stussy Sea.webp,Art & Abstract,Art & Abstract,frameium,Stussy Sea.webp,keep,no,copy,Art & Abstract\frameium\Stussy Sea.webp,
Art & Abstract/frameium/Stussy Surf Vintage.webp,Art & Abstract,Art & Abstract,frameium,Stussy Surf Vintage.webp,keep,no,copy,Art & Abstract\frameium\Stussy Surf Vintage.webp,
Art & Abstract/frameium/Sumi-e Samurai Red Sun.webp,Art & Abstract,Art & Abstract,frameium,Sumi-e Samurai Red Sun.webp,dismiss,no,copy,dismissed\Art & Abstract\frameium\Sumi-e Samurai Red Sun.webp,
Art & Abstract/frameium/The Famous Wave.webp,Art & Abstract,Art & Abstract,frameium,The Famous Wave.webp,dismiss,no,copy,dismissed\Art & Abstract\frameium\The Famous Wave.webp,
Art & Abstract/frameium/Tokyo Japan Street.webp,Art & Abstract,Art & Abstract,frameium,Tokyo Japan Street.webp,dismiss,no,copy,dismissed\Art & Abstract\frameium\Tokyo Japan Street.webp,
Art & Abstract/frameium/Tokyo revengers × Naruto..webp,Art & Abstract,Art & Abstract,frameium,Tokyo revengers × Naruto..webp,dismiss,no,copy,dismissed\Art & Abstract\frameium\Tokyo revengers × Naruto..webp,
Art & Abstract/frameium/Vintage Cat Eating Ramen.webp,Art & Abstract,Art & Abstract,frameium,Vintage Cat Eating Ramen.webp,dismiss,no,copy,dismissed\Art & Abstract\frameium\Vintage Cat Eating Ramen.webp,
Art & Abstract/frameium/Vintage Japanese Wave.webp,Art & Abstract,Art & Abstract,frameium,Vintage Japanese Wave.webp,keep,no,copy,Art & Abstract\frameium\Vintage Japanese Wave.webp,
Art & Abstract/frameium/Wave Art Japanese.webp,Art & Abstract,Art & Abstract,frameium,Wave Art Japanese.webp,dismiss,no,copy,dismissed\Art & Abstract\frameium\Wave Art Japanese.webp,
Art & Abstract/frameium/Youba.webp,Art & Abstract,Art & Abstract,frameium,Youba.webp,dismiss,no,copy,dismissed\Art & Abstract\frameium\Youba.webp,
Art & Abstract/frameium/ZX-7R.webp,Art & Abstract,Art & Abstract,frameium,ZX-7R.webp,keep,no,copy,Art & Abstract\frameium\ZX-7R.webp,
Art & Abstract/loudborders/Aurora Drift.webp,Art & Abstract,Art & Abstract,loudborders,Aurora Drift.webp,keep,no,copy,Art & Abstract\loudborders\Aurora Drift.webp,
Art & Abstract/loudborders/Beach Route.webp,Art & Abstract,Art & Abstract,loudborders,Beach Route.webp,keep,no,copy,Art & Abstract\loudborders\Beach Route.webp,
Art & Abstract/loudborders/Better Than Ever.webp,Art & Abstract,Art & Abstract,loudborders,Better Than Ever.webp,keep,no,copy,Art & Abstract\loudborders\Better Than Ever.webp,
Art & Abstract/loudborders/Bone Appétit.webp,Art & Abstract,Art & Abstract,loudborders,Bone Appétit.webp,keep,no,copy,Art & Abstract\loudborders\Bone Appétit.webp,
Art & Abstract/loudborders/Brewaura.webp,Art & Abstract,Art & Abstract,loudborders,Brewaura.webp,keep,no,copy,Art & Abstract\loudborders\Brewaura.webp,
Art & Abstract/loudborders/Burger Boss.webp,Art & Abstract,Art & Abstract,loudborders,Burger Boss.webp,keep,no,copy,Art & Abstract\loudborders\Burger Boss.webp,
Art & Abstract/loudborders/Cactusbloom.webp,Art & Abstract,Art & Abstract,loudborders,Cactusbloom.webp,keep,no,copy,Art & Abstract\loudborders\Cactusbloom.webp,
Art & Abstract/loudborders/Caffeine Vibes.webp,Art & Abstract,Art & Abstract,loudborders,Caffeine Vibes.webp,keep,no,copy,Art & Abstract\loudborders\Caffeine Vibes.webp,
Art & Abstract/loudborders/Cairo Nights & Coffeehouse Tales.webp,Art & Abstract,Art & Abstract,loudborders,Cairo Nights & Coffeehouse Tales.webp,keep,no,copy,Art & Abstract\loudborders\Cairo Nights & Coffeehouse Tales.webp,
Art & Abstract/loudborders/Cairo.exe.webp,Art & Abstract,Art & Abstract,loudborders,Cairo.exe.webp,keep,no,copy,Art & Abstract\loudborders\Cairo.exe.webp,
Art & Abstract/loudborders/Cash Nap.webp,Art & Abstract,Art & Abstract,loudborders,Cash Nap.webp,keep,no,copy,Art & Abstract\loudborders\Cash Nap.webp,
Art & Abstract/loudborders/Cash Obsession.webp,Art & Abstract,Art & Abstract,loudborders,Cash Obsession.webp,keep,no,copy,Art & Abstract\loudborders\Cash Obsession.webp,
Art & Abstract/loudborders/Catitude On.webp,Art & Abstract,Art & Abstract,loudborders,Catitude On.webp,keep,no,copy,Art & Abstract\loudborders\Catitude On.webp,
Art & Abstract/loudborders/Catstract.webp,Art & Abstract,Art & Abstract,loudborders,Catstract.webp,keep,no,copy,Art & Abstract\loudborders\Catstract.webp,
Art & Abstract/loudborders/Citrus Teatime.webp,Art & Abstract,Art & Abstract,loudborders,Citrus Teatime.webp,keep,no,copy,Art & Abstract\loudborders\Citrus Teatime.webp,
Art & Abstract/loudborders/Colored Steps.webp,Art & Abstract,Art & Abstract,loudborders,Colored Steps.webp,keep,no,copy,Art & Abstract\loudborders\Colored Steps.webp,
Art & Abstract/loudborders/Cracks in the Chorus.webp,Art & Abstract,Art & Abstract,loudborders,Cracks in the Chorus.webp,keep,no,copy,Art & Abstract\loudborders\Cracks in the Chorus.webp,
Art & Abstract/loudborders/Creative Meltdown.webp,Art & Abstract,Art & Abstract,loudborders,Creative Meltdown.webp,keep,no,copy,Art & Abstract\loudborders\Creative Meltdown.webp,
Art & Abstract/loudborders/Crypto Bob.webp,Art & Abstract,Art & Abstract,loudborders,Crypto Bob.webp,keep,no,copy,Art & Abstract\loudborders\Crypto Bob.webp,
Art & Abstract/loudborders/Cup Chaos.webp,Art & Abstract,Art & Abstract,loudborders,Cup Chaos.webp,keep,no,copy,Art & Abstract\loudborders\Cup Chaos.webp,
Art & Abstract/loudborders/Cute But Busy.webp,Art & Abstract,Art & Abstract,loudborders,Cute But Busy.webp,keep,no,copy,Art & Abstract\loudborders\Cute But Busy.webp,
Art & Abstract/loudborders/Cute Vandal.webp,Art & Abstract,Art & Abstract,loudborders,Cute Vandal.webp,keep,no,copy,Art & Abstract\loudborders\Cute Vandal.webp,
Art & Abstract/loudborders/Cybernetic Insight.webp,Art & Abstract,Art & Abstract,loudborders,Cybernetic Insight.webp,keep,no,copy,Art & Abstract\loudborders\Cybernetic Insight.webp,
Art & Abstract/loudborders/Disco Stride.webp,Art & Abstract,Art & Abstract,loudborders,Disco Stride.webp,keep,no,copy,Art & Abstract\loudborders\Disco Stride.webp,
Art & Abstract/loudborders/Divine Cat.webp,Art & Abstract,Art & Abstract,loudborders,Divine Cat.webp,keep,no,copy,Art & Abstract\loudborders\Divine Cat.webp,
Art & Abstract/loudborders/Dustveil.webp,Art & Abstract,Art & Abstract,loudborders,Dustveil.webp,keep,no,copy,Art & Abstract\loudborders\Dustveil.webp,
Art & Abstract/loudborders/Ecliptica.webp,Art & Abstract,Art & Abstract,loudborders,Ecliptica.webp,keep,no,copy,Art & Abstract\loudborders\Ecliptica.webp,
Art & Abstract/loudborders/Electric Nostalgia.webp,Art & Abstract,Art & Abstract,loudborders,Electric Nostalgia.webp,keep,no,copy,Art & Abstract\loudborders\Electric Nostalgia.webp,
Art & Abstract/loudborders/Eruption of Chaos.webp,Art & Abstract,Art & Abstract,loudborders,Eruption of Chaos.webp,keep,no,copy,Art & Abstract\loudborders\Eruption of Chaos.webp,
Art & Abstract/loudborders/Executive Edge.webp,Art & Abstract,Art & Abstract,loudborders,Executive Edge.webp,keep,no,copy,Art & Abstract\loudborders\Executive Edge.webp,
Art & Abstract/loudborders/Feather Trace.webp,Art & Abstract,Art & Abstract,loudborders,Feather Trace.webp,keep,no,copy,Art & Abstract\loudborders\Feather Trace.webp,
Art & Abstract/loudborders/Fluorescent Zen.webp,Art & Abstract,Art & Abstract,loudborders,Fluorescent Zen.webp,keep,no,copy,Art & Abstract\loudborders\Fluorescent Zen.webp,
Art & Abstract/loudborders/Fractured Reality.webp,Art & Abstract,Art & Abstract,loudborders,Fractured Reality.webp,keep,no,copy,Art & Abstract\loudborders\Fractured Reality.webp,
Art & Abstract/loudborders/Frostflare.webp,Art & Abstract,Art & Abstract,loudborders,Frostflare.webp,keep,no,copy,Art & Abstract\loudborders\Frostflare.webp,
Art & Abstract/loudborders/Fruit Pop.webp,Art & Abstract,Art & Abstract,loudborders,Fruit Pop.webp,keep,no,copy,Art & Abstract\loudborders\Fruit Pop.webp,
Art & Abstract/loudborders/Funk Whiskers.webp,Art & Abstract,Art & Abstract,loudborders,Funk Whiskers.webp,keep,no,copy,Art & Abstract\loudborders\Funk Whiskers.webp,
Art & Abstract/loudborders/Fur Love.webp,Art & Abstract,Art & Abstract,loudborders,Fur Love.webp,keep,no,copy,Art & Abstract\loudborders\Fur Love.webp,
Art & Abstract/loudborders/Glassmuse.webp,Art & Abstract,Art & Abstract,loudborders,Glassmuse.webp,keep,no,copy,Art & Abstract\loudborders\Glassmuse.webp,
Art & Abstract/loudborders/Globe Queen.webp,Art & Abstract,Art & Abstract,loudborders,Globe Queen.webp,keep,no,copy,Art & Abstract\loudborders\Globe Queen.webp,
Art & Abstract/loudborders/Glow Whiskers.webp,Art & Abstract,Art & Abstract,loudborders,Glow Whiskers.webp,keep,no,copy,Art & Abstract\loudborders\Glow Whiskers.webp,
Art & Abstract/loudborders/Golden Passage.webp,Art & Abstract,Art & Abstract,loudborders,Golden Passage.webp,keep,no,copy,Art & Abstract\loudborders\Golden Passage.webp,
Art & Abstract/loudborders/Grind Street.webp,Art & Abstract,Art & Abstract,loudborders,Grind Street.webp,keep,no,copy,Art & Abstract\loudborders\Grind Street.webp,
Art & Abstract/loudborders/Guestcheck.webp,Art & Abstract,Art & Abstract,loudborders,Guestcheck.webp,keep,no,copy,Art & Abstract\loudborders\Guestcheck.webp,
Art & Abstract/loudborders/Industrial Fire.webp,Art & Abstract,Art & Abstract,loudborders,Industrial Fire.webp,keep,no,copy,Art & Abstract\loudborders\Industrial Fire.webp,
Art & Abstract/loudborders/Island Eruption.webp,Art & Abstract,Art & Abstract,loudborders,Island Eruption.webp,keep,no,copy,Art & Abstract\loudborders\Island Eruption.webp,
Art & Abstract/loudborders/Jet Trails.webp,Art & Abstract,Art & Abstract,loudborders,Jet Trails.webp,keep,no,copy,Art & Abstract\loudborders\Jet Trails.webp,
Art & Abstract/loudborders/Journey Girl.webp,Art & Abstract,Art & Abstract,loudborders,Journey Girl.webp,keep,no,copy,Art & Abstract\loudborders\Journey Girl.webp,
Art & Abstract/loudborders/Kickin' Beats.webp,Art & Abstract,Art & Abstract,loudborders,Kickin' Beats.webp,keep,no,copy,Art & Abstract\loudborders\Kickin' Beats.webp,
Art & Abstract/loudborders/Kicks & Echoes.webp,Art & Abstract,Art & Abstract,loudborders,Kicks & Echoes.webp,keep,no,copy,Art & Abstract\loudborders\Kicks & Echoes.webp,
Art & Abstract/loudborders/Kitty Bold.webp,Art & Abstract,Art & Abstract,loudborders,Kitty Bold.webp,keep,no,copy,Art & Abstract\loudborders\Kitty Bold.webp,
Art & Abstract/loudborders/Kitty Chaos.webp,Art & Abstract,Art & Abstract,loudborders,Kitty Chaos.webp,keep,no,copy,Art & Abstract\loudborders\Kitty Chaos.webp,
Art & Abstract/loudborders/Leaf-Scape.webp,Art & Abstract,Art & Abstract,loudborders,Leaf-Scape.webp,keep,no,copy,Art & Abstract\loudborders\Leaf-Scape.webp,
Art & Abstract/loudborders/Lolly Dreams.webp,Art & Abstract,Art & Abstract,loudborders,Lolly Dreams.webp,keep,no,copy,Art & Abstract\loudborders\Lolly Dreams.webp,
Art & Abstract/loudborders/Machina Tempus.webp,Art & Abstract,Art & Abstract,loudborders,Machina Tempus.webp,keep,no,copy,Art & Abstract\loudborders\Machina Tempus.webp,
Art & Abstract/loudborders/Mechanical Metropolis.webp,Art & Abstract,Art & Abstract,loudborders,Mechanical Metropolis.webp,keep,no,copy,Art & Abstract\loudborders\Mechanical Metropolis.webp,
Art & Abstract/loudborders/Meh Day.webp,Art & Abstract,Art & Abstract,loudborders,Meh Day.webp,keep,no,copy,Art & Abstract\loudborders\Meh Day.webp,
Art & Abstract/loudborders/Mi Amor.webp,Art & Abstract,Art & Abstract,loudborders,Mi Amor.webp,keep,no,copy,Art & Abstract\loudborders\Mi Amor.webp,
Art & Abstract/loudborders/Mixtape.webp,Art & Abstract,Art & Abstract,loudborders,Mixtape.webp,keep,no,copy,Art & Abstract\loudborders\Mixtape.webp,
Art & Abstract/loudborders/Modern Skyline.webp,Art & Abstract,Art & Abstract,loudborders,Modern Skyline.webp,keep,no,copy,Art & Abstract\loudborders\Modern Skyline.webp,
Art & Abstract/loudborders/Moonarch.webp,Art & Abstract,Art & Abstract,loudborders,Moonarch.webp,keep,no,copy,Art & Abstract\loudborders\Moonarch.webp,
Art & Abstract/loudborders/Muted in Magenta.webp,Art & Abstract,Art & Abstract,loudborders,Muted in Magenta.webp,keep,no,copy,Art & Abstract\loudborders\Muted in Magenta.webp,
Art & Abstract/loudborders/Mystic Marketplace.webp,Art & Abstract,Art & Abstract,loudborders,Mystic Marketplace.webp,keep,no,copy,Art & Abstract\loudborders\Mystic Marketplace.webp,
Art & Abstract/loudborders/Navisphere.webp,Art & Abstract,Art & Abstract,loudborders,Navisphere.webp,keep,no,copy,Art & Abstract\loudborders\Navisphere.webp,
Art & Abstract/loudborders/Nerdy Bunny.webp,Art & Abstract,Art & Abstract,loudborders,Nerdy Bunny.webp,keep,no,copy,Art & Abstract\loudborders\Nerdy Bunny.webp,
Art & Abstract/loudborders/Painted Escape.webp,Art & Abstract,Art & Abstract,loudborders,Painted Escape.webp,keep,no,copy,Art & Abstract\loudborders\Painted Escape.webp,
Art & Abstract/loudborders/Phantom Sonata.webp,Art & Abstract,Art & Abstract,loudborders,Phantom Sonata.webp,keep,no,copy,Art & Abstract\loudborders\Phantom Sonata.webp,
Art & Abstract/loudborders/Pharaoh Legacy.webp,Art & Abstract,Art & Abstract,loudborders,Pharaoh Legacy.webp,keep,no,copy,Art & Abstract\loudborders\Pharaoh Legacy.webp,
Art & Abstract/loudborders/Pink Addiction.webp,Art & Abstract,Art & Abstract,loudborders,Pink Addiction.webp,keep,no,copy,Art & Abstract\loudborders\Pink Addiction.webp,
Art & Abstract/loudborders/Pop Passion.webp,Art & Abstract,Art & Abstract,loudborders,Pop Passion.webp,keep,no,copy,Art & Abstract\loudborders\Pop Passion.webp,
Art & Abstract/loudborders/Psychic Blast.webp,Art & Abstract,Art & Abstract,loudborders,Psychic Blast.webp,keep,no,copy,Art & Abstract\loudborders\Psychic Blast.webp,
Art & Abstract/loudborders/Radio.webp,Art & Abstract,Art & Abstract,loudborders,Radio.webp,keep,no,copy,Art & Abstract\loudborders\Radio.webp,
Art & Abstract/loudborders/Retro Waves.webp,Art & Abstract,Art & Abstract,loudborders,Retro Waves.webp,keep,no,copy,Art & Abstract\loudborders\Retro Waves.webp,
Art & Abstract/loudborders/Robo Drip.webp,Art & Abstract,Art & Abstract,loudborders,Robo Drip.webp,keep,no,copy,Art & Abstract\loudborders\Robo Drip.webp,
Art & Abstract/loudborders/Rush Hour Reverie.webp,Art & Abstract,Art & Abstract,loudborders,Rush Hour Reverie.webp,keep,no,copy,Art & Abstract\loudborders\Rush Hour Reverie.webp,
Art & Abstract/loudborders/Rustscape.webp,Art & Abstract,Art & Abstract,loudborders,Rustscape.webp,keep,no,copy,Art & Abstract\loudborders\Rustscape.webp,
"Art & Abstract/loudborders/Same Street, Different Time.webp",Art & Abstract,Art & Abstract,loudborders,"Same Street, Different Time.webp",keep,no,copy,"Art & Abstract\loudborders\Same Street, Different Time.webp",
Art & Abstract/loudborders/Sea Walk.webp,Art & Abstract,Art & Abstract,loudborders,Sea Walk.webp,keep,no,copy,Art & Abstract\loudborders\Sea Walk.webp,
Art & Abstract/loudborders/Serial Chiller.webp,Art & Abstract,Art & Abstract,loudborders,Serial Chiller.webp,keep,no,copy,Art & Abstract\loudborders\Serial Chiller.webp,
Art & Abstract/loudborders/Sidewalk Dream.webp,Art & Abstract,Art & Abstract,loudborders,Sidewalk Dream.webp,keep,no,copy,Art & Abstract\loudborders\Sidewalk Dream.webp,
Art & Abstract/loudborders/Skullphonic.webp,Art & Abstract,Art & Abstract,loudborders,Skullphonic.webp,keep,no,copy,Art & Abstract\loudborders\Skullphonic.webp,
Art & Abstract/loudborders/Snack Attack!.webp,Art & Abstract,Art & Abstract,loudborders,Snack Attack!.webp,keep,no,copy,Art & Abstract\loudborders\Snack Attack!.webp,
Art & Abstract/loudborders/Snacks & Simulations.webp,Art & Abstract,Art & Abstract,loudborders,Snacks & Simulations.webp,keep,no,copy,Art & Abstract\loudborders\Snacks & Simulations.webp,
Art & Abstract/loudborders/Snoopy Vibes.webp,Art & Abstract,Art & Abstract,loudborders,Snoopy Vibes.webp,keep,no,copy,Art & Abstract\loudborders\Snoopy Vibes.webp,
Art & Abstract/loudborders/Solar-Rise.webp,Art & Abstract,Art & Abstract,loudborders,Solar-Rise.webp,keep,no,copy,Art & Abstract\loudborders\Solar-Rise.webp,
Art & Abstract/loudborders/Spiral of Power.webp,Art & Abstract,Art & Abstract,loudborders,Spiral of Power.webp,keep,no,copy,Art & Abstract\loudborders\Spiral of Power.webp,
Art & Abstract/loudborders/Sprayground Showdown.webp,Art & Abstract,Art & Abstract,loudborders,Sprayground Showdown.webp,keep,no,copy,Art & Abstract\loudborders\Sprayground Showdown.webp,
Art & Abstract/loudborders/Sunny Courtyard.webp,Art & Abstract,Art & Abstract,loudborders,Sunny Courtyard.webp,keep,no,copy,Art & Abstract\loudborders\Sunny Courtyard.webp,
Art & Abstract/loudborders/The Big Pop!.webp,Art & Abstract,Art & Abstract,loudborders,The Big Pop!.webp,keep,no,copy,Art & Abstract\loudborders\The Big Pop!.webp,
Art & Abstract/loudborders/The Floating Strategy.webp,Art & Abstract,Art & Abstract,loudborders,The Floating Strategy.webp,keep,no,copy,Art & Abstract\loudborders\The Floating Strategy.webp,
Art & Abstract/loudborders/The Forgotten Timepiece.webp,Art & Abstract,Art & Abstract,loudborders,The Forgotten Timepiece.webp,keep,no,copy,Art & Abstract\loudborders\The Forgotten Timepiece.webp,
Art & Abstract/loudborders/The Infinite Equation.webp,Art & Abstract,Art & Abstract,loudborders,The Infinite Equation.webp,keep,no,copy,Art & Abstract\loudborders\The Infinite Equation.webp,
Art & Abstract/loudborders/The Last Door.webp,Art & Abstract,Art & Abstract,loudborders,The Last Door.webp,keep,no,copy,Art & Abstract\loudborders\The Last Door.webp,
Art & Abstract/loudborders/The Quiet Structure.webp,Art & Abstract,Art & Abstract,loudborders,The Quiet Structure.webp,keep,no,copy,Art & Abstract\loudborders\The Quiet Structure.webp,
Art & Abstract/loudborders/The Red Circuit.webp,Art & Abstract,Art & Abstract,loudborders,The Red Circuit.webp,keep,no,copy,Art & Abstract\loudborders\The Red Circuit.webp,
Art & Abstract/loudborders/Timeless Chaos.webp,Art & Abstract,Art & Abstract,loudborders,Timeless Chaos.webp,keep,no,copy,Art & Abstract\loudborders\Timeless Chaos.webp,
Art & Abstract/loudborders/Tokyo.exe.webp,Art & Abstract,Art & Abstract,loudborders,Tokyo.exe.webp,keep,no,copy,Art & Abstract\loudborders\Tokyo.exe.webp,
Art & Abstract/loudborders/Tropical-Path.webp,Art & Abstract,Art & Abstract,loudborders,Tropical-Path.webp,keep,no,copy,Art & Abstract\loudborders\Tropical-Path.webp,
Art & Abstract/loudborders/Unknown.webp,Art & Abstract,Art & Abstract,loudborders,Unknown.webp,keep,no,copy,Art & Abstract\loudborders\Unknown.webp,
Art & Abstract/loudborders/Vapor Climb.webp,Art & Abstract,Art & Abstract,loudborders,Vapor Climb.webp,keep,no,copy,Art & Abstract\loudborders\Vapor Climb.webp,
Art & Abstract/loudborders/Vimto Time.webp,Art & Abstract,Art & Abstract,loudborders,Vimto Time.webp,keep,no,copy,Art & Abstract\loudborders\Vimto Time.webp,
Art & Abstract/loudborders/Vintage Vibes & Brews.webp,Art & Abstract,Art & Abstract,loudborders,Vintage Vibes & Brews.webp,keep,no,copy,Art & Abstract\loudborders\Vintage Vibes & Brews.webp,
Art & Abstract/loudborders/Wanderlust Trails.webp,Art & Abstract,Art & Abstract,loudborders,Wanderlust Trails.webp,keep,no,copy,Art & Abstract\loudborders\Wanderlust Trails.webp,
Art & Abstract/loudborders/World Steps.webp,Art & Abstract,Art & Abstract,loudborders,World Steps.webp,keep,no,copy,Art & Abstract\loudborders\World Steps.webp,
Art & Abstract/posterplace/1974 Volvo.webp,Art & Abstract,Art & Abstract,posterplace,1974 Volvo.webp,keep,no,copy,Art & Abstract\posterplace\1974 Volvo.webp,
Art & Abstract/posterplace/(Black & White) روح الروح.webp,Art & Abstract,Art & Abstract,posterplace,(Black & White) روح الروح.webp,dismiss,no,copy,dismissed\Art & Abstract\posterplace\(Black & White) روح الروح.webp,
Art & Abstract/posterplace/(Green) روح الروح.webp,Art & Abstract,Art & Abstract,posterplace,(Green) روح الروح.webp,dismiss,no,copy,dismissed\Art & Abstract\posterplace\(Green) روح الروح.webp,
Art & Abstract/posterplace/(Grey) روح الروح.webp,Art & Abstract,Art & Abstract,posterplace,(Grey) روح الروح.webp,dismiss,no,copy,dismissed\Art & Abstract\posterplace\(Grey) روح الروح.webp,
Art & Abstract/posterplace/All Star.webp,Art & Abstract,Art & Abstract,posterplace,All Star.webp,keep,no,copy,Art & Abstract\posterplace\All Star.webp,
Art & Abstract/posterplace/Back Again.webp,Art & Abstract,Art & Abstract,posterplace,Back Again.webp,keep,no,copy,Art & Abstract\posterplace\Back Again.webp,
Art & Abstract/posterplace/Bat & Meow.webp,Art & Abstract,Art & Abstract,posterplace,Bat & Meow.webp,keep,no,copy,Art & Abstract\posterplace\Bat & Meow.webp,
Art & Abstract/posterplace/Cairo Trips.webp,Art & Abstract,Art & Abstract,posterplace,Cairo Trips.webp,keep,no,copy,Art & Abstract\posterplace\Cairo Trips.webp,
Art & Abstract/posterplace/Capture The Moment.webp,Art & Abstract,Art & Abstract,posterplace,Capture The Moment.webp,keep,no,copy,Art & Abstract\posterplace\Capture The Moment.webp,
Art & Abstract/posterplace/Chicago Porsche.webp,Art & Abstract,Art & Abstract,posterplace,Chicago Porsche.webp,keep,no,copy,Art & Abstract\posterplace\Chicago Porsche.webp,
Art & Abstract/posterplace/Desert Lace.webp,Art & Abstract,Art & Abstract,posterplace,Desert Lace.webp,keep,no,copy,Art & Abstract\posterplace\Desert Lace.webp,
Art & Abstract/posterplace/Digital Genesis.webp,Art & Abstract,Art & Abstract,posterplace,Digital Genesis.webp,keep,no,copy,Art & Abstract\posterplace\Digital Genesis.webp,
Art & Abstract/posterplace/Dope Lemon.webp,Art & Abstract,Art & Abstract,posterplace,Dope Lemon.webp,keep,no,copy,Art & Abstract\posterplace\Dope Lemon.webp,
Art & Abstract/posterplace/Electric Dreams.webp,Art & Abstract,Art & Abstract,posterplace,Electric Dreams.webp,keep,no,copy,Art & Abstract\posterplace\Electric Dreams.webp,
Art & Abstract/posterplace/Escape.webp,Art & Abstract,Art & Abstract,posterplace,Escape.webp,keep,no,copy,Art & Abstract\posterplace\Escape.webp,
Art & Abstract/posterplace/Everything is Temporary.webp,Art & Abstract,Art & Abstract,posterplace,Everything is Temporary.webp,keep,no,copy,Art & Abstract\posterplace\Everything is Temporary.webp,
Art & Abstract/posterplace/Fashion Magazine.webp,Art & Abstract,Art & Abstract,posterplace,Fashion Magazine.webp,keep,no,copy,Art & Abstract\posterplace\Fashion Magazine.webp,
Art & Abstract/posterplace/Folk.webp,Art & Abstract,Art & Abstract,posterplace,Folk.webp,keep,no,copy,Art & Abstract\posterplace\Folk.webp,
Art & Abstract/posterplace/Happy Friends.webp,Art & Abstract,Art & Abstract,posterplace,Happy Friends.webp,keep,no,copy,Art & Abstract\posterplace\Happy Friends.webp,
Art & Abstract/posterplace/Heirloom.webp,Art & Abstract,Art & Abstract,posterplace,Heirloom.webp,keep,no,copy,Art & Abstract\posterplace\Heirloom.webp,
Art & Abstract/posterplace/Identity.webp,Art & Abstract,Art & Abstract,posterplace,Identity.webp,keep,no,copy,Art & Abstract\posterplace\Identity.webp,
"Art & Abstract/posterplace/If Not Now, When.webp",Art & Abstract,Art & Abstract,posterplace,"If Not Now, When.webp",keep,no,copy,"Art & Abstract\posterplace\If Not Now, When.webp",
Art & Abstract/posterplace/Incubus Vintage.webp,Art & Abstract,Art & Abstract,posterplace,Incubus Vintage.webp,keep,no,copy,Art & Abstract\posterplace\Incubus Vintage.webp,
Art & Abstract/posterplace/Jason Isbell II.webp,Art & Abstract,Art & Abstract,posterplace,Jason Isbell II.webp,keep,no,copy,Art & Abstract\posterplace\Jason Isbell II.webp,
Art & Abstract/posterplace/Jason Isbell.webp,Art & Abstract,Art & Abstract,posterplace,Jason Isbell.webp,keep,no,copy,Art & Abstract\posterplace\Jason Isbell.webp,
Art & Abstract/posterplace/Knu Skool.webp,Art & Abstract,Art & Abstract,posterplace,Knu Skool.webp,keep,no,copy,Art & Abstract\posterplace\Knu Skool.webp,
Art & Abstract/posterplace/Lemons.webp,Art & Abstract,Art & Abstract,posterplace,Lemons.webp,keep,no,copy,Art & Abstract\posterplace\Lemons.webp,
Art & Abstract/posterplace/Mind On Fire.webp,Art & Abstract,Art & Abstract,posterplace,Mind On Fire.webp,keep,no,copy,Art & Abstract\posterplace\Mind On Fire.webp,
Art & Abstract/posterplace/Mono-Bloc.webp,Art & Abstract,Art & Abstract,posterplace,Mono-Bloc.webp,keep,no,copy,Art & Abstract\posterplace\Mono-Bloc.webp,
Art & Abstract/posterplace/Nameless.webp,Art & Abstract,Art & Abstract,posterplace,Nameless.webp,keep,no,copy,Art & Abstract\posterplace\Nameless.webp,
Art & Abstract/posterplace/Night Caller.webp,Art & Abstract,Art & Abstract,posterplace,Night Caller.webp,keep,no,copy,Art & Abstract\posterplace\Night Caller.webp,
Art & Abstract/posterplace/Old Man.webp,Art & Abstract,Art & Abstract,posterplace,Old Man.webp,dismiss,no,copy,dismissed\Art & Abstract\posterplace\Old Man.webp,
Art & Abstract/posterplace/Porsche (It all starts with a dream).webp,Art & Abstract,Art & Abstract,posterplace,Porsche (It all starts with a dream).webp,keep,no,copy,Art & Abstract\posterplace\Porsche (It all starts with a dream).webp,
Art & Abstract/posterplace/Punk Monk.webp,Art & Abstract,Art & Abstract,posterplace,Punk Monk.webp,keep,no,copy,Art & Abstract\posterplace\Punk Monk.webp,
Art & Abstract/posterplace/Retro Polaroid.webp,Art & Abstract,Art & Abstract,posterplace,Retro Polaroid.webp,keep,no,copy,Art & Abstract\posterplace\Retro Polaroid.webp,
Art & Abstract/posterplace/Run.webp,Art & Abstract,Art & Abstract,posterplace,Run.webp,keep,no,copy,Art & Abstract\posterplace\Run.webp,
Art & Abstract/posterplace/Sailors.webp,Art & Abstract,Art & Abstract,posterplace,Sailors.webp,keep,no,copy,Art & Abstract\posterplace\Sailors.webp,
Art & Abstract/posterplace/Servin'.webp,Art & Abstract,Art & Abstract,posterplace,Servin'.webp,keep,no,copy,Art & Abstract\posterplace\Servin'.webp,
Art & Abstract/posterplace/Smoking Kills.webp,Art & Abstract,Art & Abstract,posterplace,Smoking Kills.webp,keep,no,copy,Art & Abstract\posterplace\Smoking Kills.webp,
Art & Abstract/posterplace/Sniff.webp,Art & Abstract,Art & Abstract,posterplace,Sniff.webp,keep,no,copy,Art & Abstract\posterplace\Sniff.webp,
Art & Abstract/posterplace/Snoopster.webp,Art & Abstract,Art & Abstract,posterplace,Snoopster.webp,keep,no,copy,Art & Abstract\posterplace\Snoopster.webp,
Art & Abstract/posterplace/Snooze The Moment.webp,Art & Abstract,Art & Abstract,posterplace,Snooze The Moment.webp,keep,no,copy,Art & Abstract\posterplace\Snooze The Moment.webp,
Art & Abstract/posterplace/Stop War!.webp,Art & Abstract,Art & Abstract,posterplace,Stop War!.webp,keep,no,copy,Art & Abstract\posterplace\Stop War!.webp,
Art & Abstract/posterplace/Super Chunk.webp,Art & Abstract,Art & Abstract,posterplace,Super Chunk.webp,keep,no,copy,Art & Abstract\posterplace\Super Chunk.webp,
Art & Abstract/posterplace/The Winner.webp,Art & Abstract,Art & Abstract,posterplace,The Winner.webp,keep,no,copy,Art & Abstract\posterplace\The Winner.webp,
Art & Abstract/posterplace/Threshold.webp,Art & Abstract,Art & Abstract,posterplace,Threshold.webp,keep,no,copy,Art & Abstract\posterplace\Threshold.webp,
Art & Abstract/posterplace/Tidal Arrangement.webp,Art & Abstract,Art & Abstract,posterplace,Tidal Arrangement.webp,keep,no,copy,Art & Abstract\posterplace\Tidal Arrangement.webp,
Art & Abstract/posterplace/Whimsical.webp,Art & Abstract,Art & Abstract,posterplace,Whimsical.webp,keep,no,copy,Art & Abstract\posterplace\Whimsical.webp,
Art & Abstract/posterplace/الإذاعة والتليفزيون.webp,Art & Abstract,Art & Abstract,posterplace,الإذاعة والتليفزيون.webp,keep,no,copy,Art & Abstract\posterplace\الإذاعة والتليفزيون.webp,
Art & Abstract/posterplace/القاهرة الكبرى.webp,Art & Abstract,Art & Abstract,posterplace,القاهرة الكبرى.webp,keep,no,copy,Art & Abstract\posterplace\القاهرة الكبرى.webp,
Art & Abstract/posterplace/الكيف.webp,Art & Abstract,Art & Abstract,posterplace,الكيف.webp,keep,no,copy,Art & Abstract\posterplace\الكيف.webp,
Art & Abstract/posterplace/الهلال والنجمة الذهبية.webp,Art & Abstract,Art & Abstract,posterplace,الهلال والنجمة الذهبية.webp,keep,no,copy,Art & Abstract\posterplace\الهلال والنجمة الذهبية.webp,
Art & Abstract/posterplace/دخان.webp,Art & Abstract,Art & Abstract,posterplace,دخان.webp,keep,no,copy,Art & Abstract\posterplace\دخان.webp,
Art & Abstract/posterplace/طوفان ١.webp,Art & Abstract,Art & Abstract,posterplace,طوفان ١.webp,keep,no,copy,Art & Abstract\posterplace\طوفان ١.webp,
Art & Abstract/posterplace/طوفان ٢.webp,Art & Abstract,Art & Abstract,posterplace,طوفان ٢.webp,dismiss,no,copy,dismissed\Art & Abstract\posterplace\طوفان ٢.webp,
Art & Abstract/posterplace/كولونيا ٥٥٥٥.webp,Art & Abstract,Art & Abstract,posterplace,كولونيا ٥٥٥٥.webp,dismiss,no,copy,dismissed\Art & Abstract\posterplace\كولونيا ٥٥٥٥.webp,
Art & Abstract/posterplace/لا نبالي.webp,Art & Abstract,Art & Abstract,posterplace,لا نبالي.webp,dismiss,no,copy,dismissed\Art & Abstract\posterplace\لا نبالي.webp,
Art & Abstract/posterplace/ممنوعات.webp,Art & Abstract,Art & Abstract,posterplace,ممنوعات.webp,keep,no,copy,Art & Abstract\posterplace\ممنوعات.webp,
Art & Abstract/printiteg/7 Dice Frame.webp,Art & Abstract,Art & Abstract,printiteg,7 Dice Frame.webp,keep,no,copy,Art & Abstract\printiteg\7 Dice Frame.webp,
Art & Abstract/printiteg/All We Need Is Love Frame.webp,Art & Abstract,Art & Abstract,printiteg,All We Need Is Love Frame.webp,keep,no,copy,Art & Abstract\printiteg\All We Need Is Love Frame.webp,
Art & Abstract/printiteg/Barbie Frame.webp,Art & Abstract,Art & Abstract,printiteg,Barbie Frame.webp,keep,no,copy,Art & Abstract\printiteg\Barbie Frame.webp,
Art & Abstract/printiteg/Blond Frame.webp,Art & Abstract,Art & Abstract,printiteg,Blond Frame.webp,dismiss,no,copy,dismissed\Art & Abstract\printiteg\Blond Frame.webp,
Art & Abstract/printiteg/Confidence Looks Cute Cherries Frame.webp,Art & Abstract,Art & Abstract,printiteg,Confidence Looks Cute Cherries Frame.webp,keep,no,copy,Art & Abstract\printiteg\Confidence Looks Cute Cherries Frame.webp,
Art & Abstract/printiteg/Cool Dog Frame.webp,Art & Abstract,Art & Abstract,printiteg,Cool Dog Frame.webp,keep,no,copy,Art & Abstract\printiteg\Cool Dog Frame.webp,
Art & Abstract/printiteg/Evil Eye Athens Frame.webp,Art & Abstract,Art & Abstract,printiteg,Evil Eye Athens Frame.webp,keep,no,copy,Art & Abstract\printiteg\Evil Eye Athens Frame.webp,
Art & Abstract/printiteg/Flower Woman Frame.webp,Art & Abstract,Art & Abstract,printiteg,Flower Woman Frame.webp,keep,no,copy,Art & Abstract\printiteg\Flower Woman Frame.webp,
Art & Abstract/printiteg/Good Food Good Mood Frame.webp,Art & Abstract,Art & Abstract,printiteg,Good Food Good Mood Frame.webp,keep,no,copy,Art & Abstract\printiteg\Good Food Good Mood Frame.webp,
Art & Abstract/printiteg/Keep Flying Butterfly Frame.webp,Art & Abstract,Art & Abstract,printiteg,Keep Flying Butterfly Frame.webp,keep,no,copy,Art & Abstract\printiteg\Keep Flying Butterfly Frame.webp,
Art & Abstract/printiteg/Lemon Tarte Frame.webp,Art & Abstract,Art & Abstract,printiteg,Lemon Tarte Frame.webp,keep,no,copy,Art & Abstract\printiteg\Lemon Tarte Frame.webp,
Art & Abstract/printiteg/Love Frame.webp,Art & Abstract,Art & Abstract,printiteg,Love Frame.webp,keep,no,copy,Art & Abstract\printiteg\Love Frame.webp,
Art & Abstract/printiteg/Love You More Uno Frame.webp,Art & Abstract,Art & Abstract,printiteg,Love You More Uno Frame.webp,keep,no,copy,Art & Abstract\printiteg\Love You More Uno Frame.webp,
Art & Abstract/printiteg/Lucky Me Frame.webp,Art & Abstract,Art & Abstract,printiteg,Lucky Me Frame.webp,dismiss,no,copy,dismissed\Art & Abstract\printiteg\Lucky Me Frame.webp,
Art & Abstract/printiteg/Pink Heart Frame.webp,Art & Abstract,Art & Abstract,printiteg,Pink Heart Frame.webp,keep,no,copy,Art & Abstract\printiteg\Pink Heart Frame.webp,
Art & Abstract/printiteg/Pookie Cherry Frame.webp,Art & Abstract,Art & Abstract,printiteg,Pookie Cherry Frame.webp,keep,no,copy,Art & Abstract\printiteg\Pookie Cherry Frame.webp,
Art & Abstract/printiteg/Retro Frame.webp,Art & Abstract,Art & Abstract,printiteg,Retro Frame.webp,keep,no,copy,Art & Abstract\printiteg\Retro Frame.webp,
Art & Abstract/printiteg/Saturn Frame.webp,Art & Abstract,Art & Abstract,printiteg,Saturn Frame.webp,keep,no,copy,Art & Abstract\printiteg\Saturn Frame.webp,
Art & Abstract/sparkstore/Acid Art 'Celestial Fantasy' Frame.webp,Art & Abstract,Art & Abstract,sparkstore,Acid Art 'Celestial Fantasy' Frame.webp,keep,no,copy,Art & Abstract\sparkstore\Acid Art 'Celestial Fantasy' Frame.webp,
Art & Abstract/sparkstore/Acid Art 'Chromatic Souls' Frame.webp,Art & Abstract,Art & Abstract,sparkstore,Acid Art 'Chromatic Souls' Frame.webp,keep,no,copy,Art & Abstract\sparkstore\Acid Art 'Chromatic Souls' Frame.webp,
Art & Abstract/sparkstore/Acid Art 'Fantasy Fungus Festival' Frame.webp,Art & Abstract,Art & Abstract,sparkstore,Acid Art 'Fantasy Fungus Festival' Frame.webp,keep,no,copy,Art & Abstract\sparkstore\Acid Art 'Fantasy Fungus Festival' Frame.webp,
Art & Abstract/sparkstore/Acid Art 'Forbidden Planet' Frame.webp,Art & Abstract,Art & Abstract,sparkstore,Acid Art 'Forbidden Planet' Frame.webp,keep,no,copy,Art & Abstract\sparkstore\Acid Art 'Forbidden Planet' Frame.webp,
Art & Abstract/sparkstore/Acid Art 'Meow Metropolis' Frame.webp,Art & Abstract,Art & Abstract,sparkstore,Acid Art 'Meow Metropolis' Frame.webp,keep,no,copy,Art & Abstract\sparkstore\Acid Art 'Meow Metropolis' Frame.webp,
Art & Abstract/sparkstore/Acid Art 'Mr. Sandman's Stroll' Frame.webp,Art & Abstract,Art & Abstract,sparkstore,Acid Art 'Mr. Sandman's Stroll' Frame.webp,keep,no,copy,Art & Abstract\sparkstore\Acid Art 'Mr. Sandman's Stroll' Frame.webp,
Art & Abstract/sparkstore/Acid Art 'Neon Nirvana' Frame.webp,Art & Abstract,Art & Abstract,sparkstore,Acid Art 'Neon Nirvana' Frame.webp,keep,no,copy,Art & Abstract\sparkstore\Acid Art 'Neon Nirvana' Frame.webp,
Art & Abstract/sparkstore/Acid Art 'Psychedelic Pharaoh' Frame.webp,Art & Abstract,Art & Abstract,sparkstore,Acid Art 'Psychedelic Pharaoh' Frame.webp,keep,no,copy,Art & Abstract\sparkstore\Acid Art 'Psychedelic Pharaoh' Frame.webp,
Art & Abstract/sparkstore/Acid Art 'Umbilical Mystery' Frame.webp,Art & Abstract,Art & Abstract,sparkstore,Acid Art 'Umbilical Mystery' Frame.webp,keep,no,copy,Art & Abstract\sparkstore\Acid Art 'Umbilical Mystery' Frame.webp,
Art & Abstract/sparkstore/Basketball 'Be Legendary' Frame.webp,Art & Abstract,Art & Abstract,sparkstore,Basketball 'Be Legendary' Frame.webp,dismiss,no,copy,dismissed\Art & Abstract\sparkstore\Basketball 'Be Legendary' Frame.webp,
Art & Abstract/sparkstore/Basketball 'No Excuses' Frame.webp,Art & Abstract,Art & Abstract,sparkstore,Basketball 'No Excuses' Frame.webp,keep,no,copy,Art & Abstract\sparkstore\Basketball 'No Excuses' Frame.webp,
Art & Abstract/sparkstore/Basketball 'The Iconic 23' Frame.webp,Art & Abstract,Art & Abstract,sparkstore,Basketball 'The Iconic 23' Frame.webp,keep,no,copy,Art & Abstract\sparkstore\Basketball 'The Iconic 23' Frame.webp,
Art & Abstract/sparkstore/Basketball 'Tribute to a Legend' Frame.webp,Art & Abstract,Art & Abstract,sparkstore,Basketball 'Tribute to a Legend' Frame.webp,keep,no,copy,Art & Abstract\sparkstore\Basketball 'Tribute to a Legend' Frame.webp,
Art & Abstract/sparkstore/Batman 'Blood Red Guardian' Frame.webp,Art & Abstract,Art & Abstract,sparkstore,Batman 'Blood Red Guardian' Frame.webp,keep,no,copy,Art & Abstract\sparkstore\Batman 'Blood Red Guardian' Frame.webp,
Art & Abstract/sparkstore/Batman 'Joker's Destruction' Frame.webp,Art & Abstract,Art & Abstract,sparkstore,Batman 'Joker's Destruction' Frame.webp,keep,no,copy,Art & Abstract\sparkstore\Batman 'Joker's Destruction' Frame.webp,
Art & Abstract/sparkstore/Batman 'Shadow of A Hero' Frame.webp,Art & Abstract,Art & Abstract,sparkstore,Batman 'Shadow of A Hero' Frame.webp,keep,no,copy,Art & Abstract\sparkstore\Batman 'Shadow of A Hero' Frame.webp,
Art & Abstract/sparkstore/Billie Eilish 'Ethereal Melody' Frame.webp,Art & Abstract,Art & Abstract,sparkstore,Billie Eilish 'Ethereal Melody' Frame.webp,keep,no,copy,Art & Abstract\sparkstore\Billie Eilish 'Ethereal Melody' Frame.webp,
Art & Abstract/sparkstore/Billie Eilish 'Fearless Expression' Frame.webp,Art & Abstract,Art & Abstract,sparkstore,Billie Eilish 'Fearless Expression' Frame.webp,keep,no,copy,Art & Abstract\sparkstore\Billie Eilish 'Fearless Expression' Frame.webp,
Art & Abstract/sparkstore/Billie Eilish 'GUESS' Frame.webp,Art & Abstract,Art & Abstract,sparkstore,Billie Eilish 'GUESS' Frame.webp,keep,no,copy,Art & Abstract\sparkstore\Billie Eilish 'GUESS' Frame.webp,
Art & Abstract/sparkstore/Billie Eilish 'Happier Than Ever' Frame.webp,Art & Abstract,Art & Abstract,sparkstore,Billie Eilish 'Happier Than Ever' Frame.webp,keep,no,copy,Art & Abstract\sparkstore\Billie Eilish 'Happier Than Ever' Frame.webp,
Art & Abstract/sparkstore/Billie Eilish 'Lyric-Driven Masterpiece' Frame.webp,Art & Abstract,Art & Abstract,sparkstore,Billie Eilish 'Lyric-Driven Masterpiece' Frame.webp,keep,no,copy,Art & Abstract\sparkstore\Billie Eilish 'Lyric-Driven Masterpiece' Frame.webp,
Art & Abstract/sparkstore/Billie Eilish 'When We All Fall Asleep' Frame.webp,Art & Abstract,Art & Abstract,sparkstore,Billie Eilish 'When We All Fall Asleep' Frame.webp,keep,no,copy,Art & Abstract\sparkstore\Billie Eilish 'When We All Fall Asleep' Frame.webp,
Art & Abstract/sparkstore/BMW 'E30 M3' Frame.webp,Art & Abstract,Art & Abstract,sparkstore,BMW 'E30 M3' Frame.webp,keep,no,copy,Art & Abstract\sparkstore\BMW 'E30 M3' Frame.webp,
Art & Abstract/sparkstore/BMW 'M4 Competition Artistry' Frame.webp,Art & Abstract,Art & Abstract,sparkstore,BMW 'M4 Competition Artistry' Frame.webp,keep,no,copy,Art & Abstract\sparkstore\BMW 'M4 Competition Artistry' Frame.webp,
Art & Abstract/sparkstore/BMW 'M4 Competition M xDrive' Frame.webp,Art & Abstract,Art & Abstract,sparkstore,BMW 'M4 Competition M xDrive' Frame.webp,keep,no,copy,Art & Abstract\sparkstore\BMW 'M4 Competition M xDrive' Frame.webp,
Art & Abstract/sparkstore/BMW 'M5 Competition Design' Frame.webp,Art & Abstract,Art & Abstract,sparkstore,BMW 'M5 Competition Design' Frame.webp,keep,no,copy,Art & Abstract\sparkstore\BMW 'M5 Competition Design' Frame.webp,
Art & Abstract/sparkstore/BMW 'M8 CS' Frame.webp,Art & Abstract,Art & Abstract,sparkstore,BMW 'M8 CS' Frame.webp,keep,no,copy,Art & Abstract\sparkstore\BMW 'M8 CS' Frame.webp,
Art & Abstract/sparkstore/Breaking Bad 'Empire of Blue' Frame.webp,Art & Abstract,Art & Abstract,sparkstore,Breaking Bad 'Empire of Blue' Frame.webp,dismiss,no,copy,dismissed\Art & Abstract\sparkstore\Breaking Bad 'Empire of Blue' Frame.webp,
Art & Abstract/sparkstore/Breaking Bad 'Face Off' Frame.webp,Art & Abstract,Art & Abstract,sparkstore,Breaking Bad 'Face Off' Frame.webp,dismiss,no,copy,dismissed\Art & Abstract\sparkstore\Breaking Bad 'Face Off' Frame.webp,
Art & Abstract/sparkstore/Breaking Bad 'From Teacher To Tyrant' Frame.webp,Art & Abstract,Art & Abstract,sparkstore,Breaking Bad 'From Teacher To Tyrant' Frame.webp,dismiss,no,copy,dismissed\Art & Abstract\sparkstore\Breaking Bad 'From Teacher To Tyrant' Frame.webp,
Art & Abstract/sparkstore/Breaking Bad 'Kingpin of Chemistry' Frame.webp,Art & Abstract,Art & Abstract,sparkstore,Breaking Bad 'Kingpin of Chemistry' Frame.webp,dismiss,no,copy,dismissed\Art & Abstract\sparkstore\Breaking Bad 'Kingpin of Chemistry' Frame.webp,
Art & Abstract/sparkstore/Breaking Bad 'Meth & Mayhem' Frame.webp,Art & Abstract,Art & Abstract,sparkstore,Breaking Bad 'Meth & Mayhem' Frame.webp,dismiss,no,copy,dismissed\Art & Abstract\sparkstore\Breaking Bad 'Meth & Mayhem' Frame.webp,
Art & Abstract/sparkstore/Breaking Bad 'Shattered Lives' Frame.webp,Art & Abstract,Art & Abstract,sparkstore,Breaking Bad 'Shattered Lives' Frame.webp,dismiss,no,copy,dismissed\Art & Abstract\sparkstore\Breaking Bad 'Shattered Lives' Frame.webp,
Art & Abstract/sparkstore/Breaking Bad 'The Blue Empire Rises' Frame.webp,Art & Abstract,Art & Abstract,sparkstore,Breaking Bad 'The Blue Empire Rises' Frame.webp,keep,no,copy,Art & Abstract\sparkstore\Breaking Bad 'The Blue Empire Rises' Frame.webp,
Art & Abstract/sparkstore/Breaking Bad 'The End of Fring' Frame.webp,Art & Abstract,Art & Abstract,sparkstore,Breaking Bad 'The End of Fring' Frame.webp,keep,no,copy,Art & Abstract\sparkstore\Breaking Bad 'The End of Fring' Frame.webp,
Art & Abstract/sparkstore/Breaking Bad 'The One Who Knocks' Frame.webp,Art & Abstract,Art & Abstract,sparkstore,Breaking Bad 'The One Who Knocks' Frame.webp,dismiss,no,copy,dismissed\Art & Abstract\sparkstore\Breaking Bad 'The One Who Knocks' Frame.webp,
Art & Abstract/sparkstore/Cairokee 'Roma' Frame.webp,Art & Abstract,Art & Abstract,sparkstore,Cairokee 'Roma' Frame.webp,keep,no,copy,Art & Abstract\sparkstore\Cairokee 'Roma' Frame.webp,
Art & Abstract/sparkstore/Custom Collage Frame.webp,Art & Abstract,Art & Abstract,sparkstore,Custom Collage Frame.webp,dismiss,no,copy,dismissed\Art & Abstract\sparkstore\Custom Collage Frame.webp,
Art & Abstract/sparkstore/Custom Frame.webp,Art & Abstract,Art & Abstract,sparkstore,Custom Frame.webp,dismiss,no,copy,dismissed\Art & Abstract\sparkstore\Custom Frame.webp,
Art & Abstract/sparkstore/Custom Netflix Frame.webp,Art & Abstract,Art & Abstract,sparkstore,Custom Netflix Frame.webp,dismiss,no,copy,dismissed\Art & Abstract\sparkstore\Custom Netflix Frame.webp,
Art & Abstract/sparkstore/Drake 'For All the Dogs Flames' Frame.webp,Art & Abstract,Art & Abstract,sparkstore,Drake 'For All the Dogs Flames' Frame.webp,dismiss,no,copy,dismissed\Art & Abstract\sparkstore\Drake 'For All the Dogs Flames' Frame.webp,
Art & Abstract/sparkstore/Eagle's Soaring Spirit Frame.webp,Art & Abstract,Art & Abstract,sparkstore,Eagle's Soaring Spirit Frame.webp,dismiss,no,copy,dismissed\Art & Abstract\sparkstore\Eagle's Soaring Spirit Frame.webp,
Art & Abstract/sparkstore/Friends 'Milkshake' Frame.webp,Art & Abstract,Art & Abstract,sparkstore,Friends 'Milkshake' Frame.webp,dismiss,no,copy,dismissed\Art & Abstract\sparkstore\Friends 'Milkshake' Frame.webp,
Art & Abstract/sparkstore/Friends 'The Door' Frame.webp,Art & Abstract,Art & Abstract,sparkstore,Friends 'The Door' Frame.webp,dismiss,no,copy,dismissed\Art & Abstract\sparkstore\Friends 'The Door' Frame.webp,
Art & Abstract/sparkstore/Iron Man 'Blueprint of an Avenger' Frame.webp,Art & Abstract,Art & Abstract,sparkstore,Iron Man 'Blueprint of an Avenger' Frame.webp,dismiss,no,copy,dismissed\Art & Abstract\sparkstore\Iron Man 'Blueprint of an Avenger' Frame.webp,
Art & Abstract/sparkstore/Iron Man 'Classic Armor' Frame.webp,Art & Abstract,Art & Abstract,sparkstore,Iron Man 'Classic Armor' Frame.webp,dismiss,no,copy,dismissed\Art & Abstract\sparkstore\Iron Man 'Classic Armor' Frame.webp,
Art & Abstract/sparkstore/Iron Man 'Illuminated Intellect' Frame.webp,Art & Abstract,Art & Abstract,sparkstore,Iron Man 'Illuminated Intellect' Frame.webp,dismiss,no,copy,dismissed\Art & Abstract\sparkstore\Iron Man 'Illuminated Intellect' Frame.webp,
Art & Abstract/sparkstore/Iron Man 'Proof Iron Man Has A Heart' Frame.webp,Art & Abstract,Art & Abstract,sparkstore,Iron Man 'Proof Iron Man Has A Heart' Frame.webp,dismiss,no,copy,dismissed\Art & Abstract\sparkstore\Iron Man 'Proof Iron Man Has A Heart' Frame.webp,
Art & Abstract/sparkstore/Iron Man 'Soaring High' Frame.webp,Art & Abstract,Art & Abstract,sparkstore,Iron Man 'Soaring High' Frame.webp,dismiss,no,copy,dismissed\Art & Abstract\sparkstore\Iron Man 'Soaring High' Frame.webp,
Art & Abstract/sparkstore/Iron Man 'Stark Contrast' Frame.webp,Art & Abstract,Art & Abstract,sparkstore,Iron Man 'Stark Contrast' Frame.webp,dismiss,no,copy,dismissed\Art & Abstract\sparkstore\Iron Man 'Stark Contrast' Frame.webp,
Art & Abstract/sparkstore/Iron Man 'The Armored Avenger' Frame.webp,Art & Abstract,Art & Abstract,sparkstore,Iron Man 'The Armored Avenger' Frame.webp,dismiss,no,copy,dismissed\Art & Abstract\sparkstore\Iron Man 'The Armored Avenger' Frame.webp,
Art & Abstract/sparkstore/Iron Man 'The Steampunk Avenger' Frame.webp,Art & Abstract,Art & Abstract,sparkstore,Iron Man 'The Steampunk Avenger' Frame.webp,dismiss,no,copy,dismissed\Art & Abstract\sparkstore\Iron Man 'The Steampunk Avenger' Frame.webp,
Art & Abstract/sparkstore/Japanese Culture 'Heart of the Samurai' Frame.webp,Art & Abstract,Art & Abstract,sparkstore,Japanese Culture 'Heart of the Samurai' Frame.webp,keep,no,copy,Art & Abstract\sparkstore\Japanese Culture 'Heart of the Samurai' Frame.webp,
Art & Abstract/sparkstore/Japanese Culture 'Pagoda Dream' Frame.webp,Art & Abstract,Art & Abstract,sparkstore,Japanese Culture 'Pagoda Dream' Frame.webp,keep,no,copy,Art & Abstract\sparkstore\Japanese Culture 'Pagoda Dream' Frame.webp,
Art & Abstract/sparkstore/Japanese Culture 'Petal And Sword' Frame.webp,Art & Abstract,Art & Abstract,sparkstore,Japanese Culture 'Petal And Sword' Frame.webp,keep,no,copy,Art & Abstract\sparkstore\Japanese Culture 'Petal And Sword' Frame.webp,
Art & Abstract/sparkstore/Japanese Culture 'Red Sun Ronin' Frame.webp,Art & Abstract,Art & Abstract,sparkstore,Japanese Culture 'Red Sun Ronin' Frame.webp,keep,no,copy,Art & Abstract\sparkstore\Japanese Culture 'Red Sun Ronin' Frame.webp,
Art & Abstract/sparkstore/Japanese Culture 'Sakura Storm at Sea' Frame.webp,Art & Abstract,Art & Abstract,sparkstore,Japanese Culture 'Sakura Storm at Sea' Frame.webp,keep,no,copy,Art & Abstract\sparkstore\Japanese Culture 'Sakura Storm at Sea' Frame.webp,
Art & Abstract/sparkstore/Japanese Culture 'The Red Moon Ronin' Frame.webp,Art & Abstract,Art & Abstract,sparkstore,Japanese Culture 'The Red Moon Ronin' Frame.webp,keep,no,copy,Art & Abstract\sparkstore\Japanese Culture 'The Red Moon Ronin' Frame.webp,
Art & Abstract/sparkstore/Japanese Culture 'With Adversity Comes Strength' Frame.webp,Art & Abstract,Art & Abstract,sparkstore,Japanese Culture 'With Adversity Comes Strength' Frame.webp,keep,no,copy,Art & Abstract\sparkstore\Japanese Culture 'With Adversity Comes Strength' Frame.webp,
Art & Abstract/sparkstore/Juice WRLD 'Emotional Legacy' Frame.webp,Art & Abstract,Art & Abstract,sparkstore,Juice WRLD 'Emotional Legacy' Frame.webp,dismiss,no,copy,dismissed\Art & Abstract\sparkstore\Juice WRLD 'Emotional Legacy' Frame.webp,
Art & Abstract/sparkstore/Juice WRLD 'Iconic Smoke Session' Frame.webp,Art & Abstract,Art & Abstract,sparkstore,Juice WRLD 'Iconic Smoke Session' Frame.webp,dismiss,no,copy,dismissed\Art & Abstract\sparkstore\Juice WRLD 'Iconic Smoke Session' Frame.webp,
Art & Abstract/sparkstore/Juice WRLD 'Legends Never Die' Frame.webp,Art & Abstract,Art & Abstract,sparkstore,Juice WRLD 'Legends Never Die' Frame.webp,dismiss,no,copy,dismissed\Art & Abstract\sparkstore\Juice WRLD 'Legends Never Die' Frame.webp,
Art & Abstract/sparkstore/Juice WRLD 'Melancholic Majesty' Frame.webp,Art & Abstract,Art & Abstract,sparkstore,Juice WRLD 'Melancholic Majesty' Frame.webp,dismiss,no,copy,dismissed\Art & Abstract\sparkstore\Juice WRLD 'Melancholic Majesty' Frame.webp,
Art & Abstract/sparkstore/Juice WRLD 'The Party Never Ends' Frame.webp,Art & Abstract,Art & Abstract,sparkstore,Juice WRLD 'The Party Never Ends' Frame.webp,dismiss,no,copy,dismissed\Art & Abstract\sparkstore\Juice WRLD 'The Party Never Ends' Frame.webp,
Art & Abstract/sparkstore/Lion's Golden Fury Frame.webp,Art & Abstract,Art & Abstract,sparkstore,Lion's Golden Fury Frame.webp,dismiss,no,copy,dismissed\Art & Abstract\sparkstore\Lion's Golden Fury Frame.webp,
"Art & Abstract/sparkstore/Loki 'For All Time, Always' Frame.webp",Art & Abstract,Art & Abstract,sparkstore,"Loki 'For All Time, Always' Frame.webp",dismiss,no,copy,"dismissed\Art & Abstract\sparkstore\Loki 'For All Time, Always' Frame.webp",
Art & Abstract/sparkstore/Loki 'God of Mischief' Frame.webp,Art & Abstract,Art & Abstract,sparkstore,Loki 'God of Mischief' Frame.webp,dismiss,no,copy,dismissed\Art & Abstract\sparkstore\Loki 'God of Mischief' Frame.webp,
Art & Abstract/sparkstore/Loki 'How Much A Dollar Cost' Frame (2).webp,Art & Abstract,Art & Abstract,sparkstore,Loki 'How Much A Dollar Cost' Frame (2).webp,dismiss,no,copy,dismissed\Art & Abstract\sparkstore\Loki 'How Much A Dollar Cost' Frame (2).webp,
Art & Abstract/sparkstore/Loki 'How Much A Dollar Cost' Frame.webp,Art & Abstract,Art & Abstract,sparkstore,Loki 'How Much A Dollar Cost' Frame.webp,dismiss,no,copy,dismissed\Art & Abstract\sparkstore\Loki 'How Much A Dollar Cost' Frame.webp,
Art & Abstract/sparkstore/Loki 'Multiverse Chronicles' Frame.webp,Art & Abstract,Art & Abstract,sparkstore,Loki 'Multiverse Chronicles' Frame.webp,dismiss,no,copy,dismissed\Art & Abstract\sparkstore\Loki 'Multiverse Chronicles' Frame.webp,
Art & Abstract/sparkstore/Loki 'Nexus of Chaos' Frame.webp,Art & Abstract,Art & Abstract,sparkstore,Loki 'Nexus of Chaos' Frame.webp,dismiss,no,copy,dismissed\Art & Abstract\sparkstore\Loki 'Nexus of Chaos' Frame.webp,
Art & Abstract/sparkstore/Loki 'Time's Reflection' Frame.webp,Art & Abstract,Art & Abstract,sparkstore,Loki 'Time's Reflection' Frame.webp,dismiss,no,copy,dismissed\Art & Abstract\sparkstore\Loki 'Time's Reflection' Frame.webp,
Art & Abstract/sparkstore/Loki 'Timekeeper's Charm' Frame.webp,Art & Abstract,Art & Abstract,sparkstore,Loki 'Timekeeper's Charm' Frame.webp,dismiss,no,copy,dismissed\Art & Abstract\sparkstore\Loki 'Timekeeper's Charm' Frame.webp,
Art & Abstract/sparkstore/Loki 'Variant' Frame.webp,Art & Abstract,Art & Abstract,sparkstore,Loki 'Variant' Frame.webp,dismiss,no,copy,dismissed\Art & Abstract\sparkstore\Loki 'Variant' Frame.webp,
Art & Abstract/sparkstore/Main Character 'Art Will Make Us Live' Frame.webp,Art & Abstract,Art & Abstract,sparkstore,Main Character 'Art Will Make Us Live' Frame.webp,keep,no,copy,Art & Abstract\sparkstore\Main Character 'Art Will Make Us Live' Frame.webp,
Art & Abstract/sparkstore/Main Character 'BaBy' Frame.webp,Art & Abstract,Art & Abstract,sparkstore,Main Character 'BaBy' Frame.webp,keep,no,copy,Art & Abstract\sparkstore\Main Character 'BaBy' Frame.webp,
Art & Abstract/sparkstore/Main Character 'Banana Pop' Frame.webp,Art & Abstract,Art & Abstract,sparkstore,Main Character 'Banana Pop' Frame.webp,keep,no,copy,Art & Abstract\sparkstore\Main Character 'Banana Pop' Frame.webp,
Art & Abstract/sparkstore/Main Character 'Be Kind' Frame.webp,Art & Abstract,Art & Abstract,sparkstore,Main Character 'Be Kind' Frame.webp,keep,no,copy,Art & Abstract\sparkstore\Main Character 'Be Kind' Frame.webp,
Art & Abstract/sparkstore/Main Character 'Beach Day Dolls' Frame.webp,Art & Abstract,Art & Abstract,sparkstore,Main Character 'Beach Day Dolls' Frame.webp,dismiss,no,copy,dismissed\Art & Abstract\sparkstore\Main Character 'Beach Day Dolls' Frame.webp,
Art & Abstract/sparkstore/Main Character 'Blue Bloom Pattern' Frame.webp,Art & Abstract,Art & Abstract,sparkstore,Main Character 'Blue Bloom Pattern' Frame.webp,keep,no,copy,Art & Abstract\sparkstore\Main Character 'Blue Bloom Pattern' Frame.webp,
Art & Abstract/sparkstore/Main Character 'Butterfly Bloom' Frame.webp,Art & Abstract,Art & Abstract,sparkstore,Main Character 'Butterfly Bloom' Frame.webp,keep,no,copy,Art & Abstract\sparkstore\Main Character 'Butterfly Bloom' Frame.webp,
Art & Abstract/sparkstore/Main Character 'Butterfly Trio' Frame.webp,Art & Abstract,Art & Abstract,sparkstore,Main Character 'Butterfly Trio' Frame.webp,keep,no,copy,Art & Abstract\sparkstore\Main Character 'Butterfly Trio' Frame.webp,
Art & Abstract/sparkstore/Main Character 'Chase Your Dreams' Frame.webp,Art & Abstract,Art & Abstract,sparkstore,Main Character 'Chase Your Dreams' Frame.webp,keep,no,copy,Art & Abstract\sparkstore\Main Character 'Chase Your Dreams' Frame.webp,
Art & Abstract/sparkstore/Main Character 'Cherry Heart Pop' Frame.webp,Art & Abstract,Art & Abstract,sparkstore,Main Character 'Cherry Heart Pop' Frame.webp,keep,no,copy,Art & Abstract\sparkstore\Main Character 'Cherry Heart Pop' Frame.webp,
Art & Abstract/sparkstore/Main Character 'Disco Glow' Frame.webp,Art & Abstract,Art & Abstract,sparkstore,Main Character 'Disco Glow' Frame.webp,keep,no,copy,Art & Abstract\sparkstore\Main Character 'Disco Glow' Frame.webp,
Art & Abstract/sparkstore/Main Character 'Do It For The Plot' Frame.webp,Art & Abstract,Art & Abstract,sparkstore,Main Character 'Do It For The Plot' Frame.webp,keep,no,copy,Art & Abstract\sparkstore\Main Character 'Do It For The Plot' Frame.webp,
Art & Abstract/sparkstore/Main Character 'doing my best' Frame.webp,Art & Abstract,Art & Abstract,sparkstore,Main Character 'doing my best' Frame.webp,keep,no,copy,Art & Abstract\sparkstore\Main Character 'doing my best' Frame.webp,
Art & Abstract/sparkstore/Main Character 'Freedom Bloom' Frame.webp,Art & Abstract,Art & Abstract,sparkstore,Main Character 'Freedom Bloom' Frame.webp,keep,no,copy,Art & Abstract\sparkstore\Main Character 'Freedom Bloom' Frame.webp,
Art & Abstract/sparkstore/Main Character 'Girls Are Just Born' Frame.webp,Art & Abstract,Art & Abstract,sparkstore,Main Character 'Girls Are Just Born' Frame.webp,dismiss,no,copy,dismissed\Art & Abstract\sparkstore\Main Character 'Girls Are Just Born' Frame.webp,
Art & Abstract/sparkstore/Main Character 'Girls Dont Cry' Frame.webp,Art & Abstract,Art & Abstract,sparkstore,Main Character 'Girls Dont Cry' Frame.webp,keep,no,copy,Art & Abstract\sparkstore\Main Character 'Girls Dont Cry' Frame.webp,
Art & Abstract/sparkstore/Main Character 'Girls Don’t Give A Damn' Frame.webp,Art & Abstract,Art & Abstract,sparkstore,Main Character 'Girls Don’t Give A Damn' Frame.webp,dismiss,no,copy,dismissed\Art & Abstract\sparkstore\Main Character 'Girls Don’t Give A Damn' Frame.webp,
Art & Abstract/sparkstore/Main Character 'Good Things Coming' Frame.webp,Art & Abstract,Art & Abstract,sparkstore,Main Character 'Good Things Coming' Frame.webp,keep,no,copy,Art & Abstract\sparkstore\Main Character 'Good Things Coming' Frame.webp,
Art & Abstract/sparkstore/Main Character 'Good Things Take Time' Frame.webp,Art & Abstract,Art & Abstract,sparkstore,Main Character 'Good Things Take Time' Frame.webp,keep,no,copy,Art & Abstract\sparkstore\Main Character 'Good Things Take Time' Frame.webp,
Art & Abstract/sparkstore/Main Character 'Guest Check You Look So Good' Frame.webp,Art & Abstract,Art & Abstract,sparkstore,Main Character 'Guest Check You Look So Good' Frame.webp,keep,no,copy,Art & Abstract\sparkstore\Main Character 'Guest Check You Look So Good' Frame.webp,
Art & Abstract/sparkstore/Main Character 'Hot Vibes' Frame.webp,Art & Abstract,Art & Abstract,sparkstore,Main Character 'Hot Vibes' Frame.webp,keep,no,copy,Art & Abstract\sparkstore\Main Character 'Hot Vibes' Frame.webp,
Art & Abstract/sparkstore/Main Character 'Hypnotic Swirl' Frame.webp,Art & Abstract,Art & Abstract,sparkstore,Main Character 'Hypnotic Swirl' Frame.webp,keep,no,copy,Art & Abstract\sparkstore\Main Character 'Hypnotic Swirl' Frame.webp,
Art & Abstract/sparkstore/Main Character 'I'm a queen' Frame.webp,Art & Abstract,Art & Abstract,sparkstore,Main Character 'I'm a queen' Frame.webp,keep,no,copy,Art & Abstract\sparkstore\Main Character 'I'm a queen' Frame.webp,
Art & Abstract/sparkstore/Main Character 'Intuition' Frame.webp,Art & Abstract,Art & Abstract,sparkstore,Main Character 'Intuition' Frame.webp,keep,no,copy,Art & Abstract\sparkstore\Main Character 'Intuition' Frame.webp,
Art & Abstract/sparkstore/Main Character 'It Is What Is' Frame.webp,Art & Abstract,Art & Abstract,sparkstore,Main Character 'It Is What Is' Frame.webp,keep,no,copy,Art & Abstract\sparkstore\Main Character 'It Is What Is' Frame.webp,
Art & Abstract/sparkstore/Main Character 'Keep Chasing Your Dreams' Frame.webp,Art & Abstract,Art & Abstract,sparkstore,Main Character 'Keep Chasing Your Dreams' Frame.webp,keep,no,copy,Art & Abstract\sparkstore\Main Character 'Keep Chasing Your Dreams' Frame.webp,
Art & Abstract/sparkstore/Main Character 'Keep On Growing' Frame.webp,Art & Abstract,Art & Abstract,sparkstore,Main Character 'Keep On Growing' Frame.webp,keep,no,copy,Art & Abstract\sparkstore\Main Character 'Keep On Growing' Frame.webp,
Art & Abstract/sparkstore/Main Character 'Let Go of Things' Frame.webp,Art & Abstract,Art & Abstract,sparkstore,Main Character 'Let Go of Things' Frame.webp,keep,no,copy,Art & Abstract\sparkstore\Main Character 'Let Go of Things' Frame.webp,
Art & Abstract/sparkstore/Main Character 'Lets Go Girls' Frame.webp,Art & Abstract,Art & Abstract,sparkstore,Main Character 'Lets Go Girls' Frame.webp,keep,no,copy,Art & Abstract\sparkstore\Main Character 'Lets Go Girls' Frame.webp,
Art & Abstract/sparkstore/Main Character 'Love Me' Frame.webp,Art & Abstract,Art & Abstract,sparkstore,Main Character 'Love Me' Frame.webp,keep,no,copy,Art & Abstract\sparkstore\Main Character 'Love Me' Frame.webp,
Art & Abstract/sparkstore/Main Character 'Love You' Frame.webp,Art & Abstract,Art & Abstract,sparkstore,Main Character 'Love You' Frame.webp,keep,no,copy,Art & Abstract\sparkstore\Main Character 'Love You' Frame.webp,
Art & Abstract/sparkstore/Main Character 'Love Yourself' Frame.webp,Art & Abstract,Art & Abstract,sparkstore,Main Character 'Love Yourself' Frame.webp,keep,no,copy,Art & Abstract\sparkstore\Main Character 'Love Yourself' Frame.webp,
Art & Abstract/sparkstore/Main Character 'Low Key' Frame.webp,Art & Abstract,Art & Abstract,sparkstore,Main Character 'Low Key' Frame.webp,keep,no,copy,Art & Abstract\sparkstore\Main Character 'Low Key' Frame.webp,
Art & Abstract/sparkstore/Main Character 'Lucky You' Frame.webp,Art & Abstract,Art & Abstract,sparkstore,Main Character 'Lucky You' Frame.webp,keep,no,copy,Art & Abstract\sparkstore\Main Character 'Lucky You' Frame.webp,
Art & Abstract/sparkstore/Main Character 'Mama Needs Coffee' Frame.webp,Art & Abstract,Art & Abstract,sparkstore,Main Character 'Mama Needs Coffee' Frame.webp,keep,no,copy,Art & Abstract\sparkstore\Main Character 'Mama Needs Coffee' Frame.webp,
Art & Abstract/sparkstore/Main Character 'Meow Power' Frame.webp,Art & Abstract,Art & Abstract,sparkstore,Main Character 'Meow Power' Frame.webp,keep,no,copy,Art & Abstract\sparkstore\Main Character 'Meow Power' Frame.webp,
Art & Abstract/sparkstore/Main Character 'Minimal Bloom' Frame.webp,Art & Abstract,Art & Abstract,sparkstore,Main Character 'Minimal Bloom' Frame.webp,keep,no,copy,Art & Abstract\sparkstore\Main Character 'Minimal Bloom' Frame.webp,
Art & Abstract/sparkstore/Main Character 'More Amor Por Favor' Frame.webp,Art & Abstract,Art & Abstract,sparkstore,Main Character 'More Amor Por Favor' Frame.webp,keep,no,copy,Art & Abstract\sparkstore\Main Character 'More Amor Por Favor' Frame.webp,
Art & Abstract/sparkstore/Main Character 'No Risk No Magic' Frame.webp,Art & Abstract,Art & Abstract,sparkstore,Main Character 'No Risk No Magic' Frame.webp,keep,no,copy,Art & Abstract\sparkstore\Main Character 'No Risk No Magic' Frame.webp,
Art & Abstract/sparkstore/Main Character 'Pink Bloom Energy' Frame.webp,Art & Abstract,Art & Abstract,sparkstore,Main Character 'Pink Bloom Energy' Frame.webp,keep,no,copy,Art & Abstract\sparkstore\Main Character 'Pink Bloom Energy' Frame.webp,
Art & Abstract/sparkstore/Main Character 'Pink Cherry Pop' Frame.webp,Art & Abstract,Art & Abstract,sparkstore,Main Character 'Pink Cherry Pop' Frame.webp,keep,no,copy,Art & Abstract\sparkstore\Main Character 'Pink Cherry Pop' Frame.webp,
Art & Abstract/sparkstore/Main Character 'Pink Disco Boots' Frame.webp,Art & Abstract,Art & Abstract,sparkstore,Main Character 'Pink Disco Boots' Frame.webp,keep,no,copy,Art & Abstract\sparkstore\Main Character 'Pink Disco Boots' Frame.webp,
Art & Abstract/sparkstore/Main Character 'Pink Disco Strawberries' Frame.webp,Art & Abstract,Art & Abstract,sparkstore,Main Character 'Pink Disco Strawberries' Frame.webp,keep,no,copy,Art & Abstract\sparkstore\Main Character 'Pink Disco Strawberries' Frame.webp,
Art & Abstract/sparkstore/Main Character 'Pink Luxe Doll' Frame.webp,Art & Abstract,Art & Abstract,sparkstore,Main Character 'Pink Luxe Doll' Frame.webp,keep,no,copy,Art & Abstract\sparkstore\Main Character 'Pink Luxe Doll' Frame.webp,
Art & Abstract/sparkstore/Main Character 'Pink Panther Bloom' Frame.webp,Art & Abstract,Art & Abstract,sparkstore,Main Character 'Pink Panther Bloom' Frame.webp,keep,no,copy,Art & Abstract\sparkstore\Main Character 'Pink Panther Bloom' Frame.webp,
Art & Abstract/sparkstore/Main Character 'Pink Pop Abstract' Frame.webp,Art & Abstract,Art & Abstract,sparkstore,Main Character 'Pink Pop Abstract' Frame.webp,keep,no,copy,Art & Abstract\sparkstore\Main Character 'Pink Pop Abstract' Frame.webp,
Art & Abstract/sparkstore/Main Character 'Pink Strawberry Glow' Frame.webp,Art & Abstract,Art & Abstract,sparkstore,Main Character 'Pink Strawberry Glow' Frame.webp,keep,no,copy,Art & Abstract\sparkstore\Main Character 'Pink Strawberry Glow' Frame.webp,
Art & Abstract/sparkstore/Main Character 'Pink Tiger Pounce' Frame.webp,Art & Abstract,Art & Abstract,sparkstore,Main Character 'Pink Tiger Pounce' Frame.webp,keep,no,copy,Art & Abstract\sparkstore\Main Character 'Pink Tiger Pounce' Frame.webp,
Art & Abstract/sparkstore/Main Character 'Push Your Limit' Frame.webp,Art & Abstract,Art & Abstract,sparkstore,Main Character 'Push Your Limit' Frame.webp,keep,no,copy,Art & Abstract\sparkstore\Main Character 'Push Your Limit' Frame.webp,
Art & Abstract/sparkstore/Main Character 'Retro Waves' Frame.webp,Art & Abstract,Art & Abstract,sparkstore,Main Character 'Retro Waves' Frame.webp,keep,no,copy,Art & Abstract\sparkstore\Main Character 'Retro Waves' Frame.webp,
Art & Abstract/sparkstore/Main Character 'Rules' Frame.webp,Art & Abstract,Art & Abstract,sparkstore,Main Character 'Rules' Frame.webp,keep,no,copy,Art & Abstract\sparkstore\Main Character 'Rules' Frame.webp,
Art & Abstract/sparkstore/Main Character 'See the Good' Frame.webp,Art & Abstract,Art & Abstract,sparkstore,Main Character 'See the Good' Frame.webp,keep,no,copy,Art & Abstract\sparkstore\Main Character 'See the Good' Frame.webp,
Art & Abstract/sparkstore/Main Character 'Self Love' Frame.webp,Art & Abstract,Art & Abstract,sparkstore,Main Character 'Self Love' Frame.webp,keep,no,copy,Art & Abstract\sparkstore\Main Character 'Self Love' Frame.webp,
Art & Abstract/sparkstore/Main Character 'Show Your Love' Frame.webp,Art & Abstract,Art & Abstract,sparkstore,Main Character 'Show Your Love' Frame.webp,keep,no,copy,Art & Abstract\sparkstore\Main Character 'Show Your Love' Frame.webp,
Art & Abstract/sparkstore/Main Character 'Sunburst Glow' Frame.webp,Art & Abstract,Art & Abstract,sparkstore,Main Character 'Sunburst Glow' Frame.webp,keep,no,copy,Art & Abstract\sparkstore\Main Character 'Sunburst Glow' Frame.webp,
Art & Abstract/sparkstore/Main Character 'Take a Deep Breath' Frame.webp,Art & Abstract,Art & Abstract,sparkstore,Main Character 'Take a Deep Breath' Frame.webp,keep,no,copy,Art & Abstract\sparkstore\Main Character 'Take a Deep Breath' Frame.webp,
Art & Abstract/sparkstore/Main Character 'Take It Easy' Frame.webp,Art & Abstract,Art & Abstract,sparkstore,Main Character 'Take It Easy' Frame.webp,keep,no,copy,Art & Abstract\sparkstore\Main Character 'Take It Easy' Frame.webp,
Art & Abstract/sparkstore/Main Character 'Take the Risk' Frame.webp,Art & Abstract,Art & Abstract,sparkstore,Main Character 'Take the Risk' Frame.webp,keep,no,copy,Art & Abstract\sparkstore\Main Character 'Take the Risk' Frame.webp,
Art & Abstract/sparkstore/Main Character 'The Best Investment' Frame.webp,Art & Abstract,Art & Abstract,sparkstore,Main Character 'The Best Investment' Frame.webp,keep,no,copy,Art & Abstract\sparkstore\Main Character 'The Best Investment' Frame.webp,
Art & Abstract/sparkstore/Main Character 'The New Yorker' Frame.webp,Art & Abstract,Art & Abstract,sparkstore,Main Character 'The New Yorker' Frame.webp,dismiss,no,copy,dismissed\Art & Abstract\sparkstore\Main Character 'The New Yorker' Frame.webp,
Art & Abstract/sparkstore/Main Character 'Tiger Clash' Frame.webp,Art & Abstract,Art & Abstract,sparkstore,Main Character 'Tiger Clash' Frame.webp,keep,no,copy,Art & Abstract\sparkstore\Main Character 'Tiger Clash' Frame.webp,
Art & Abstract/sparkstore/Main Character 'What's The Best' Frame.webp,Art & Abstract,Art & Abstract,sparkstore,Main Character 'What's The Best' Frame.webp,keep,no,copy,Art & Abstract\sparkstore\Main Character 'What's The Best' Frame.webp,
Art & Abstract/sparkstore/Main Character 'When Life Gives Lemons' Frame.webp,Art & Abstract,Art & Abstract,sparkstore,Main Character 'When Life Gives Lemons' Frame.webp,keep,no,copy,Art & Abstract\sparkstore\Main Character 'When Life Gives Lemons' Frame.webp,
Art & Abstract/sparkstore/Main Character 'You Can Do Things' Frame.webp,Art & Abstract,Art & Abstract,sparkstore,Main Character 'You Can Do Things' Frame.webp,keep,no,copy,Art & Abstract\sparkstore\Main Character 'You Can Do Things' Frame.webp,
Art & Abstract/sparkstore/Main Character 'You Got This' Frame.webp,Art & Abstract,Art & Abstract,sparkstore,Main Character 'You Got This' Frame.webp,dismiss,no,copy,dismissed\Art & Abstract\sparkstore\Main Character 'You Got This' Frame.webp,
Art & Abstract/sparkstore/Main Character 'You Make Better' Frame.webp,Art & Abstract,Art & Abstract,sparkstore,Main Character 'You Make Better' Frame.webp,keep,no,copy,Art & Abstract\sparkstore\Main Character 'You Make Better' Frame.webp,
Art & Abstract/sparkstore/Main Character 'You Need To Be' Frame.webp,Art & Abstract,Art & Abstract,sparkstore,Main Character 'You Need To Be' Frame.webp,keep,no,copy,Art & Abstract\sparkstore\Main Character 'You Need To Be' Frame.webp,
Art & Abstract/sparkstore/Main Character 'Youre Doing Amazing Sweetie' Frame.webp,Art & Abstract,Art & Abstract,sparkstore,Main Character 'Youre Doing Amazing Sweetie' Frame.webp,keep,no,copy,Art & Abstract\sparkstore\Main Character 'Youre Doing Amazing Sweetie' Frame.webp,
Art & Abstract/sparkstore/Midnight Wolf Frame.webp,Art & Abstract,Art & Abstract,sparkstore,Midnight Wolf Frame.webp,dismiss,no,copy,dismissed\Art & Abstract\sparkstore\Midnight Wolf Frame.webp,
Art & Abstract/sparkstore/Mona Lisa 'Afterlife Fiesta' Frame.webp,Art & Abstract,Art & Abstract,sparkstore,Mona Lisa 'Afterlife Fiesta' Frame.webp,keep,no,copy,Art & Abstract\sparkstore\Mona Lisa 'Afterlife Fiesta' Frame.webp,
Art & Abstract/sparkstore/Mona Lisa 'Contemporary Chaos' Frame.webp,Art & Abstract,Art & Abstract,sparkstore,Mona Lisa 'Contemporary Chaos' Frame.webp,dismiss,no,copy,dismissed\Art & Abstract\sparkstore\Mona Lisa 'Contemporary Chaos' Frame.webp,
Art & Abstract/sparkstore/Mona Lisa 'Featuring Van Gogh' Frame.webp,Art & Abstract,Art & Abstract,sparkstore,Mona Lisa 'Featuring Van Gogh' Frame.webp,dismiss,no,copy,dismissed\Art & Abstract\sparkstore\Mona Lisa 'Featuring Van Gogh' Frame.webp,
Art & Abstract/sparkstore/Mona Lisa 'In The World of Pop Graffiti' Frame.webp,Art & Abstract,Art & Abstract,sparkstore,Mona Lisa 'In The World of Pop Graffiti' Frame.webp,dismiss,no,copy,dismissed\Art & Abstract\sparkstore\Mona Lisa 'In The World of Pop Graffiti' Frame.webp,
Art & Abstract/sparkstore/Mona Lisa 'Journey Through Art' Frame.webp,Art & Abstract,Art & Abstract,sparkstore,Mona Lisa 'Journey Through Art' Frame.webp,dismiss,no,copy,dismissed\Art & Abstract\sparkstore\Mona Lisa 'Journey Through Art' Frame.webp,
Art & Abstract/sparkstore/Mona Lisa 'Mona's New Groove' Frame.webp,Art & Abstract,Art & Abstract,sparkstore,Mona Lisa 'Mona's New Groove' Frame.webp,dismiss,no,copy,dismissed\Art & Abstract\sparkstore\Mona Lisa 'Mona's New Groove' Frame.webp,
Art & Abstract/sparkstore/Mona Lisa 'Street Vibe' Frame.webp,Art & Abstract,Art & Abstract,sparkstore,Mona Lisa 'Street Vibe' Frame.webp,dismiss,no,copy,dismissed\Art & Abstract\sparkstore\Mona Lisa 'Street Vibe' Frame.webp,
Art & Abstract/sparkstore/Mona Lisa 'The Queen' Frame.webp,Art & Abstract,Art & Abstract,sparkstore,Mona Lisa 'The Queen' Frame.webp,dismiss,no,copy,dismissed\Art & Abstract\sparkstore\Mona Lisa 'The Queen' Frame.webp,
Art & Abstract/sparkstore/Monochrome 'Aperture Study' Frame.webp,Art & Abstract,Art & Abstract,sparkstore,Monochrome 'Aperture Study' Frame.webp,keep,no,copy,Art & Abstract\sparkstore\Monochrome 'Aperture Study' Frame.webp,
Art & Abstract/sparkstore/Monochrome 'Arachne Bloom' Frame.webp,Art & Abstract,Art & Abstract,sparkstore,Monochrome 'Arachne Bloom' Frame.webp,keep,no,copy,Art & Abstract\sparkstore\Monochrome 'Arachne Bloom' Frame.webp,
Art & Abstract/sparkstore/Monochrome 'Ascendant Passage' Frame.webp,Art & Abstract,Art & Abstract,sparkstore,Monochrome 'Ascendant Passage' Frame.webp,keep,no,copy,Art & Abstract\sparkstore\Monochrome 'Ascendant Passage' Frame.webp,
Art & Abstract/sparkstore/Monochrome 'Blurred Motion' Frame.webp,Art & Abstract,Art & Abstract,sparkstore,Monochrome 'Blurred Motion' Frame.webp,keep,no,copy,Art & Abstract\sparkstore\Monochrome 'Blurred Motion' Frame.webp,
Art & Abstract/sparkstore/Monochrome 'Chronicle Array' Frame.webp,Art & Abstract,Art & Abstract,sparkstore,Monochrome 'Chronicle Array' Frame.webp,keep,no,copy,Art & Abstract\sparkstore\Monochrome 'Chronicle Array' Frame.webp,
Art & Abstract/sparkstore/Monochrome 'Defiant Glamour' Frame.webp,Art & Abstract,Art & Abstract,sparkstore,Monochrome 'Defiant Glamour' Frame.webp,keep,no,copy,Art & Abstract\sparkstore\Monochrome 'Defiant Glamour' Frame.webp,
Art & Abstract/sparkstore/Monochrome 'Diagonal Crossing' Frame.webp,Art & Abstract,Art & Abstract,sparkstore,Monochrome 'Diagonal Crossing' Frame.webp,dismiss,no,copy,dismissed\Art & Abstract\sparkstore\Monochrome 'Diagonal Crossing' Frame.webp,
Art & Abstract/sparkstore/Monochrome 'Eclipse Aperture' Frame.webp,Art & Abstract,Art & Abstract,sparkstore,Monochrome 'Eclipse Aperture' Frame.webp,keep,no,copy,Art & Abstract\sparkstore\Monochrome 'Eclipse Aperture' Frame.webp,
Art & Abstract/sparkstore/Monochrome 'Eiffel Nocturne' Frame.webp,Art & Abstract,Art & Abstract,sparkstore,Monochrome 'Eiffel Nocturne' Frame.webp,keep,no,copy,Art & Abstract\sparkstore\Monochrome 'Eiffel Nocturne' Frame.webp,
Art & Abstract/sparkstore/Monochrome 'Filament Halo' Frame.webp,Art & Abstract,Art & Abstract,sparkstore,Monochrome 'Filament Halo' Frame.webp,keep,no,copy,Art & Abstract\sparkstore\Monochrome 'Filament Halo' Frame.webp,
Art & Abstract/sparkstore/Monochrome 'Fractured Meridian' Frame.webp,Art & Abstract,Art & Abstract,sparkstore,Monochrome 'Fractured Meridian' Frame.webp,keep,no,copy,Art & Abstract\sparkstore\Monochrome 'Fractured Meridian' Frame.webp,
Art & Abstract/sparkstore/Monochrome 'Gaze Passage' Frame.webp,Art & Abstract,Art & Abstract,sparkstore,Monochrome 'Gaze Passage' Frame.webp,dismiss,no,copy,dismissed\Art & Abstract\sparkstore\Monochrome 'Gaze Passage' Frame.webp,
Art & Abstract/sparkstore/Monochrome 'Glamour Checkmate' Frame.webp,Art & Abstract,Art & Abstract,sparkstore,Monochrome 'Glamour Checkmate' Frame.webp,dismiss,no,copy,dismissed\Art & Abstract\sparkstore\Monochrome 'Glamour Checkmate' Frame.webp,
Art & Abstract/sparkstore/Monochrome 'Lacquered Vogue' Frame.webp,Art & Abstract,Art & Abstract,sparkstore,Monochrome 'Lacquered Vogue' Frame.webp,dismiss,no,copy,dismissed\Art & Abstract\sparkstore\Monochrome 'Lacquered Vogue' Frame.webp,
Art & Abstract/sparkstore/Monochrome 'Lens Archive' Frame.webp,Art & Abstract,Art & Abstract,sparkstore,Monochrome 'Lens Archive' Frame.webp,keep,no,copy,Art & Abstract\sparkstore\Monochrome 'Lens Archive' Frame.webp,
Art & Abstract/sparkstore/Monochrome 'Luminous Duet' Frame.webp,Art & Abstract,Art & Abstract,sparkstore,Monochrome 'Luminous Duet' Frame.webp,dismiss,no,copy,dismissed\Art & Abstract\sparkstore\Monochrome 'Luminous Duet' Frame.webp,
Art & Abstract/sparkstore/Monochrome 'Lunar Phase Study' Frame.webp,Art & Abstract,Art & Abstract,sparkstore,Monochrome 'Lunar Phase Study' Frame.webp,keep,no,copy,Art & Abstract\sparkstore\Monochrome 'Lunar Phase Study' Frame.webp,
Art & Abstract/sparkstore/Monochrome 'Midnight Provocation' Frame.webp,Art & Abstract,Art & Abstract,sparkstore,Monochrome 'Midnight Provocation' Frame.webp,dismiss,no,copy,dismissed\Art & Abstract\sparkstore\Monochrome 'Midnight Provocation' Frame.webp,
Art & Abstract/sparkstore/Monochrome 'Mirror Pulse' Frame.webp,Art & Abstract,Art & Abstract,sparkstore,Monochrome 'Mirror Pulse' Frame.webp,dismiss,no,copy,dismissed\Art & Abstract\sparkstore\Monochrome 'Mirror Pulse' Frame.webp,
Art & Abstract/sparkstore/Monochrome 'Mistbound Pines' Frame.webp,Art & Abstract,Art & Abstract,sparkstore,Monochrome 'Mistbound Pines' Frame.webp,keep,no,copy,Art & Abstract\sparkstore\Monochrome 'Mistbound Pines' Frame.webp,
Art & Abstract/sparkstore/Monochrome 'Nocturnal Silhouette' Frame.webp,Art & Abstract,Art & Abstract,sparkstore,Monochrome 'Nocturnal Silhouette' Frame.webp,keep,no,copy,Art & Abstract\sparkstore\Monochrome 'Nocturnal Silhouette' Frame.webp,
Art & Abstract/sparkstore/Monochrome 'Nocturne Anthem' Frame.webp,Art & Abstract,Art & Abstract,sparkstore,Monochrome 'Nocturne Anthem' Frame.webp,dismiss,no,copy,dismissed\Art & Abstract\sparkstore\Monochrome 'Nocturne Anthem' Frame.webp,
Art & Abstract/sparkstore/Monochrome 'Nocturne Veil' Frame.webp,Art & Abstract,Art & Abstract,sparkstore,Monochrome 'Nocturne Veil' Frame.webp,dismiss,no,copy,dismissed\Art & Abstract\sparkstore\Monochrome 'Nocturne Veil' Frame.webp,
Art & Abstract/sparkstore/Monochrome 'Noir Kissed Echoes' Frame.webp,Art & Abstract,Art & Abstract,sparkstore,Monochrome 'Noir Kissed Echoes' Frame.webp,keep,no,copy,Art & Abstract\sparkstore\Monochrome 'Noir Kissed Echoes' Frame.webp,
Art & Abstract/sparkstore/Monochrome 'Orbit Needle' Frame.webp,Art & Abstract,Art & Abstract,sparkstore,Monochrome 'Orbit Needle' Frame.webp,keep,no,copy,Art & Abstract\sparkstore\Monochrome 'Orbit Needle' Frame.webp,
Art & Abstract/sparkstore/Monochrome 'Puppet Veil' Frame.webp,Art & Abstract,Art & Abstract,sparkstore,Monochrome 'Puppet Veil' Frame.webp,keep,no,copy,Art & Abstract\sparkstore\Monochrome 'Puppet Veil' Frame.webp,
Art & Abstract/sparkstore/Monochrome 'Quiet Aperture' Frame.webp,Art & Abstract,Art & Abstract,sparkstore,Monochrome 'Quiet Aperture' Frame.webp,dismiss,no,copy,dismissed\Art & Abstract\sparkstore\Monochrome 'Quiet Aperture' Frame.webp,
Art & Abstract/sparkstore/Monochrome 'Rebel Fender' Frame.webp,Art & Abstract,Art & Abstract,sparkstore,Monochrome 'Rebel Fender' Frame.webp,dismiss,no,copy,dismissed\Art & Abstract\sparkstore\Monochrome 'Rebel Fender' Frame.webp,
Art & Abstract/sparkstore/Monochrome 'Shadow Veil' Frame.webp,Art & Abstract,Art & Abstract,sparkstore,Monochrome 'Shadow Veil' Frame.webp,dismiss,no,copy,dismissed\Art & Abstract\sparkstore\Monochrome 'Shadow Veil' Frame.webp,
Art & Abstract/sparkstore/Monochrome 'Silent Contour' Frame.webp,Art & Abstract,Art & Abstract,sparkstore,Monochrome 'Silent Contour' Frame.webp,dismiss,no,copy,dismissed\Art & Abstract\sparkstore\Monochrome 'Silent Contour' Frame.webp,
Art & Abstract/sparkstore/Monochrome 'Silent Embrace' Frame.webp,Art & Abstract,Art & Abstract,sparkstore,Monochrome 'Silent Embrace' Frame.webp,keep,no,copy,Art & Abstract\sparkstore\Monochrome 'Silent Embrace' Frame.webp,
Art & Abstract/sparkstore/Monochrome 'Silent Exchange' Frame.webp,Art & Abstract,Art & Abstract,sparkstore,Monochrome 'Silent Exchange' Frame.webp,keep,no,copy,Art & Abstract\sparkstore\Monochrome 'Silent Exchange' Frame.webp,
Art & Abstract/sparkstore/Monochrome 'Silent Feline' Frame.webp,Art & Abstract,Art & Abstract,sparkstore,Monochrome 'Silent Feline' Frame.webp,keep,no,copy,Art & Abstract\sparkstore\Monochrome 'Silent Feline' Frame.webp,
Art & Abstract/sparkstore/Monochrome 'Silent Gesture' Frame.webp,Art & Abstract,Art & Abstract,sparkstore,Monochrome 'Silent Gesture' Frame.webp,dismiss,no,copy,dismissed\Art & Abstract\sparkstore\Monochrome 'Silent Gesture' Frame.webp,
Art & Abstract/sparkstore/Monochrome 'Silent Glide' Frame.webp,Art & Abstract,Art & Abstract,sparkstore,Monochrome 'Silent Glide' Frame.webp,keep,no,copy,Art & Abstract\sparkstore\Monochrome 'Silent Glide' Frame.webp,
Art & Abstract/sparkstore/Monochrome 'Silent Profile' Frame.webp,Art & Abstract,Art & Abstract,sparkstore,Monochrome 'Silent Profile' Frame.webp,keep,no,copy,Art & Abstract\sparkstore\Monochrome 'Silent Profile' Frame.webp,
Art & Abstract/sparkstore/Monochrome 'Silent Smoke' Frame.webp,Art & Abstract,Art & Abstract,sparkstore,Monochrome 'Silent Smoke' Frame.webp,dismiss,no,copy,dismissed\Art & Abstract\sparkstore\Monochrome 'Silent Smoke' Frame.webp,
Art & Abstract/sparkstore/Monochrome 'Silent Wings' Frame.webp,Art & Abstract,Art & Abstract,sparkstore,Monochrome 'Silent Wings' Frame.webp,keep,no,copy,Art & Abstract\sparkstore\Monochrome 'Silent Wings' Frame.webp,
Art & Abstract/sparkstore/Monochrome 'Sinuous Form' Frame.webp,Art & Abstract,Art & Abstract,sparkstore,Monochrome 'Sinuous Form' Frame.webp,dismiss,no,copy,dismissed\Art & Abstract\sparkstore\Monochrome 'Sinuous Form' Frame.webp,
Art & Abstract/sparkstore/Monochrome 'Tidal Silence' Frame.webp,Art & Abstract,Art & Abstract,sparkstore,Monochrome 'Tidal Silence' Frame.webp,keep,no,copy,Art & Abstract\sparkstore\Monochrome 'Tidal Silence' Frame.webp,
Art & Abstract/sparkstore/Monochrome 'Veiled Gaze' Frame.webp,Art & Abstract,Art & Abstract,sparkstore,Monochrome 'Veiled Gaze' Frame.webp,keep,no,copy,Art & Abstract\sparkstore\Monochrome 'Veiled Gaze' Frame.webp,
Art & Abstract/sparkstore/Monochrome 'Veiled Motion' Frame.webp,Art & Abstract,Art & Abstract,sparkstore,Monochrome 'Veiled Motion' Frame.webp,dismiss,no,copy,dismissed\Art & Abstract\sparkstore\Monochrome 'Veiled Motion' Frame.webp,
Art & Abstract/sparkstore/Monochrome 'Veiled Threshold' Frame.webp,Art & Abstract,Art & Abstract,sparkstore,Monochrome 'Veiled Threshold' Frame.webp,dismiss,no,copy,dismissed\Art & Abstract\sparkstore\Monochrome 'Veiled Threshold' Frame.webp,
Art & Abstract/sparkstore/Monochrome 'Velvet Panther' Frame.webp,Art & Abstract,Art & Abstract,sparkstore,Monochrome 'Velvet Panther' Frame.webp,keep,no,copy,Art & Abstract\sparkstore\Monochrome 'Velvet Panther' Frame.webp,
Art & Abstract/sparkstore/Monochrome 'Verdant Stillness' Frame.webp,Art & Abstract,Art & Abstract,sparkstore,Monochrome 'Verdant Stillness' Frame.webp,keep,no,copy,Art & Abstract\sparkstore\Monochrome 'Verdant Stillness' Frame.webp,
Art & Abstract/sparkstore/Monochrome 'Vocal Triptych' Frame.webp,Art & Abstract,Art & Abstract,sparkstore,Monochrome 'Vocal Triptych' Frame.webp,keep,no,copy,Art & Abstract\sparkstore\Monochrome 'Vocal Triptych' Frame.webp,
Art & Abstract/sparkstore/Mystic Octopus Frame.webp,Art & Abstract,Art & Abstract,sparkstore,Mystic Octopus Frame.webp,dismiss,no,copy,dismissed\Art & Abstract\sparkstore\Mystic Octopus Frame.webp,
Art & Abstract/sparkstore/Phoenix 'Rising Flames' Frame.webp,Art & Abstract,Art & Abstract,sparkstore,Phoenix 'Rising Flames' Frame.webp,dismiss,no,copy,dismissed\Art & Abstract\sparkstore\Phoenix 'Rising Flames' Frame.webp,
Art & Abstract/sparkstore/Scorpion's Golden Stinger Frame.webp,Art & Abstract,Art & Abstract,sparkstore,Scorpion's Golden Stinger Frame.webp,dismiss,no,copy,dismissed\Art & Abstract\sparkstore\Scorpion's Golden Stinger Frame.webp,
Art & Abstract/sparkstore/Spiderman 'A Hero's Resolve' Frame.webp,Art & Abstract,Art & Abstract,sparkstore,Spiderman 'A Hero's Resolve' Frame.webp,keep,no,copy,Art & Abstract\sparkstore\Spiderman 'A Hero's Resolve' Frame.webp,
Art & Abstract/sparkstore/Spiderman 'A Spectrum of Suits' Frame.webp,Art & Abstract,Art & Abstract,sparkstore,Spiderman 'A Spectrum of Suits' Frame.webp,keep,no,copy,Art & Abstract\sparkstore\Spiderman 'A Spectrum of Suits' Frame.webp,
Art & Abstract/sparkstore/Spiderman 'Abstract Arachnid' Frame.webp,Art & Abstract,Art & Abstract,sparkstore,Spiderman 'Abstract Arachnid' Frame.webp,keep,no,copy,Art & Abstract\sparkstore\Spiderman 'Abstract Arachnid' Frame.webp,
Art & Abstract/sparkstore/Spiderman 'Spider Sense' Frame.webp,Art & Abstract,Art & Abstract,sparkstore,Spiderman 'Spider Sense' Frame.webp,keep,no,copy,Art & Abstract\sparkstore\Spiderman 'Spider Sense' Frame.webp,
Art & Abstract/sparkstore/Spiderman 'Spider's Chronicles' Frame.webp,Art & Abstract,Art & Abstract,sparkstore,Spiderman 'Spider's Chronicles' Frame.webp,keep,no,copy,Art & Abstract\sparkstore\Spiderman 'Spider's Chronicles' Frame.webp,
Art & Abstract/sparkstore/Spiderman 'The Spider's Descent' Frame.webp,Art & Abstract,Art & Abstract,sparkstore,Spiderman 'The Spider's Descent' Frame.webp,keep,no,copy,Art & Abstract\sparkstore\Spiderman 'The Spider's Descent' Frame.webp,
Art & Abstract/sparkstore/Spiderman 'Urban Swing' Frame.webp,Art & Abstract,Art & Abstract,sparkstore,Spiderman 'Urban Swing' Frame.webp,keep,no,copy,Art & Abstract\sparkstore\Spiderman 'Urban Swing' Frame.webp,
Art & Abstract/sparkstore/Spiderman 'Web of Intrigue' Frame.webp,Art & Abstract,Art & Abstract,sparkstore,Spiderman 'Web of Intrigue' Frame.webp,keep,no,copy,Art & Abstract\sparkstore\Spiderman 'Web of Intrigue' Frame.webp,
Art & Abstract/sparkstore/Spiderman 'Web Slingers' Frame.webp,Art & Abstract,Art & Abstract,sparkstore,Spiderman 'Web Slingers' Frame.webp,keep,no,copy,Art & Abstract\sparkstore\Spiderman 'Web Slingers' Frame.webp,
Art & Abstract/sparkstore/Spirits 'Celestial Dance' Frame.webp,Art & Abstract,Art & Abstract,sparkstore,Spirits 'Celestial Dance' Frame.webp,keep,no,copy,Art & Abstract\sparkstore\Spirits 'Celestial Dance' Frame.webp,
Art & Abstract/sparkstore/Spirits 'Cosmic Consciousness' Frame.webp,Art & Abstract,Art & Abstract,sparkstore,Spirits 'Cosmic Consciousness' Frame.webp,keep,no,copy,Art & Abstract\sparkstore\Spirits 'Cosmic Consciousness' Frame.webp,
Art & Abstract/sparkstore/Spirits 'Cosmic Duality' Frame.webp,Art & Abstract,Art & Abstract,sparkstore,Spirits 'Cosmic Duality' Frame.webp,dismiss,no,copy,dismissed\Art & Abstract\sparkstore\Spirits 'Cosmic Duality' Frame.webp,
Art & Abstract/sparkstore/Spirits 'Cosmic Reverie' Frame.webp,Art & Abstract,Art & Abstract,sparkstore,Spirits 'Cosmic Reverie' Frame.webp,dismiss,no,copy,dismissed\Art & Abstract\sparkstore\Spirits 'Cosmic Reverie' Frame.webp,
Art & Abstract/sparkstore/Spirits 'Ethereal Fusion' Frame.webp,Art & Abstract,Art & Abstract,sparkstore,Spirits 'Ethereal Fusion' Frame.webp,dismiss,no,copy,dismissed\Art & Abstract\sparkstore\Spirits 'Ethereal Fusion' Frame.webp,
Art & Abstract/sparkstore/Spirits 'Galactic Ascension' Frame.webp,Art & Abstract,Art & Abstract,sparkstore,Spirits 'Galactic Ascension' Frame.webp,keep,no,copy,Art & Abstract\sparkstore\Spirits 'Galactic Ascension' Frame.webp,
Art & Abstract/sparkstore/Spirits 'Glowing Reverie' Frame.webp,Art & Abstract,Art & Abstract,sparkstore,Spirits 'Glowing Reverie' Frame.webp,dismiss,no,copy,dismissed\Art & Abstract\sparkstore\Spirits 'Glowing Reverie' Frame.webp,
Art & Abstract/sparkstore/Spirits 'Save Your Energy' Frame.webp,Art & Abstract,Art & Abstract,sparkstore,Spirits 'Save Your Energy' Frame.webp,keep,no,copy,Art & Abstract\sparkstore\Spirits 'Save Your Energy' Frame.webp,
Art & Abstract/sparkstore/Spirits 'Skeletal Symphony' Frame.webp,Art & Abstract,Art & Abstract,sparkstore,Spirits 'Skeletal Symphony' Frame.webp,dismiss,no,copy,dismissed\Art & Abstract\sparkstore\Spirits 'Skeletal Symphony' Frame.webp,
Art & Abstract/sparkstore/Spirits 'Universe In Harmony' Frame.webp,Art & Abstract,Art & Abstract,sparkstore,Spirits 'Universe In Harmony' Frame.webp,keep,no,copy,Art & Abstract\sparkstore\Spirits 'Universe In Harmony' Frame.webp,
Art & Abstract/sparkstore/Surreal 'Apple Of My Eye' Frame.webp,Art & Abstract,Art & Abstract,sparkstore,Surreal 'Apple Of My Eye' Frame.webp,dismiss,no,copy,dismissed\Art & Abstract\sparkstore\Surreal 'Apple Of My Eye' Frame.webp,
Art & Abstract/sparkstore/Surreal 'Are You Lost' Frame.webp,Art & Abstract,Art & Abstract,sparkstore,Surreal 'Are You Lost' Frame.webp,keep,no,copy,Art & Abstract\sparkstore\Surreal 'Are You Lost' Frame.webp,
Art & Abstract/sparkstore/Surreal 'Celestial Clutch' Frame.webp,Art & Abstract,Art & Abstract,sparkstore,Surreal 'Celestial Clutch' Frame.webp,keep,no,copy,Art & Abstract\sparkstore\Surreal 'Celestial Clutch' Frame.webp,
Art & Abstract/sparkstore/Surreal 'Flight of Thoughts' Frame.webp,Art & Abstract,Art & Abstract,sparkstore,Surreal 'Flight of Thoughts' Frame.webp,keep,no,copy,Art & Abstract\sparkstore\Surreal 'Flight of Thoughts' Frame.webp,
Art & Abstract/sparkstore/Surreal 'Fluttering Through Time' Frame.webp,Art & Abstract,Art & Abstract,sparkstore,Surreal 'Fluttering Through Time' Frame.webp,dismiss,no,copy,dismissed\Art & Abstract\sparkstore\Surreal 'Fluttering Through Time' Frame.webp,
Art & Abstract/sparkstore/Surreal 'Otherworldly Delirium' Frame.webp,Art & Abstract,Art & Abstract,sparkstore,Surreal 'Otherworldly Delirium' Frame.webp,dismiss,no,copy,dismissed\Art & Abstract\sparkstore\Surreal 'Otherworldly Delirium' Frame.webp,
Art & Abstract/sparkstore/Surreal 'Stairway to Heaven' Frame.webp,Art & Abstract,Art & Abstract,sparkstore,Surreal 'Stairway to Heaven' Frame.webp,keep,no,copy,Art & Abstract\sparkstore\Surreal 'Stairway to Heaven' Frame.webp,
Art & Abstract/sparkstore/Surreal 'Visionary Horizon' Frame.webp,Art & Abstract,Art & Abstract,sparkstore,Surreal 'Visionary Horizon' Frame.webp,keep,no,copy,Art & Abstract\sparkstore\Surreal 'Visionary Horizon' Frame.webp,
Art & Abstract/sparkstore/The Dragon's Gaze Frame.webp,Art & Abstract,Art & Abstract,sparkstore,The Dragon's Gaze Frame.webp,dismiss,no,copy,dismissed\Art & Abstract\sparkstore\The Dragon's Gaze Frame.webp,
Art & Abstract/sparkstore/The Immortal Leopard Frame.webp,Art & Abstract,Art & Abstract,sparkstore,The Immortal Leopard Frame.webp,dismiss,no,copy,dismissed\Art & Abstract\sparkstore\The Immortal Leopard Frame.webp,
Art & Abstract/sparkstore/The Imperial Bear Frame.webp,Art & Abstract,Art & Abstract,sparkstore,The Imperial Bear Frame.webp,dismiss,no,copy,dismissed\Art & Abstract\sparkstore\The Imperial Bear Frame.webp,
Art & Abstract/sparkstore/The Phoenix Eternal Rebirth Frame.webp,Art & Abstract,Art & Abstract,sparkstore,The Phoenix Eternal Rebirth Frame.webp,dismiss,no,copy,dismissed\Art & Abstract\sparkstore\The Phoenix Eternal Rebirth Frame.webp,
Art & Abstract/sparkstore/VALORANT 'Champion's Fury' Frame.webp,Art & Abstract,Art & Abstract,sparkstore,VALORANT 'Champion's Fury' Frame.webp,dismiss,no,copy,dismissed\Art & Abstract\sparkstore\VALORANT 'Champion's Fury' Frame.webp,
Art & Abstract/sparkstore/VALORANT 'Cyber Ninja' Frame.webp,Art & Abstract,Art & Abstract,sparkstore,VALORANT 'Cyber Ninja' Frame.webp,dismiss,no,copy,dismissed\Art & Abstract\sparkstore\VALORANT 'Cyber Ninja' Frame.webp,
Art & Abstract/sparkstore/VALORANT 'Heartless Elegance' Frame.webp,Art & Abstract,Art & Abstract,sparkstore,VALORANT 'Heartless Elegance' Frame.webp,dismiss,no,copy,dismissed\Art & Abstract\sparkstore\VALORANT 'Heartless Elegance' Frame.webp,
Art & Abstract/sparkstore/VALORANT 'Jett The Windblade Assassin' Frame.webp,Art & Abstract,Art & Abstract,sparkstore,VALORANT 'Jett The Windblade Assassin' Frame.webp,dismiss,no,copy,dismissed\Art & Abstract\sparkstore\VALORANT 'Jett The Windblade Assassin' Frame.webp,
Art & Abstract/sparkstore/VALORANT 'Spectral Sentinel' Frame.webp,Art & Abstract,Art & Abstract,sparkstore,VALORANT 'Spectral Sentinel' Frame.webp,keep,no,copy,Art & Abstract\sparkstore\VALORANT 'Spectral Sentinel' Frame.webp,
Art & Abstract/sparkstore/VALORANT 'Striking Edge' Frame.webp,Art & Abstract,Art & Abstract,sparkstore,VALORANT 'Striking Edge' Frame.webp,keep,no,copy,Art & Abstract\sparkstore\VALORANT 'Striking Edge' Frame.webp,
Art & Abstract/sparkstore/Valorant 'Vibrant Agents' Frame.webp,Art & Abstract,Art & Abstract,sparkstore,Valorant 'Vibrant Agents' Frame.webp,keep,no,copy,Art & Abstract\sparkstore\Valorant 'Vibrant Agents' Frame.webp,
Art & Abstract/sparkstore/VALORANT 'Viper - Sabine Callas Controller' Frame.webp,Art & Abstract,Art & Abstract,sparkstore,VALORANT 'Viper - Sabine Callas Controller' Frame.webp,keep,no,copy,Art & Abstract\sparkstore\VALORANT 'Viper - Sabine Callas Controller' Frame.webp,
Basketball/printiteg/Basketball Spin Frame.webp,Basketball,Basketball,printiteg,Basketball Spin Frame.webp,keep,no,copy,Basketball\printiteg\Basketball Spin Frame.webp,
Basketball/printiteg/Chicago Bulls Frame.webp,Basketball,Basketball,printiteg,Chicago Bulls Frame.webp,dismiss,no,copy,dismissed\Basketball\printiteg\Chicago Bulls Frame.webp,
Basketball/printiteg/Just Start Kobe Frame.webp,Basketball,Basketball,printiteg,Just Start Kobe Frame.webp,keep,no,copy,Basketball\printiteg\Just Start Kobe Frame.webp,
Basketball/printiteg/Kobe Bryant Frame.webp,Basketball,Basketball,printiteg,Kobe Bryant Frame.webp,keep,no,copy,Basketball\printiteg\Kobe Bryant Frame.webp,
Basketball/printiteg/Kobe Frame.webp,Basketball,Basketball,printiteg,Kobe Frame.webp,keep,no,copy,Basketball\printiteg\Kobe Frame.webp,
Basketball/printiteg/Prove Them Wrong Curry Frame.webp,Basketball,Basketball,printiteg,Prove Them Wrong Curry Frame.webp,keep,no,copy,Basketball\printiteg\Prove Them Wrong Curry Frame.webp,
Basketball/printiteg/Steph Curry Frame.webp,Basketball,Basketball,printiteg,Steph Curry Frame.webp,keep,no,copy,Basketball\printiteg\Steph Curry Frame.webp,
Basketball/printiteg/Stephen Curry MVP Frame.webp,Basketball,Basketball,printiteg,Stephen Curry MVP Frame.webp,keep,no,copy,Basketball\printiteg\Stephen Curry MVP Frame.webp,
Basketball/printiteg/Work For it KD Frame.webp,Basketball,Basketball,printiteg,Work For it KD Frame.webp,keep,no,copy,Basketball\printiteg\Work For it KD Frame.webp,
Cars & Motorsport/frameium/AMG.webp,Cars & Motorsport,Cars & Motorsport,frameium,AMG.webp,dismiss,no,copy,dismissed\Cars & Motorsport\frameium\AMG.webp,
Cars & Motorsport/frameium/BMW (2).webp,Cars & Motorsport,Cars & Motorsport,frameium,BMW (2).webp,keep,no,copy,Cars & Motorsport\frameium\BMW (2).webp,
Cars & Motorsport/frameium/BMW (3).webp,Cars & Motorsport,Cars & Motorsport,frameium,BMW (3).webp,keep,no,copy,Cars & Motorsport\frameium\BMW (3).webp,
Cars & Motorsport/frameium/BMW (4).webp,Cars & Motorsport,Cars & Motorsport,frameium,BMW (4).webp,keep,no,copy,Cars & Motorsport\frameium\BMW (4).webp,
Cars & Motorsport/frameium/BMW M3 GTR.webp,Cars & Motorsport,Cars & Motorsport,frameium,BMW M3 GTR.webp,keep,no,copy,Cars & Motorsport\frameium\BMW M3 GTR.webp,
Cars & Motorsport/frameium/BMW M3.webp,Cars & Motorsport,Cars & Motorsport,frameium,BMW M3.webp,keep,no,copy,Cars & Motorsport\frameium\BMW M3.webp,
Cars & Motorsport/frameium/BMW M5 CS (F90).webp,Cars & Motorsport,Cars & Motorsport,frameium,BMW M5 CS (F90).webp,keep,no,copy,Cars & Motorsport\frameium\BMW M5 CS (F90).webp,
Cars & Motorsport/frameium/Car (6).webp,Cars & Motorsport,Cars & Motorsport,frameium,Car (6).webp,keep,no,copy,Cars & Motorsport\frameium\Car (6).webp,
Cars & Motorsport/frameium/Cartier Night City.webp,Cars & Motorsport,Cars & Motorsport,frameium,Cartier Night City.webp,keep,no,copy,Cars & Motorsport\frameium\Cartier Night City.webp,
Cars & Motorsport/frameium/Cartier Panther.webp,Cars & Motorsport,Cars & Motorsport,frameium,Cartier Panther.webp,keep,no,copy,Cars & Motorsport\frameium\Cartier Panther.webp,
Cars & Motorsport/frameium/CARVAJAL (2).webp,Cars & Motorsport,Cars & Motorsport,frameium,CARVAJAL (2).webp,keep,no,copy,Cars & Motorsport\frameium\CARVAJAL (2).webp,
Cars & Motorsport/frameium/CARVAJAL (3).webp,Cars & Motorsport,Cars & Motorsport,frameium,CARVAJAL (3).webp,keep,no,copy,Cars & Motorsport\frameium\CARVAJAL (3).webp,
Cars & Motorsport/frameium/CARVAJAL.webp,Cars & Motorsport,Cars & Motorsport,frameium,CARVAJAL.webp,keep,no,copy,Cars & Motorsport\frameium\CARVAJAL.webp,
Cars & Motorsport/frameium/DRAKE TAKE CARE.webp,Cars & Motorsport,Cars & Motorsport,frameium,DRAKE TAKE CARE.webp,keep,no,copy,Cars & Motorsport\frameium\DRAKE TAKE CARE.webp,
Cars & Motorsport/frameium/Ferrari (2).webp,Cars & Motorsport,Cars & Motorsport,frameium,Ferrari (2).webp,keep,no,copy,Cars & Motorsport\frameium\Ferrari (2).webp,
Cars & Motorsport/frameium/Ferrari.webp,Cars & Motorsport,Cars & Motorsport,frameium,Ferrari.webp,keep,no,copy,Cars & Motorsport\frameium\Ferrari.webp,
Cars & Motorsport/frameium/FORD.webp,Cars & Motorsport,Cars & Motorsport,frameium,FORD.webp,dismiss,no,copy,dismissed\Cars & Motorsport\frameium\FORD.webp,
Cars & Motorsport/frameium/Lamborghini (2).webp,Cars & Motorsport,Cars & Motorsport,frameium,Lamborghini (2).webp,keep,no,copy,Cars & Motorsport\frameium\Lamborghini (2).webp,
Cars & Motorsport/frameium/Lamborghini (4).webp,Cars & Motorsport,Cars & Motorsport,frameium,Lamborghini (4).webp,keep,no,copy,Cars & Motorsport\frameium\Lamborghini (4).webp,
Cars & Motorsport/frameium/Lamborghini (5).webp,Cars & Motorsport,Cars & Motorsport,frameium,Lamborghini (5).webp,keep,no,copy,Cars & Motorsport\frameium\Lamborghini (5).webp,
Cars & Motorsport/frameium/Lamborghini (7).webp,Cars & Motorsport,Cars & Motorsport,frameium,Lamborghini (7).webp,keep,no,copy,Cars & Motorsport\frameium\Lamborghini (7).webp,
Cars & Motorsport/frameium/Lamborghini.webp,Cars & Motorsport,Cars & Motorsport,frameium,Lamborghini.webp,keep,no,copy,Cars & Motorsport\frameium\Lamborghini.webp,
Cars & Motorsport/frameium/Mazda RX-7.webp,Cars & Motorsport,Cars & Motorsport,frameium,Mazda RX-7.webp,keep,no,copy,Cars & Motorsport\frameium\Mazda RX-7.webp,
Cars & Motorsport/frameium/Mercedes AMG GT.webp,Cars & Motorsport,Cars & Motorsport,frameium,Mercedes AMG GT.webp,keep,no,copy,Cars & Motorsport\frameium\Mercedes AMG GT.webp,
Cars & Motorsport/frameium/MERCEDES AMG.webp,Cars & Motorsport,Cars & Motorsport,frameium,MERCEDES AMG.webp,keep,no,copy,Cars & Motorsport\frameium\MERCEDES AMG.webp,
Cars & Motorsport/frameium/MINI COOPER.webp,Cars & Motorsport,Cars & Motorsport,frameium,MINI COOPER.webp,dismiss,no,copy,dismissed\Cars & Motorsport\frameium\MINI COOPER.webp,
Cars & Motorsport/frameium/MUSTANG (2).webp,Cars & Motorsport,Cars & Motorsport,frameium,MUSTANG (2).webp,dismiss,no,copy,dismissed\Cars & Motorsport\frameium\MUSTANG (2).webp,
Cars & Motorsport/frameium/MUSTANG.webp,Cars & Motorsport,Cars & Motorsport,frameium,MUSTANG.webp,keep,no,copy,Cars & Motorsport\frameium\MUSTANG.webp,
Cars & Motorsport/frameium/Porsche 911 (2).webp,Cars & Motorsport,Cars & Motorsport,frameium,Porsche 911 (2).webp,keep,no,copy,Cars & Motorsport\frameium\Porsche 911 (2).webp,
Cars & Motorsport/frameium/Porsche 911 (3).webp,Cars & Motorsport,Cars & Motorsport,frameium,Porsche 911 (3).webp,keep,no,copy,Cars & Motorsport\frameium\Porsche 911 (3).webp,
Cars & Motorsport/frameium/Porsche 911 (4).webp,Cars & Motorsport,Cars & Motorsport,frameium,Porsche 911 (4).webp,keep,no,copy,Cars & Motorsport\frameium\Porsche 911 (4).webp,
Cars & Motorsport/frameium/PORSCHE 911 GT3 RS (2).webp,Cars & Motorsport,Cars & Motorsport,frameium,PORSCHE 911 GT3 RS (2).webp,keep,no,copy,Cars & Motorsport\frameium\PORSCHE 911 GT3 RS (2).webp,
Cars & Motorsport/frameium/PORSCHE 911 GT3 RS.webp,Cars & Motorsport,Cars & Motorsport,frameium,PORSCHE 911 GT3 RS.webp,keep,no,copy,Cars & Motorsport\frameium\PORSCHE 911 GT3 RS.webp,
Cars & Motorsport/frameium/Porsche 911 GT3RS.webp,Cars & Motorsport,Cars & Motorsport,frameium,Porsche 911 GT3RS.webp,keep,no,copy,Cars & Motorsport\frameium\Porsche 911 GT3RS.webp,
Cars & Motorsport/frameium/Porsche 911.webp,Cars & Motorsport,Cars & Motorsport,frameium,Porsche 911.webp,keep,no,copy,Cars & Motorsport\frameium\Porsche 911.webp,
Cars & Motorsport/frameium/Porsche (2).webp,Cars & Motorsport,Cars & Motorsport,frameium,Porsche (2).webp,keep,no,copy,Cars & Motorsport\frameium\Porsche (2).webp,
Cars & Motorsport/frameium/PORSCHE (3).webp,Cars & Motorsport,Cars & Motorsport,frameium,PORSCHE (3).webp,keep,no,copy,Cars & Motorsport\frameium\PORSCHE (3).webp,
Cars & Motorsport/frameium/PORSCHE (4).webp,Cars & Motorsport,Cars & Motorsport,frameium,PORSCHE (4).webp,keep,no,copy,Cars & Motorsport\frameium\PORSCHE (4).webp,
Cars & Motorsport/frameium/PORSCHE (5).webp,Cars & Motorsport,Cars & Motorsport,frameium,PORSCHE (5).webp,dismiss,no,copy,dismissed\Cars & Motorsport\frameium\PORSCHE (5).webp,
Cars & Motorsport/frameium/Porsche (6).webp,Cars & Motorsport,Cars & Motorsport,frameium,Porsche (6).webp,keep,no,copy,Cars & Motorsport\frameium\Porsche (6).webp,
Cars & Motorsport/frameium/PORSCHE GT3 RS (2).webp,Cars & Motorsport,Cars & Motorsport,frameium,PORSCHE GT3 RS (2).webp,keep,no,copy,Cars & Motorsport\frameium\PORSCHE GT3 RS (2).webp,
Cars & Motorsport/frameium/PORSCHE GT3 RS.webp,Cars & Motorsport,Cars & Motorsport,frameium,PORSCHE GT3 RS.webp,keep,no,copy,Cars & Motorsport\frameium\PORSCHE GT3 RS.webp,
Cars & Motorsport/frameium/Porsche.webp,Cars & Motorsport,Cars & Motorsport,frameium,Porsche.webp,keep,no,copy,Cars & Motorsport\frameium\Porsche.webp,
Cars & Motorsport/frameium/Porshce 911 GT3.webp,Cars & Motorsport,Cars & Motorsport,frameium,Porshce 911 GT3.webp,keep,no,copy,Cars & Motorsport\frameium\Porshce 911 GT3.webp,
Cars & Motorsport/frameium/Porshce 911.webp,Cars & Motorsport,Cars & Motorsport,frameium,Porshce 911.webp,keep,no,copy,Cars & Motorsport\frameium\Porshce 911.webp,
Cars & Motorsport/frameium/Supra (2).webp,Cars & Motorsport,Cars & Motorsport,frameium,Supra (2).webp,keep,no,copy,Cars & Motorsport\frameium\Supra (2).webp,
Cars & Motorsport/frameium/Supra (3).webp,Cars & Motorsport,Cars & Motorsport,frameium,Supra (3).webp,keep,no,copy,Cars & Motorsport\frameium\Supra (3).webp,
Cars & Motorsport/frameium/SUPRA.webp,Cars & Motorsport,Cars & Motorsport,frameium,SUPRA.webp,dismiss,no,copy,dismissed\Cars & Motorsport\frameium\SUPRA.webp,
Cars & Motorsport/loudborders/Between the Blocks.webp,Cars & Motorsport,Cars & Motorsport,loudborders,Between the Blocks.webp,keep,no,copy,Cars & Motorsport\loudborders\Between the Blocks.webp,
Cars & Motorsport/loudborders/Black Tempest.webp,Cars & Motorsport,Cars & Motorsport,loudborders,Black Tempest.webp,keep,no,copy,Cars & Motorsport\loudborders\Black Tempest.webp,
Cars & Motorsport/loudborders/Blackout Predator.webp,Cars & Motorsport,Cars & Motorsport,loudborders,Blackout Predator.webp,keep,no,copy,Cars & Motorsport\loudborders\Blackout Predator.webp,
Cars & Motorsport/loudborders/Blacktop Brute.webp,Cars & Motorsport,Cars & Motorsport,loudborders,Blacktop Brute.webp,keep,no,copy,Cars & Motorsport\loudborders\Blacktop Brute.webp,
Cars & Motorsport/loudborders/Blessed Carpet.webp,Cars & Motorsport,Cars & Motorsport,loudborders,Blessed Carpet.webp,keep,no,copy,Cars & Motorsport\loudborders\Blessed Carpet.webp,
Cars & Motorsport/loudborders/Blizzard Hawk.webp,Cars & Motorsport,Cars & Motorsport,loudborders,Blizzard Hawk.webp,keep,no,copy,Cars & Motorsport\loudborders\Blizzard Hawk.webp,
Cars & Motorsport/loudborders/Blush Machine.webp,Cars & Motorsport,Cars & Motorsport,loudborders,Blush Machine.webp,keep,no,copy,Cars & Motorsport\loudborders\Blush Machine.webp,
Cars & Motorsport/loudborders/BMW M3 E30.webp,Cars & Motorsport,Cars & Motorsport,loudborders,BMW M3 E30.webp,keep,no,copy,Cars & Motorsport\loudborders\BMW M3 E30.webp,
Cars & Motorsport/loudborders/BMW M3 E46 GTR.webp,Cars & Motorsport,Cars & Motorsport,loudborders,BMW M3 E46 GTR.webp,keep,no,copy,Cars & Motorsport\loudborders\BMW M3 E46 GTR.webp,
Cars & Motorsport/loudborders/Boundless Skies.webp,Cars & Motorsport,Cars & Motorsport,loudborders,Boundless Skies.webp,keep,no,copy,Cars & Motorsport\loudborders\Boundless Skies.webp,
Cars & Motorsport/loudborders/British Thunder.webp,Cars & Motorsport,Cars & Motorsport,loudborders,British Thunder.webp,keep,no,copy,Cars & Motorsport\loudborders\British Thunder.webp,
Cars & Motorsport/loudborders/Bullitt 1968.webp,Cars & Motorsport,Cars & Motorsport,loudborders,Bullitt 1968.webp,keep,no,copy,Cars & Motorsport\loudborders\Bullitt 1968.webp,
Cars & Motorsport/loudborders/Bullitt Legacy.webp,Cars & Motorsport,Cars & Motorsport,loudborders,Bullitt Legacy.webp,keep,no,copy,Cars & Motorsport\loudborders\Bullitt Legacy.webp,
Cars & Motorsport/loudborders/Cairo Archive.webp,Cars & Motorsport,Cars & Motorsport,loudborders,Cairo Archive.webp,keep,no,copy,Cars & Motorsport\loudborders\Cairo Archive.webp,
Cars & Motorsport/loudborders/Card Karma.webp,Cars & Motorsport,Cars & Motorsport,loudborders,Card Karma.webp,keep,no,copy,Cars & Motorsport\loudborders\Card Karma.webp,
Cars & Motorsport/loudborders/Chromatic Chase.webp,Cars & Motorsport,Cars & Motorsport,loudborders,Chromatic Chase.webp,keep,no,copy,Cars & Motorsport\loudborders\Chromatic Chase.webp,
Cars & Motorsport/loudborders/Chrome Dreams.webp,Cars & Motorsport,Cars & Motorsport,loudborders,Chrome Dreams.webp,keep,no,copy,Cars & Motorsport\loudborders\Chrome Dreams.webp,
Cars & Motorsport/loudborders/Command Deck Earthwatch.webp,Cars & Motorsport,Cars & Motorsport,loudborders,Command Deck Earthwatch.webp,keep,no,copy,Cars & Motorsport\loudborders\Command Deck Earthwatch.webp,
Cars & Motorsport/loudborders/Crimson Drift.webp,Cars & Motorsport,Cars & Motorsport,loudborders,Crimson Drift.webp,keep,no,copy,Cars & Motorsport\loudborders\Crimson Drift.webp,
Cars & Motorsport/loudborders/Crimson Lane.webp,Cars & Motorsport,Cars & Motorsport,loudborders,Crimson Lane.webp,keep,no,copy,Cars & Motorsport\loudborders\Crimson Lane.webp,
Cars & Motorsport/loudborders/Crimson Voyage.webp,Cars & Motorsport,Cars & Motorsport,loudborders,Crimson Voyage.webp,keep,no,copy,Cars & Motorsport\loudborders\Crimson Voyage.webp,
Cars & Motorsport/loudborders/Crimson-Rider.webp,Cars & Motorsport,Cars & Motorsport,loudborders,Crimson-Rider.webp,keep,no,copy,Cars & Motorsport\loudborders\Crimson-Rider.webp,
Cars & Motorsport/loudborders/Desert Apex.webp,Cars & Motorsport,Cars & Motorsport,loudborders,Desert Apex.webp,keep,no,copy,Cars & Motorsport\loudborders\Desert Apex.webp,
Cars & Motorsport/loudborders/Desert Escape.webp,Cars & Motorsport,Cars & Motorsport,loudborders,Desert Escape.webp,keep,no,copy,Cars & Motorsport\loudborders\Desert Escape.webp,
Cars & Motorsport/loudborders/Diriyah Dash.webp,Cars & Motorsport,Cars & Motorsport,loudborders,Diriyah Dash.webp,keep,no,copy,Cars & Motorsport\loudborders\Diriyah Dash.webp,
Cars & Motorsport/loudborders/Dodge 1970 Charger.webp,Cars & Motorsport,Cars & Motorsport,loudborders,Dodge 1970 Charger.webp,keep,no,copy,Cars & Motorsport\loudborders\Dodge 1970 Charger.webp,
Cars & Motorsport/loudborders/Drive Into the Night.webp,Cars & Motorsport,Cars & Motorsport,loudborders,Drive Into the Night.webp,keep,no,copy,Cars & Motorsport\loudborders\Drive Into the Night.webp,
Cars & Motorsport/loudborders/Driven Edge.webp,Cars & Motorsport,Cars & Motorsport,loudborders,Driven Edge.webp,keep,no,copy,Cars & Motorsport\loudborders\Driven Edge.webp,
Cars & Motorsport/loudborders/Driven Precision.webp,Cars & Motorsport,Cars & Motorsport,loudborders,Driven Precision.webp,keep,no,copy,Cars & Motorsport\loudborders\Driven Precision.webp,
Cars & Motorsport/loudborders/Dust Trail Dreams.webp,Cars & Motorsport,Cars & Motorsport,loudborders,Dust Trail Dreams.webp,keep,no,copy,Cars & Motorsport\loudborders\Dust Trail Dreams.webp,
Cars & Motorsport/loudborders/Eldorado 1967.webp,Cars & Motorsport,Cars & Motorsport,loudborders,Eldorado 1967.webp,keep,no,copy,Cars & Motorsport\loudborders\Eldorado 1967.webp,
Cars & Motorsport/loudborders/Electric Midnight.webp,Cars & Motorsport,Cars & Motorsport,loudborders,Electric Midnight.webp,keep,no,copy,Cars & Motorsport\loudborders\Electric Midnight.webp,
Cars & Motorsport/loudborders/Emerald Pony.webp,Cars & Motorsport,Cars & Motorsport,loudborders,Emerald Pony.webp,keep,no,copy,Cars & Motorsport\loudborders\Emerald Pony.webp,
Cars & Motorsport/loudborders/Engineered Fury.webp,Cars & Motorsport,Cars & Motorsport,loudborders,Engineered Fury.webp,keep,no,copy,Cars & Motorsport\loudborders\Engineered Fury.webp,
Cars & Motorsport/loudborders/Estaiada Sprint.webp,Cars & Motorsport,Cars & Motorsport,loudborders,Estaiada Sprint.webp,keep,no,copy,Cars & Motorsport\loudborders\Estaiada Sprint.webp,
Cars & Motorsport/loudborders/Explorer’s Route.webp,Cars & Motorsport,Cars & Motorsport,loudborders,Explorer’s Route.webp,skip,no,copy,skipped\Cars & Motorsport\loudborders\Explorer’s Route.webp,not reached in keep/dismiss pass
Cars & Motorsport/loudborders/Feel the Rush.webp,Cars & Motorsport,Cars & Motorsport,loudborders,Feel the Rush.webp,keep,no,copy,Cars & Motorsport\loudborders\Feel the Rush.webp,
Cars & Motorsport/loudborders/Ferrari F40.webp,Cars & Motorsport,Cars & Motorsport,loudborders,Ferrari F40.webp,keep,no,copy,Cars & Motorsport\loudborders\Ferrari F40.webp,
Cars & Motorsport/loudborders/Flight Path.webp,Cars & Motorsport,Cars & Motorsport,loudborders,Flight Path.webp,keep,no,copy,Cars & Motorsport\loudborders\Flight Path.webp,
Cars & Motorsport/loudborders/Fly High Retro.webp,Cars & Motorsport,Cars & Motorsport,loudborders,Fly High Retro.webp,keep,no,copy,Cars & Motorsport\loudborders\Fly High Retro.webp,
Cars & Motorsport/loudborders/Ford Mustang 1969.webp,Cars & Motorsport,Cars & Motorsport,loudborders,Ford Mustang 1969.webp,keep,no,copy,Cars & Motorsport\loudborders\Ford Mustang 1969.webp,
Cars & Motorsport/loudborders/Formula for Success.webp,Cars & Motorsport,Cars & Motorsport,loudborders,Formula for Success.webp,keep,no,copy,Cars & Motorsport\loudborders\Formula for Success.webp,
Cars & Motorsport/loudborders/Graffiti Rides.webp,Cars & Motorsport,Cars & Motorsport,loudborders,Graffiti Rides.webp,keep,no,copy,Cars & Motorsport\loudborders\Graffiti Rides.webp,
Cars & Motorsport/loudborders/Gravity Rebels.webp,Cars & Motorsport,Cars & Motorsport,loudborders,Gravity Rebels.webp,keep,no,copy,Cars & Motorsport\loudborders\Gravity Rebels.webp,
Cars & Motorsport/loudborders/GT Legends.webp,Cars & Motorsport,Cars & Motorsport,loudborders,GT Legends.webp,dismiss,no,copy,dismissed\Cars & Motorsport\loudborders\GT Legends.webp,
Cars & Motorsport/loudborders/Highway Duel.webp,Cars & Motorsport,Cars & Motorsport,loudborders,Highway Duel.webp,keep,no,copy,Cars & Motorsport\loudborders\Highway Duel.webp,
Cars & Motorsport/loudborders/Hot Wheels Captain.webp,Cars & Motorsport,Cars & Motorsport,loudborders,Hot Wheels Captain.webp,keep,no,copy,Cars & Motorsport\loudborders\Hot Wheels Captain.webp,
Cars & Motorsport/loudborders/Iconic Emblems.webp,Cars & Motorsport,Cars & Motorsport,loudborders,Iconic Emblems.webp,keep,no,copy,Cars & Motorsport\loudborders\Iconic Emblems.webp,
Cars & Motorsport/loudborders/Interlagos Glory.webp,Cars & Motorsport,Cars & Motorsport,loudborders,Interlagos Glory.webp,keep,no,copy,Cars & Motorsport\loudborders\Interlagos Glory.webp,
Cars & Motorsport/loudborders/Italia Charge.webp,Cars & Motorsport,Cars & Motorsport,loudborders,Italia Charge.webp,keep,no,copy,Cars & Motorsport\loudborders\Italia Charge.webp,
Cars & Motorsport/loudborders/Jakarta Volt.webp,Cars & Motorsport,Cars & Motorsport,loudborders,Jakarta Volt.webp,keep,no,copy,Cars & Motorsport\loudborders\Jakarta Volt.webp,
Cars & Motorsport/loudborders/Lamborghini Glow.webp,Cars & Motorsport,Cars & Motorsport,loudborders,Lamborghini Glow.webp,keep,no,copy,Cars & Motorsport\loudborders\Lamborghini Glow.webp,
Cars & Motorsport/loudborders/Lost Highway.webp,Cars & Motorsport,Cars & Motorsport,loudborders,Lost Highway.webp,keep,no,copy,Cars & Motorsport\loudborders\Lost Highway.webp,
Cars & Motorsport/loudborders/Maple Rush.webp,Cars & Motorsport,Cars & Motorsport,loudborders,Maple Rush.webp,keep,no,copy,Cars & Motorsport\loudborders\Maple Rush.webp,
Cars & Motorsport/loudborders/Marrakesh Rush.webp,Cars & Motorsport,Cars & Motorsport,loudborders,Marrakesh Rush.webp,keep,no,copy,Cars & Motorsport\loudborders\Marrakesh Rush.webp,
Cars & Motorsport/loudborders/McLaren P1.webp,Cars & Motorsport,Cars & Motorsport,loudborders,McLaren P1.webp,keep,no,copy,Cars & Motorsport\loudborders\McLaren P1.webp,
Cars & Motorsport/loudborders/Melbourne Glide.webp,Cars & Motorsport,Cars & Motorsport,loudborders,Melbourne Glide.webp,keep,no,copy,Cars & Motorsport\loudborders\Melbourne Glide.webp,
Cars & Motorsport/loudborders/Melbourne Thunder.webp,Cars & Motorsport,Cars & Motorsport,loudborders,Melbourne Thunder.webp,keep,no,copy,Cars & Motorsport\loudborders\Melbourne Thunder.webp,
Cars & Motorsport/loudborders/Mexico Volt.webp,Cars & Motorsport,Cars & Motorsport,loudborders,Mexico Volt.webp,keep,no,copy,Cars & Motorsport\loudborders\Mexico Volt.webp,
Cars & Motorsport/loudborders/Miami Drift.webp,Cars & Motorsport,Cars & Motorsport,loudborders,Miami Drift.webp,keep,no,copy,Cars & Motorsport\loudborders\Miami Drift.webp,
Cars & Motorsport/loudborders/Midnight Charge.webp,Cars & Motorsport,Cars & Motorsport,loudborders,Midnight Charge.webp,keep,no,copy,Cars & Motorsport\loudborders\Midnight Charge.webp,
Cars & Motorsport/loudborders/Midnight Throttle.webp,Cars & Motorsport,Cars & Motorsport,loudborders,Midnight Throttle.webp,keep,no,copy,Cars & Motorsport\loudborders\Midnight Throttle.webp,
Cars & Motorsport/loudborders/Midnight Wrath.webp,Cars & Motorsport,Cars & Motorsport,loudborders,Midnight Wrath.webp,keep,no,copy,Cars & Motorsport\loudborders\Midnight Wrath.webp,
Cars & Motorsport/loudborders/Monochrome Muscle.webp,Cars & Motorsport,Cars & Motorsport,loudborders,Monochrome Muscle.webp,keep,no,copy,Cars & Motorsport\loudborders\Monochrome Muscle.webp,
Cars & Motorsport/loudborders/Monte Carlo Dreams.webp,Cars & Motorsport,Cars & Motorsport,loudborders,Monte Carlo Dreams.webp,keep,no,copy,Cars & Motorsport\loudborders\Monte Carlo Dreams.webp,
Cars & Motorsport/loudborders/Moon Caravan.webp,Cars & Motorsport,Cars & Motorsport,loudborders,Moon Caravan.webp,keep,no,copy,Cars & Motorsport\loudborders\Moon Caravan.webp,
Cars & Motorsport/loudborders/Moonshot Voyage.webp,Cars & Motorsport,Cars & Motorsport,loudborders,Moonshot Voyage.webp,keep,no,copy,Cars & Motorsport\loudborders\Moonshot Voyage.webp,
Cars & Motorsport/loudborders/Neon Ride.webp,Cars & Motorsport,Cars & Motorsport,loudborders,Neon Ride.webp,keep,no,copy,Cars & Motorsport\loudborders\Neon Ride.webp,
Cars & Motorsport/loudborders/Ocean Flight.webp,Cars & Motorsport,Cars & Motorsport,loudborders,Ocean Flight.webp,keep,no,copy,Cars & Motorsport\loudborders\Ocean Flight.webp,
Cars & Motorsport/loudborders/One Way.webp,Cars & Motorsport,Cars & Motorsport,loudborders,One Way.webp,keep,no,copy,Cars & Motorsport\loudborders\One Way.webp,
Cars & Motorsport/loudborders/Open Horizon.webp,Cars & Motorsport,Cars & Motorsport,loudborders,Open Horizon.webp,keep,no,copy,Cars & Motorsport\loudborders\Open Horizon.webp,
Cars & Motorsport/loudborders/Orange Fury.webp,Cars & Motorsport,Cars & Motorsport,loudborders,Orange Fury.webp,keep,no,copy,Cars & Motorsport\loudborders\Orange Fury.webp,
Cars & Motorsport/loudborders/Peanuts & Porsches.webp,Cars & Motorsport,Cars & Motorsport,loudborders,Peanuts & Porsches.webp,keep,no,copy,Cars & Motorsport\loudborders\Peanuts & Porsches.webp,
Cars & Motorsport/loudborders/Pitlane Poison.webp,Cars & Motorsport,Cars & Motorsport,loudborders,Pitlane Poison.webp,keep,no,copy,Cars & Motorsport\loudborders\Pitlane Poison.webp,
Cars & Motorsport/loudborders/Porsche Elegance.webp,Cars & Motorsport,Cars & Motorsport,loudborders,Porsche Elegance.webp,keep,no,copy,Cars & Motorsport\loudborders\Porsche Elegance.webp,
Cars & Motorsport/loudborders/Purple Pole.webp,Cars & Motorsport,Cars & Motorsport,loudborders,Purple Pole.webp,keep,no,copy,Cars & Motorsport\loudborders\Purple Pole.webp,
Cars & Motorsport/loudborders/Rebel Speed.webp,Cars & Motorsport,Cars & Motorsport,loudborders,Rebel Speed.webp,keep,no,copy,Cars & Motorsport\loudborders\Rebel Speed.webp,
Cars & Motorsport/loudborders/Red Caliper.webp,Cars & Motorsport,Cars & Motorsport,loudborders,Red Caliper.webp,keep,no,copy,Cars & Motorsport\loudborders\Red Caliper.webp,
Cars & Motorsport/loudborders/Red Thunder.webp,Cars & Motorsport,Cars & Motorsport,loudborders,Red Thunder.webp,keep,no,copy,Cars & Motorsport\loudborders\Red Thunder.webp,
Cars & Motorsport/loudborders/Redline Chaos.webp,Cars & Motorsport,Cars & Motorsport,loudborders,Redline Chaos.webp,keep,no,copy,Cars & Motorsport\loudborders\Redline Chaos.webp,
Cars & Motorsport/loudborders/Redline Classic.webp,Cars & Motorsport,Cars & Motorsport,loudborders,Redline Classic.webp,keep,no,copy,Cars & Motorsport\loudborders\Redline Classic.webp,
Cars & Motorsport/loudborders/Reflected 911.webp,Cars & Motorsport,Cars & Motorsport,loudborders,Reflected 911.webp,keep,no,copy,Cars & Motorsport\loudborders\Reflected 911.webp,
Cars & Motorsport/loudborders/Retro Racer.webp,Cars & Motorsport,Cars & Motorsport,loudborders,Retro Racer.webp,keep,no,copy,Cars & Motorsport\loudborders\Retro Racer.webp,
Cars & Motorsport/loudborders/Ride the Storm.webp,Cars & Motorsport,Cars & Motorsport,loudborders,Ride the Storm.webp,keep,no,copy,Cars & Motorsport\loudborders\Ride the Storm.webp,
Cars & Motorsport/loudborders/Roadtrip.webp,Cars & Motorsport,Cars & Motorsport,loudborders,Roadtrip.webp,keep,no,copy,Cars & Motorsport\loudborders\Roadtrip.webp,
Cars & Motorsport/loudborders/Roman Apex.webp,Cars & Motorsport,Cars & Motorsport,loudborders,Roman Apex.webp,keep,no,copy,Cars & Motorsport\loudborders\Roman Apex.webp,
Cars & Motorsport/loudborders/Route 66 Revival.webp,Cars & Motorsport,Cars & Motorsport,loudborders,Route 66 Revival.webp,keep,no,copy,Cars & Motorsport\loudborders\Route 66 Revival.webp,
Cars & Motorsport/loudborders/Sakura Speed.webp,Cars & Motorsport,Cars & Motorsport,loudborders,Sakura Speed.webp,dismiss,no,copy,dismissed\Cars & Motorsport\loudborders\Sakura Speed.webp,
Cars & Motorsport/loudborders/Sao Drift.webp,Cars & Motorsport,Cars & Motorsport,loudborders,Sao Drift.webp,keep,no,copy,Cars & Motorsport\loudborders\Sao Drift.webp,
Cars & Motorsport/loudborders/Scarlet Motion.webp,Cars & Motorsport,Cars & Motorsport,loudborders,Scarlet Motion.webp,keep,no,copy,Cars & Motorsport\loudborders\Scarlet Motion.webp,
Cars & Motorsport/loudborders/Shadow Falcon.webp,Cars & Motorsport,Cars & Motorsport,loudborders,Shadow Falcon.webp,keep,no,copy,Cars & Motorsport\loudborders\Shadow Falcon.webp,
Cars & Motorsport/loudborders/Shelby Stripes.webp,Cars & Motorsport,Cars & Motorsport,loudborders,Shelby Stripes.webp,keep,no,copy,Cars & Motorsport\loudborders\Shelby Stripes.webp,
Cars & Motorsport/loudborders/Silver Sting.webp,Cars & Motorsport,Cars & Motorsport,loudborders,Silver Sting.webp,keep,no,copy,Cars & Motorsport\loudborders\Silver Sting.webp,
Cars & Motorsport/loudborders/Skate Splash.webp,Cars & Motorsport,Cars & Motorsport,loudborders,Skate Splash.webp,keep,no,copy,Cars & Motorsport\loudborders\Skate Splash.webp,
Cars & Motorsport/loudborders/Skylines & Fields.webp,Cars & Motorsport,Cars & Motorsport,loudborders,Skylines & Fields.webp,keep,no,copy,Cars & Motorsport\loudborders\Skylines & Fields.webp,
Cars & Motorsport/loudborders/Small Beginnings.webp,Cars & Motorsport,Cars & Motorsport,loudborders,Small Beginnings.webp,keep,no,copy,Cars & Motorsport\loudborders\Small Beginnings.webp,
Cars & Motorsport/loudborders/Solar Outlaws.webp,Cars & Motorsport,Cars & Motorsport,loudborders,Solar Outlaws.webp,keep,no,copy,Cars & Motorsport\loudborders\Solar Outlaws.webp,
Cars & Motorsport/loudborders/Speed Junkie.webp,Cars & Motorsport,Cars & Motorsport,loudborders,Speed Junkie.webp,keep,no,copy,Cars & Motorsport\loudborders\Speed Junkie.webp,
Cars & Motorsport/loudborders/Starlight Jelly.webp,Cars & Motorsport,Cars & Motorsport,loudborders,Starlight Jelly.webp,keep,no,copy,Cars & Motorsport\loudborders\Starlight Jelly.webp,
Cars & Motorsport/loudborders/Stormrunner.webp,Cars & Motorsport,Cars & Motorsport,loudborders,Stormrunner.webp,keep,no,copy,Cars & Motorsport\loudborders\Stormrunner.webp,
Cars & Motorsport/loudborders/Street Hypercar.webp,Cars & Motorsport,Cars & Motorsport,loudborders,Street Hypercar.webp,keep,no,copy,Cars & Motorsport\loudborders\Street Hypercar.webp,
Cars & Motorsport/loudborders/Stripes & Asphalt.webp,Cars & Motorsport,Cars & Motorsport,loudborders,Stripes & Asphalt.webp,keep,no,copy,Cars & Motorsport\loudborders\Stripes & Asphalt.webp,
Cars & Motorsport/loudborders/Sunset Throttle.webp,Cars & Motorsport,Cars & Motorsport,loudborders,Sunset Throttle.webp,keep,no,copy,Cars & Motorsport\loudborders\Sunset Throttle.webp,
Cars & Motorsport/loudborders/Suzuka Storm.webp,Cars & Motorsport,Cars & Motorsport,loudborders,Suzuka Storm.webp,keep,no,copy,Cars & Motorsport\loudborders\Suzuka Storm.webp,
Cars & Motorsport/loudborders/The Book That Escaped.webp,Cars & Motorsport,Cars & Motorsport,loudborders,The Book That Escaped.webp,keep,no,copy,Cars & Motorsport\loudborders\The Book That Escaped.webp,
Cars & Motorsport/loudborders/The Lonesome Path.webp,Cars & Motorsport,Cars & Motorsport,loudborders,The Lonesome Path.webp,keep,no,copy,Cars & Motorsport\loudborders\The Lonesome Path.webp,
Cars & Motorsport/loudborders/Throttle Beast.webp,Cars & Motorsport,Cars & Motorsport,loudborders,Throttle Beast.webp,keep,no,copy,Cars & Motorsport\loudborders\Throttle Beast.webp,
Cars & Motorsport/loudborders/Toyota Supra MK4.webp,Cars & Motorsport,Cars & Motorsport,loudborders,Toyota Supra MK4.webp,keep,no,copy,Cars & Motorsport\loudborders\Toyota Supra MK4.webp,
Cars & Motorsport/loudborders/Track Sculpture.webp,Cars & Motorsport,Cars & Motorsport,loudborders,Track Sculpture.webp,keep,no,copy,Cars & Motorsport\loudborders\Track Sculpture.webp,
Cars & Motorsport/loudborders/Traffic Rush.webp,Cars & Motorsport,Cars & Motorsport,loudborders,Traffic Rush.webp,keep,no,copy,Cars & Motorsport\loudborders\Traffic Rush.webp,
Cars & Motorsport/loudborders/Tuk-Tuk to the Moon.webp,Cars & Motorsport,Cars & Motorsport,loudborders,Tuk-Tuk to the Moon.webp,keep,no,copy,Cars & Motorsport\loudborders\Tuk-Tuk to the Moon.webp,
Cars & Motorsport/loudborders/Ultimate 911.webp,Cars & Motorsport,Cars & Motorsport,loudborders,Ultimate 911.webp,keep,no,copy,Cars & Motorsport\loudborders\Ultimate 911.webp,
Cars & Motorsport/loudborders/Urban Breakthrough.webp,Cars & Motorsport,Cars & Motorsport,loudborders,Urban Breakthrough.webp,keep,no,copy,Cars & Motorsport\loudborders\Urban Breakthrough.webp,
Cars & Motorsport/loudborders/Urban Driveway.webp,Cars & Motorsport,Cars & Motorsport,loudborders,Urban Driveway.webp,keep,no,copy,Cars & Motorsport\loudborders\Urban Driveway.webp,
Cars & Motorsport/loudborders/Velocity Icons.webp,Cars & Motorsport,Cars & Motorsport,loudborders,Velocity Icons.webp,keep,no,copy,Cars & Motorsport\loudborders\Velocity Icons.webp,
Cars & Motorsport/loudborders/Velocity.webp,Cars & Motorsport,Cars & Motorsport,loudborders,Velocity.webp,keep,no,copy,Cars & Motorsport\loudborders\Velocity.webp,
Cars & Motorsport/loudborders/Venom Green.webp,Cars & Motorsport,Cars & Motorsport,loudborders,Venom Green.webp,keep,no,copy,Cars & Motorsport\loudborders\Venom Green.webp,
Cars & Motorsport/posterplace/Scarface.webp,Cars & Motorsport,Cars & Motorsport,posterplace,Scarface.webp,keep,no,copy,Cars & Motorsport\posterplace\Scarface.webp,
Cars & Motorsport/printiteg/Audi R8 Frame.webp,Cars & Motorsport,Cars & Motorsport,printiteg,Audi R8 Frame.webp,keep,no,copy,Cars & Motorsport\printiteg\Audi R8 Frame.webp,
Cars & Motorsport/printiteg/BMW M3 Red Frame.webp,Cars & Motorsport,Cars & Motorsport,printiteg,BMW M3 Red Frame.webp,keep,no,copy,Cars & Motorsport\printiteg\BMW M3 Red Frame.webp,
Cars & Motorsport/printiteg/BMW M4 Frame.webp,Cars & Motorsport,Cars & Motorsport,printiteg,BMW M4 Frame.webp,keep,no,copy,Cars & Motorsport\printiteg\BMW M4 Frame.webp,
Cars & Motorsport/printiteg/Bugatti Tourbillon Frame.webp,Cars & Motorsport,Cars & Motorsport,printiteg,Bugatti Tourbillon Frame.webp,keep,no,copy,Cars & Motorsport\printiteg\Bugatti Tourbillon Frame.webp,
Cars & Motorsport/printiteg/Dodge Challenger Frame.webp,Cars & Motorsport,Cars & Motorsport,printiteg,Dodge Challenger Frame.webp,keep,no,copy,Cars & Motorsport\printiteg\Dodge Challenger Frame.webp,
Cars & Motorsport/printiteg/Ferrari F40 Frame.webp,Cars & Motorsport,Cars & Motorsport,printiteg,Ferrari F40 Frame.webp,keep,no,copy,Cars & Motorsport\printiteg\Ferrari F40 Frame.webp,
Cars & Motorsport/printiteg/Ferrari Frame.webp,Cars & Motorsport,Cars & Motorsport,printiteg,Ferrari Frame.webp,keep,no,copy,Cars & Motorsport\printiteg\Ferrari Frame.webp,
Cars & Motorsport/printiteg/Mclaren Frame.webp,Cars & Motorsport,Cars & Motorsport,printiteg,Mclaren Frame.webp,keep,no,copy,Cars & Motorsport\printiteg\Mclaren Frame.webp,
Cars & Motorsport/printiteg/Mercedes AMG G63 Frame.webp,Cars & Motorsport,Cars & Motorsport,printiteg,Mercedes AMG G63 Frame.webp,keep,no,copy,Cars & Motorsport\printiteg\Mercedes AMG G63 Frame.webp,
Cars & Motorsport/printiteg/Need Money For Porsche Frame.webp,Cars & Motorsport,Cars & Motorsport,printiteg,Need Money For Porsche Frame.webp,keep,no,copy,Cars & Motorsport\printiteg\Need Money For Porsche Frame.webp,
Cars & Motorsport/printiteg/Porsche 911 Black Frame.webp,Cars & Motorsport,Cars & Motorsport,printiteg,Porsche 911 Black Frame.webp,dismiss,no,copy,dismissed\Cars & Motorsport\printiteg\Porsche 911 Black Frame.webp,
Cars & Motorsport/printiteg/Porsche 911 Frame.webp,Cars & Motorsport,Cars & Motorsport,printiteg,Porsche 911 Frame.webp,dismiss,no,copy,dismissed\Cars & Motorsport\printiteg\Porsche 911 Frame.webp,
Cars & Motorsport/printiteg/Vintage Car Frame.webp,Cars & Motorsport,Cars & Motorsport,printiteg,Vintage Car Frame.webp,keep,no,copy,Cars & Motorsport\printiteg\Vintage Car Frame.webp,
Cars & Motorsport/sparkstore/Arabic Heritage 'Midnight Caravan' Frame.webp,Cars & Motorsport,Cars & Motorsport,sparkstore,Arabic Heritage 'Midnight Caravan' Frame.webp,keep,no,copy,Cars & Motorsport\sparkstore\Arabic Heritage 'Midnight Caravan' Frame.webp,
Cars & Motorsport/sparkstore/Arabic Heritage 'Timeless Caravan' Frame.webp,Cars & Motorsport,Cars & Motorsport,sparkstore,Arabic Heritage 'Timeless Caravan' Frame.webp,keep,no,copy,Cars & Motorsport\sparkstore\Arabic Heritage 'Timeless Caravan' Frame.webp,
Cars & Motorsport/sparkstore/Aston Martin DBS Superleggera 'Noble Power' Frame.webp,Cars & Motorsport,Cars & Motorsport,sparkstore,Aston Martin DBS Superleggera 'Noble Power' Frame.webp,keep,no,copy,Cars & Motorsport\sparkstore\Aston Martin DBS Superleggera 'Noble Power' Frame.webp,
Cars & Motorsport/sparkstore/Aston Martin Valkyrie 'Valkyrie' Frame.webp,Cars & Motorsport,Cars & Motorsport,sparkstore,Aston Martin Valkyrie 'Valkyrie' Frame.webp,keep,no,copy,Cars & Motorsport\sparkstore\Aston Martin Valkyrie 'Valkyrie' Frame.webp,
Cars & Motorsport/sparkstore/Audi A7 'All Day' Frame.webp,Cars & Motorsport,Cars & Motorsport,sparkstore,Audi A7 'All Day' Frame.webp,keep,no,copy,Cars & Motorsport\sparkstore\Audi A7 'All Day' Frame.webp,
Cars & Motorsport/sparkstore/Audi RS7 'Performance Perfection' Frame.webp,Cars & Motorsport,Cars & Motorsport,sparkstore,Audi RS7 'Performance Perfection' Frame.webp,keep,no,copy,Cars & Motorsport\sparkstore\Audi RS7 'Performance Perfection' Frame.webp,
Cars & Motorsport/sparkstore/Audi RS 7 'Elegance of Engineering' Frame.webp,Cars & Motorsport,Cars & Motorsport,sparkstore,Audi RS 7 'Elegance of Engineering' Frame.webp,keep,no,copy,Cars & Motorsport\sparkstore\Audi RS 7 'Elegance of Engineering' Frame.webp,
Cars & Motorsport/sparkstore/Audi S5 'Dynamic Energy' Frame.webp,Cars & Motorsport,Cars & Motorsport,sparkstore,Audi S5 'Dynamic Energy' Frame.webp,keep,no,copy,Cars & Motorsport\sparkstore\Audi S5 'Dynamic Energy' Frame.webp,
Cars & Motorsport/sparkstore/BMW i8 'Electric Dream' Frame.webp,Cars & Motorsport,Cars & Motorsport,sparkstore,BMW i8 'Electric Dream' Frame.webp,keep,no,copy,Cars & Motorsport\sparkstore\BMW i8 'Electric Dream' Frame.webp,
Cars & Motorsport/sparkstore/BMW M3 'Chaos and Cornering' Frame.webp,Cars & Motorsport,Cars & Motorsport,sparkstore,BMW M3 'Chaos and Cornering' Frame.webp,keep,no,copy,Cars & Motorsport\sparkstore\BMW M3 'Chaos and Cornering' Frame.webp,
Cars & Motorsport/sparkstore/BMW M4 'Dynamic Elegance' Frame.webp,Cars & Motorsport,Cars & Motorsport,sparkstore,BMW M4 'Dynamic Elegance' Frame.webp,keep,no,copy,Cars & Motorsport\sparkstore\BMW M4 'Dynamic Elegance' Frame.webp,
Cars & Motorsport/sparkstore/BMW M4 Competition 'Thrill of Performance' Frame.webp,Cars & Motorsport,Cars & Motorsport,sparkstore,BMW M4 Competition 'Thrill of Performance' Frame.webp,keep,no,copy,Cars & Motorsport\sparkstore\BMW M4 Competition 'Thrill of Performance' Frame.webp,
Cars & Motorsport/sparkstore/BMW M5 'Performance Mastery' Frame.webp,Cars & Motorsport,Cars & Motorsport,sparkstore,BMW M5 'Performance Mastery' Frame.webp,keep,no,copy,Cars & Motorsport\sparkstore\BMW M5 'Performance Mastery' Frame.webp,
Cars & Motorsport/sparkstore/BMW S1000RR 'Ready to Race' Frame.webp,Cars & Motorsport,Cars & Motorsport,sparkstore,BMW S1000RR 'Ready to Race' Frame.webp,keep,no,copy,Cars & Motorsport\sparkstore\BMW S1000RR 'Ready to Race' Frame.webp,
Cars & Motorsport/sparkstore/BMW Z07 Roadster 'Timeless Classic' Frame.webp,Cars & Motorsport,Cars & Motorsport,sparkstore,BMW Z07 Roadster 'Timeless Classic' Frame.webp,keep,no,copy,Cars & Motorsport\sparkstore\BMW Z07 Roadster 'Timeless Classic' Frame.webp,
Cars & Motorsport/sparkstore/Breaking Bad 'The Formula of Power' Frame.webp,Cars & Motorsport,Cars & Motorsport,sparkstore,Breaking Bad 'The Formula of Power' Frame.webp,keep,no,copy,Cars & Motorsport\sparkstore\Breaking Bad 'The Formula of Power' Frame.webp,
Cars & Motorsport/sparkstore/Bugatti Bolide 'Ultimate Track Beast' Frame.webp,Cars & Motorsport,Cars & Motorsport,sparkstore,Bugatti Bolide 'Ultimate Track Beast' Frame.webp,keep,no,copy,Cars & Motorsport\sparkstore\Bugatti Bolide 'Ultimate Track Beast' Frame.webp,
Cars & Motorsport/sparkstore/Bugatti Chiron 'Legendary Performance' Frame.webp,Cars & Motorsport,Cars & Motorsport,sparkstore,Bugatti Chiron 'Legendary Performance' Frame.webp,keep,no,copy,Cars & Motorsport\sparkstore\Bugatti Chiron 'Legendary Performance' Frame.webp,
Cars & Motorsport/sparkstore/Bugatti Chiron 'Speed Demon' Frame.webp,Cars & Motorsport,Cars & Motorsport,sparkstore,Bugatti Chiron 'Speed Demon' Frame.webp,keep,no,copy,Cars & Motorsport\sparkstore\Bugatti Chiron 'Speed Demon' Frame.webp,
Cars & Motorsport/sparkstore/Bugatti Chiron 'Speed Icon' Frame.webp,Cars & Motorsport,Cars & Motorsport,sparkstore,Bugatti Chiron 'Speed Icon' Frame.webp,keep,no,copy,Cars & Motorsport\sparkstore\Bugatti Chiron 'Speed Icon' Frame.webp,
Cars & Motorsport/sparkstore/Bugatti Chiron 'The Pinnacle of Performance' Frame.webp,Cars & Motorsport,Cars & Motorsport,sparkstore,Bugatti Chiron 'The Pinnacle of Performance' Frame.webp,keep,no,copy,Cars & Motorsport\sparkstore\Bugatti Chiron 'The Pinnacle of Performance' Frame.webp,
Cars & Motorsport/sparkstore/Bugatti Tourbillon 'Masterpiece of Engineering' Frame.webp,Cars & Motorsport,Cars & Motorsport,sparkstore,Bugatti Tourbillon 'Masterpiece of Engineering' Frame.webp,keep,no,copy,Cars & Motorsport\sparkstore\Bugatti Tourbillon 'Masterpiece of Engineering' Frame.webp,
Cars & Motorsport/sparkstore/Bugatti Veyron 'Hypercar Masterpiece' Frame.webp,Cars & Motorsport,Cars & Motorsport,sparkstore,Bugatti Veyron 'Hypercar Masterpiece' Frame.webp,keep,no,copy,Cars & Motorsport\sparkstore\Bugatti Veyron 'Hypercar Masterpiece' Frame.webp,
Cars & Motorsport/sparkstore/Cars '911 Carrera' Frame.webp,Cars & Motorsport,Cars & Motorsport,sparkstore,Cars '911 Carrera' Frame.webp,keep,no,copy,Cars & Motorsport\sparkstore\Cars '911 Carrera' Frame.webp,
Cars & Motorsport/sparkstore/Cars 'Chaos' Frame.webp,Cars & Motorsport,Cars & Motorsport,sparkstore,Cars 'Chaos' Frame.webp,keep,no,copy,Cars & Motorsport\sparkstore\Cars 'Chaos' Frame.webp,
Cars & Motorsport/sparkstore/Cars 'Classic Drive' Frame.webp,Cars & Motorsport,Cars & Motorsport,sparkstore,Cars 'Classic Drive' Frame.webp,keep,no,copy,Cars & Motorsport\sparkstore\Cars 'Classic Drive' Frame.webp,
Cars & Motorsport/sparkstore/Cars 'Dodge Challenger Classic Advertisement' Frame.webp,Cars & Motorsport,Cars & Motorsport,sparkstore,Cars 'Dodge Challenger Classic Advertisement' Frame.webp,keep,no,copy,Cars & Motorsport\sparkstore\Cars 'Dodge Challenger Classic Advertisement' Frame.webp,
Cars & Motorsport/sparkstore/Cars 'Dodge Challenger SRT' Frame.webp,Cars & Motorsport,Cars & Motorsport,sparkstore,Cars 'Dodge Challenger SRT' Frame.webp,keep,no,copy,Cars & Motorsport\sparkstore\Cars 'Dodge Challenger SRT' Frame.webp,
Cars & Motorsport/sparkstore/Cars 'Ferrari F40 1987 Design' Frame.webp,Cars & Motorsport,Cars & Motorsport,sparkstore,Cars 'Ferrari F40 1987 Design' Frame.webp,keep,no,copy,Cars & Motorsport\sparkstore\Cars 'Ferrari F40 1987 Design' Frame.webp,
Cars & Motorsport/sparkstore/Cars 'Ferrari LaFerrari Design' Frame.webp,Cars & Motorsport,Cars & Motorsport,sparkstore,Cars 'Ferrari LaFerrari Design' Frame.webp,keep,no,copy,Cars & Motorsport\sparkstore\Cars 'Ferrari LaFerrari Design' Frame.webp,
Cars & Motorsport/sparkstore/Cars 'Koenigsegg Jesko' Frame.webp,Cars & Motorsport,Cars & Motorsport,sparkstore,Cars 'Koenigsegg Jesko' Frame.webp,keep,no,copy,Cars & Motorsport\sparkstore\Cars 'Koenigsegg Jesko' Frame.webp,
Cars & Motorsport/sparkstore/Cars 'Nissan Skyline GTR R34' Frame.webp,Cars & Motorsport,Cars & Motorsport,sparkstore,Cars 'Nissan Skyline GTR R34' Frame.webp,keep,no,copy,Cars & Motorsport\sparkstore\Cars 'Nissan Skyline GTR R34' Frame.webp,
Cars & Motorsport/sparkstore/Cars 'Porsche 911 GT3' Frame.webp,Cars & Motorsport,Cars & Motorsport,sparkstore,Cars 'Porsche 911 GT3' Frame.webp,keep,no,copy,Cars & Motorsport\sparkstore\Cars 'Porsche 911 GT3' Frame.webp,
Cars & Motorsport/sparkstore/Cars 'Porsche 911 Turbo S' Frame.webp,Cars & Motorsport,Cars & Motorsport,sparkstore,Cars 'Porsche 911 Turbo S' Frame.webp,keep,no,copy,Cars & Motorsport\sparkstore\Cars 'Porsche 911 Turbo S' Frame.webp,
Cars & Motorsport/sparkstore/Cars 'Porsche GT3 RS Manthey Edition' Frame.webp,Cars & Motorsport,Cars & Motorsport,sparkstore,Cars 'Porsche GT3 RS Manthey Edition' Frame.webp,keep,no,copy,Cars & Motorsport\sparkstore\Cars 'Porsche GT3 RS Manthey Edition' Frame.webp,
Cars & Motorsport/sparkstore/Cars 'Supra MK-4 Vintage Art' Frame.webp,Cars & Motorsport,Cars & Motorsport,sparkstore,Cars 'Supra MK-4 Vintage Art' Frame.webp,keep,no,copy,Cars & Motorsport\sparkstore\Cars 'Supra MK-4 Vintage Art' Frame.webp,
Cars & Motorsport/sparkstore/Cars 'The Pink GT86 Dream' Frame.webp,Cars & Motorsport,Cars & Motorsport,sparkstore,Cars 'The Pink GT86 Dream' Frame.webp,keep,no,copy,Cars & Motorsport\sparkstore\Cars 'The Pink GT86 Dream' Frame.webp,
Cars & Motorsport/sparkstore/Cars 'Toyota Supra' Frame.webp,Cars & Motorsport,Cars & Motorsport,sparkstore,Cars 'Toyota Supra' Frame.webp,keep,no,copy,Cars & Motorsport\sparkstore\Cars 'Toyota Supra' Frame.webp,
Cars & Motorsport/sparkstore/Chevrolet Camaro SS 'Bold Performance' Frame.webp,Cars & Motorsport,Cars & Motorsport,sparkstore,Chevrolet Camaro SS 'Bold Performance' Frame.webp,keep,no,copy,Cars & Motorsport\sparkstore\Chevrolet Camaro SS 'Bold Performance' Frame.webp,
Cars & Motorsport/sparkstore/Chevrolet Camaro SS 'Dynamic Speed' Frame.webp,Cars & Motorsport,Cars & Motorsport,sparkstore,Chevrolet Camaro SS 'Dynamic Speed' Frame.webp,dismiss,no,copy,dismissed\Cars & Motorsport\sparkstore\Chevrolet Camaro SS 'Dynamic Speed' Frame.webp,
Cars & Motorsport/sparkstore/Chevrolet Corvette 'Iconic Design' Frame.webp,Cars & Motorsport,Cars & Motorsport,sparkstore,Chevrolet Corvette 'Iconic Design' Frame.webp,dismiss,no,copy,dismissed\Cars & Motorsport\sparkstore\Chevrolet Corvette 'Iconic Design' Frame.webp,
Cars & Motorsport/sparkstore/Chevrolet Corvette 'Power and Precision' Frame.webp,Cars & Motorsport,Cars & Motorsport,sparkstore,Chevrolet Corvette 'Power and Precision' Frame.webp,dismiss,no,copy,dismissed\Cars & Motorsport\sparkstore\Chevrolet Corvette 'Power and Precision' Frame.webp,
Cars & Motorsport/sparkstore/Chevrolet Corvette C8 'Mid-Engine Marvel' Frame.webp,Cars & Motorsport,Cars & Motorsport,sparkstore,Chevrolet Corvette C8 'Mid-Engine Marvel' Frame.webp,keep,no,copy,Cars & Motorsport\sparkstore\Chevrolet Corvette C8 'Mid-Engine Marvel' Frame.webp,
Cars & Motorsport/sparkstore/Chevrolet Corvette Z06 'American Muscle Reimagined' Frame.webp,Cars & Motorsport,Cars & Motorsport,sparkstore,Chevrolet Corvette Z06 'American Muscle Reimagined' Frame.webp,keep,no,copy,Cars & Motorsport\sparkstore\Chevrolet Corvette Z06 'American Muscle Reimagined' Frame.webp,
Cars & Motorsport/sparkstore/Chevrolet Corvette Z06 'Uncompromising Performance' Frame.webp,Cars & Motorsport,Cars & Motorsport,sparkstore,Chevrolet Corvette Z06 'Uncompromising Performance' Frame.webp,keep,no,copy,Cars & Motorsport\sparkstore\Chevrolet Corvette Z06 'Uncompromising Performance' Frame.webp,
Cars & Motorsport/sparkstore/Chevrolet Corvette ZR1 'Speed Legend' Frame.webp,Cars & Motorsport,Cars & Motorsport,sparkstore,Chevrolet Corvette ZR1 'Speed Legend' Frame.webp,keep,no,copy,Cars & Motorsport\sparkstore\Chevrolet Corvette ZR1 'Speed Legend' Frame.webp,
Cars & Motorsport/sparkstore/Cyberdunk 'Futuristic Power' Frame.webp,Cars & Motorsport,Cars & Motorsport,sparkstore,Cyberdunk 'Futuristic Power' Frame.webp,keep,no,copy,Cars & Motorsport\sparkstore\Cyberdunk 'Futuristic Power' Frame.webp,
Cars & Motorsport/sparkstore/Dodge '2016 Dodge Viper ACR' Frame.webp,Cars & Motorsport,Cars & Motorsport,sparkstore,Dodge '2016 Dodge Viper ACR' Frame.webp,keep,no,copy,Cars & Motorsport\sparkstore\Dodge '2016 Dodge Viper ACR' Frame.webp,
Cars & Motorsport/sparkstore/Dodge 'Challenger Classic' Frame.webp,Cars & Motorsport,Cars & Motorsport,sparkstore,Dodge 'Challenger Classic' Frame.webp,keep,no,copy,Cars & Motorsport\sparkstore\Dodge 'Challenger Classic' Frame.webp,
Cars & Motorsport/sparkstore/Dodge 'Charger SRT' Frame.webp,Cars & Motorsport,Cars & Motorsport,sparkstore,Dodge 'Charger SRT' Frame.webp,keep,no,copy,Cars & Motorsport\sparkstore\Dodge 'Charger SRT' Frame.webp,
Cars & Motorsport/sparkstore/Dodge 'Dart' Frame.webp,Cars & Motorsport,Cars & Motorsport,sparkstore,Dodge 'Dart' Frame.webp,keep,no,copy,Cars & Motorsport\sparkstore\Dodge 'Dart' Frame.webp,
Cars & Motorsport/sparkstore/Dodge Challenger 'Hellcat Fury' Frame.webp,Cars & Motorsport,Cars & Motorsport,sparkstore,Dodge Challenger 'Hellcat Fury' Frame.webp,keep,no,copy,Cars & Motorsport\sparkstore\Dodge Challenger 'Hellcat Fury' Frame.webp,
Cars & Motorsport/sparkstore/Dodge Challenger RT 'Speed Legend' Frame.webp,Cars & Motorsport,Cars & Motorsport,sparkstore,Dodge Challenger RT 'Speed Legend' Frame.webp,dismiss,no,copy,dismissed\Cars & Motorsport\sparkstore\Dodge Challenger RT 'Speed Legend' Frame.webp,
Cars & Motorsport/sparkstore/Dodge Challenger SRT 'Heart of Muscle' Frame.webp,Cars & Motorsport,Cars & Motorsport,sparkstore,Dodge Challenger SRT 'Heart of Muscle' Frame.webp,keep,no,copy,Cars & Motorsport\sparkstore\Dodge Challenger SRT 'Heart of Muscle' Frame.webp,
Cars & Motorsport/sparkstore/Dodge Challenger SRT Hellcat 'Brutal Power' Frame.webp,Cars & Motorsport,Cars & Motorsport,sparkstore,Dodge Challenger SRT Hellcat 'Brutal Power' Frame.webp,keep,no,copy,Cars & Motorsport\sparkstore\Dodge Challenger SRT Hellcat 'Brutal Power' Frame.webp,
Cars & Motorsport/sparkstore/Dodge Challenger SRT Hellcat 'Muscle Legend' Frame.webp,Cars & Motorsport,Cars & Motorsport,sparkstore,Dodge Challenger SRT Hellcat 'Muscle Legend' Frame.webp,keep,no,copy,Cars & Motorsport\sparkstore\Dodge Challenger SRT Hellcat 'Muscle Legend' Frame.webp,
Cars & Motorsport/sparkstore/Dodge Charger 'Classic Muscle Heritage' Frame.webp,Cars & Motorsport,Cars & Motorsport,sparkstore,Dodge Charger 'Classic Muscle Heritage' Frame.webp,keep,no,copy,Cars & Motorsport\sparkstore\Dodge Charger 'Classic Muscle Heritage' Frame.webp,
Cars & Motorsport/sparkstore/Dodge Charger RT 'Family Fury' Frame.webp,Cars & Motorsport,Cars & Motorsport,sparkstore,Dodge Charger RT 'Family Fury' Frame.webp,keep,no,copy,Cars & Motorsport\sparkstore\Dodge Charger RT 'Family Fury' Frame.webp,
Cars & Motorsport/sparkstore/Dodge Charger SRT 'Dynamic Power' Frame.webp,Cars & Motorsport,Cars & Motorsport,sparkstore,Dodge Charger SRT 'Dynamic Power' Frame.webp,keep,no,copy,Cars & Motorsport\sparkstore\Dodge Charger SRT 'Dynamic Power' Frame.webp,
Cars & Motorsport/sparkstore/Dodge Durango SRT 'Automotive Excellence' Frame.webp,Cars & Motorsport,Cars & Motorsport,sparkstore,Dodge Durango SRT 'Automotive Excellence' Frame.webp,keep,no,copy,Cars & Motorsport\sparkstore\Dodge Durango SRT 'Automotive Excellence' Frame.webp,
Cars & Motorsport/sparkstore/Dodge Durango SRT 'Performance Beast' Frame.webp,Cars & Motorsport,Cars & Motorsport,sparkstore,Dodge Durango SRT 'Performance Beast' Frame.webp,keep,no,copy,Cars & Motorsport\sparkstore\Dodge Durango SRT 'Performance Beast' Frame.webp,
Cars & Motorsport/sparkstore/Dodge Viper GTS 'American Brutality' Frame.webp,Cars & Motorsport,Cars & Motorsport,sparkstore,Dodge Viper GTS 'American Brutality' Frame.webp,keep,no,copy,Cars & Motorsport\sparkstore\Dodge Viper GTS 'American Brutality' Frame.webp,
Cars & Motorsport/sparkstore/Dodge Viper GTS 'Viper Fury' Frame.webp,Cars & Motorsport,Cars & Motorsport,sparkstore,Dodge Viper GTS 'Viper Fury' Frame.webp,keep,no,copy,Cars & Motorsport\sparkstore\Dodge Viper GTS 'Viper Fury' Frame.webp,
Cars & Motorsport/sparkstore/Ducati Panigale V4 'Italian Dream' Frame.webp,Cars & Motorsport,Cars & Motorsport,sparkstore,Ducati Panigale V4 'Italian Dream' Frame.webp,keep,no,copy,Cars & Motorsport\sparkstore\Ducati Panigale V4 'Italian Dream' Frame.webp,
Cars & Motorsport/sparkstore/Ferrari 250 GT 'Timeless Elegance' Frame.webp,Cars & Motorsport,Cars & Motorsport,sparkstore,Ferrari 250 GT 'Timeless Elegance' Frame.webp,keep,no,copy,Cars & Motorsport\sparkstore\Ferrari 250 GT 'Timeless Elegance' Frame.webp,
Cars & Motorsport/sparkstore/Ferrari 250 GTO 'Legendary Racer' Frame.webp,Cars & Motorsport,Cars & Motorsport,sparkstore,Ferrari 250 GTO 'Legendary Racer' Frame.webp,keep,no,copy,Cars & Motorsport\sparkstore\Ferrari 250 GTO 'Legendary Racer' Frame.webp,
Cars & Motorsport/sparkstore/Ferrari 488 'Icon of Performance' Frame.webp,Cars & Motorsport,Cars & Motorsport,sparkstore,Ferrari 488 'Icon of Performance' Frame.webp,keep,no,copy,Cars & Motorsport\sparkstore\Ferrari 488 'Icon of Performance' Frame.webp,
Cars & Motorsport/sparkstore/Ferrari 488 'Legendary Elegance' Frame.webp,Cars & Motorsport,Cars & Motorsport,sparkstore,Ferrari 488 'Legendary Elegance' Frame.webp,keep,no,copy,Cars & Motorsport\sparkstore\Ferrari 488 'Legendary Elegance' Frame.webp,
Cars & Motorsport/sparkstore/Ferrari 488 GTB 'FR30' Frame.webp,Cars & Motorsport,Cars & Motorsport,sparkstore,Ferrari 488 GTB 'FR30' Frame.webp,keep,no,copy,Cars & Motorsport\sparkstore\Ferrari 488 GTB 'FR30' Frame.webp,
Cars & Motorsport/sparkstore/Ferrari 488 GTB 'Italian Masterpiece' Frame.webp,Cars & Motorsport,Cars & Motorsport,sparkstore,Ferrari 488 GTB 'Italian Masterpiece' Frame.webp,keep,no,copy,Cars & Motorsport\sparkstore\Ferrari 488 GTB 'Italian Masterpiece' Frame.webp,
Cars & Motorsport/sparkstore/Ferrari 488 GTB 'Racing Legend' Frame.webp,Cars & Motorsport,Cars & Motorsport,sparkstore,Ferrari 488 GTB 'Racing Legend' Frame.webp,keep,no,copy,Cars & Motorsport\sparkstore\Ferrari 488 GTB 'Racing Legend' Frame.webp,
Cars & Motorsport/sparkstore/Ferrari 'Autodromo Nazionale Monza' Frame.webp,Cars & Motorsport,Cars & Motorsport,sparkstore,Ferrari 'Autodromo Nazionale Monza' Frame.webp,keep,no,copy,Cars & Motorsport\sparkstore\Ferrari 'Autodromo Nazionale Monza' Frame.webp,
Cars & Motorsport/sparkstore/Ferrari 'Hamilton' Frame.webp,Cars & Motorsport,Cars & Motorsport,sparkstore,Ferrari 'Hamilton' Frame.webp,keep,no,copy,Cars & Motorsport\sparkstore\Ferrari 'Hamilton' Frame.webp,
Cars & Motorsport/sparkstore/Ferrari 'Racing Icon' Frame.webp,Cars & Motorsport,Cars & Motorsport,sparkstore,Ferrari 'Racing Icon' Frame.webp,dismiss,no,copy,dismissed\Cars & Motorsport\sparkstore\Ferrari 'Racing Icon' Frame.webp,
Cars & Motorsport/sparkstore/Ferrari 'Red Rush' Frame.webp,Cars & Motorsport,Cars & Motorsport,sparkstore,Ferrari 'Red Rush' Frame.webp,dismiss,no,copy,dismissed\Cars & Motorsport\sparkstore\Ferrari 'Red Rush' Frame.webp,
Cars & Motorsport/sparkstore/Ferrari F1 'Hamilton's Legacy' Frame.webp,Cars & Motorsport,Cars & Motorsport,sparkstore,Ferrari F1 'Hamilton's Legacy' Frame.webp,keep,no,copy,Cars & Motorsport\sparkstore\Ferrari F1 'Hamilton's Legacy' Frame.webp,
Cars & Motorsport/sparkstore/Ferrari F12 'Terrari 30' Frame.webp,Cars & Motorsport,Cars & Motorsport,sparkstore,Ferrari F12 'Terrari 30' Frame.webp,keep,no,copy,Cars & Motorsport\sparkstore\Ferrari F12 'Terrari 30' Frame.webp,
Cars & Motorsport/sparkstore/Ferrari F30 'Art in Motion' Frame.webp,Cars & Motorsport,Cars & Motorsport,sparkstore,Ferrari F30 'Art in Motion' Frame.webp,dismiss,no,copy,dismissed\Cars & Motorsport\sparkstore\Ferrari F30 'Art in Motion' Frame.webp,
Cars & Motorsport/sparkstore/Ferrari F30 'Speed Master' Frame.webp,Cars & Motorsport,Cars & Motorsport,sparkstore,Ferrari F30 'Speed Master' Frame.webp,keep,no,copy,Cars & Motorsport\sparkstore\Ferrari F30 'Speed Master' Frame.webp,
Cars & Motorsport/sparkstore/Ferrari F40 'Beyond Speed' Frame.webp,Cars & Motorsport,Cars & Motorsport,sparkstore,Ferrari F40 'Beyond Speed' Frame.webp,dismiss,no,copy,dismissed\Cars & Motorsport\sparkstore\Ferrari F40 'Beyond Speed' Frame.webp,
Cars & Motorsport/sparkstore/Ferrari F40 'Iconic Legend' Frame.webp,Cars & Motorsport,Cars & Motorsport,sparkstore,Ferrari F40 'Iconic Legend' Frame.webp,keep,no,copy,Cars & Motorsport\sparkstore\Ferrari F40 'Iconic Legend' Frame.webp,
Cars & Motorsport/sparkstore/Ferrari F40 'Iconic Masterpiece' Frame.webp,Cars & Motorsport,Cars & Motorsport,sparkstore,Ferrari F40 'Iconic Masterpiece' Frame.webp,keep,no,copy,Cars & Motorsport\sparkstore\Ferrari F40 'Iconic Masterpiece' Frame.webp,
Cars & Motorsport/sparkstore/Ferrari F40 'Racing Legend' Frame.webp,Cars & Motorsport,Cars & Motorsport,sparkstore,Ferrari F40 'Racing Legend' Frame.webp,dismiss,no,copy,dismissed\Cars & Motorsport\sparkstore\Ferrari F40 'Racing Legend' Frame.webp,
Cars & Motorsport/sparkstore/Ferrari F40 'Scarlet Speed' Frame.webp,Cars & Motorsport,Cars & Motorsport,sparkstore,Ferrari F40 'Scarlet Speed' Frame.webp,keep,no,copy,Cars & Motorsport\sparkstore\Ferrari F40 'Scarlet Speed' Frame.webp,
Cars & Motorsport/sparkstore/Ferrari F430 'Ferrari's Finest' Frame.webp,Cars & Motorsport,Cars & Motorsport,sparkstore,Ferrari F430 'Ferrari's Finest' Frame.webp,keep,no,copy,Cars & Motorsport\sparkstore\Ferrari F430 'Ferrari's Finest' Frame.webp,
Cars & Motorsport/sparkstore/Ferrari LaFerrari 'Ferrari's Finest' Frame.webp,Cars & Motorsport,Cars & Motorsport,sparkstore,Ferrari LaFerrari 'Ferrari's Finest' Frame.webp,dismiss,no,copy,dismissed\Cars & Motorsport\sparkstore\Ferrari LaFerrari 'Ferrari's Finest' Frame.webp,
Cars & Motorsport/sparkstore/Ferrari LaFerrari 'Red Passion' Frame.webp,Cars & Motorsport,Cars & Motorsport,sparkstore,Ferrari LaFerrari 'Red Passion' Frame.webp,keep,no,copy,Cars & Motorsport\sparkstore\Ferrari LaFerrari 'Red Passion' Frame.webp,
Cars & Motorsport/sparkstore/Ferrari LaFerrari 'Ultimate Elegance' Frame.webp,Cars & Motorsport,Cars & Motorsport,sparkstore,Ferrari LaFerrari 'Ultimate Elegance' Frame.webp,keep,no,copy,Cars & Motorsport\sparkstore\Ferrari LaFerrari 'Ultimate Elegance' Frame.webp,
Cars & Motorsport/sparkstore/Ferrari SF71H 'Hamilton Legacy' Frame.webp,Cars & Motorsport,Cars & Motorsport,sparkstore,Ferrari SF71H 'Hamilton Legacy' Frame.webp,keep,no,copy,Cars & Motorsport\sparkstore\Ferrari SF71H 'Hamilton Legacy' Frame.webp,
Cars & Motorsport/sparkstore/Ferrari SF71H 'Hamilton Legend' Frame.webp,Cars & Motorsport,Cars & Motorsport,sparkstore,Ferrari SF71H 'Hamilton Legend' Frame.webp,keep,no,copy,Cars & Motorsport\sparkstore\Ferrari SF71H 'Hamilton Legend' Frame.webp,
Cars & Motorsport/sparkstore/Ford Bronco 'Bronco SUV' Frame.webp,Cars & Motorsport,Cars & Motorsport,sparkstore,Ford Bronco 'Bronco SUV' Frame.webp,keep,no,copy,Cars & Motorsport\sparkstore\Ford Bronco 'Bronco SUV' Frame.webp,
Cars & Motorsport/sparkstore/Ford F-150 Raptor 'Desert-Born Beast' Frame.webp,Cars & Motorsport,Cars & Motorsport,sparkstore,Ford F-150 Raptor 'Desert-Born Beast' Frame.webp,keep,no,copy,Cars & Motorsport\sparkstore\Ford F-150 Raptor 'Desert-Born Beast' Frame.webp,
Cars & Motorsport/sparkstore/Ford GT40 'Legendary Speed' Frame.webp,Cars & Motorsport,Cars & Motorsport,sparkstore,Ford GT40 'Legendary Speed' Frame.webp,keep,no,copy,Cars & Motorsport\sparkstore\Ford GT40 'Legendary Speed' Frame.webp,
Cars & Motorsport/sparkstore/Ford GT 'Artistic Velocity' Frame.webp,Cars & Motorsport,Cars & Motorsport,sparkstore,Ford GT 'Artistic Velocity' Frame.webp,dismiss,no,copy,dismissed\Cars & Motorsport\sparkstore\Ford GT 'Artistic Velocity' Frame.webp,
Cars & Motorsport/sparkstore/Ford GT 'Supercar Legend' Frame.webp,Cars & Motorsport,Cars & Motorsport,sparkstore,Ford GT 'Supercar Legend' Frame.webp,keep,no,copy,Cars & Motorsport\sparkstore\Ford GT 'Supercar Legend' Frame.webp,
Cars & Motorsport/sparkstore/Ford Mustang 'Classic Speed and Style' Frame.webp,Cars & Motorsport,Cars & Motorsport,sparkstore,Ford Mustang 'Classic Speed and Style' Frame.webp,keep,no,copy,Cars & Motorsport\sparkstore\Ford Mustang 'Classic Speed and Style' Frame.webp,
Cars & Motorsport/sparkstore/Ford Mustang 'Dynamic Drive' Frame.webp,Cars & Motorsport,Cars & Motorsport,sparkstore,Ford Mustang 'Dynamic Drive' Frame.webp,dismiss,no,copy,dismissed\Cars & Motorsport\sparkstore\Ford Mustang 'Dynamic Drive' Frame.webp,
Cars & Motorsport/sparkstore/Ford Mustang 'Performance Excellence' Frame.webp,Cars & Motorsport,Cars & Motorsport,sparkstore,Ford Mustang 'Performance Excellence' Frame.webp,dismiss,no,copy,dismissed\Cars & Motorsport\sparkstore\Ford Mustang 'Performance Excellence' Frame.webp,
Cars & Motorsport/sparkstore/Ford Mustang GT500 'Supercharged Power' Frame.webp,Cars & Motorsport,Cars & Motorsport,sparkstore,Ford Mustang GT500 'Supercharged Power' Frame.webp,dismiss,no,copy,dismissed\Cars & Motorsport\sparkstore\Ford Mustang GT500 'Supercharged Power' Frame.webp,
Cars & Motorsport/sparkstore/Ford Mustang Shelby 'Racing Legend' Frame.webp,Cars & Motorsport,Cars & Motorsport,sparkstore,Ford Mustang Shelby 'Racing Legend' Frame.webp,keep,no,copy,Cars & Motorsport\sparkstore\Ford Mustang Shelby 'Racing Legend' Frame.webp,
Cars & Motorsport/sparkstore/Harry Potter 'Flying Car' Frame.webp,Cars & Motorsport,Cars & Motorsport,sparkstore,Harry Potter 'Flying Car' Frame.webp,keep,no,copy,Cars & Motorsport\sparkstore\Harry Potter 'Flying Car' Frame.webp,
Cars & Motorsport/sparkstore/Hennessey Venom 'Speed Demon' Frame.webp,Cars & Motorsport,Cars & Motorsport,sparkstore,Hennessey Venom 'Speed Demon' Frame.webp,keep,no,copy,Cars & Motorsport\sparkstore\Hennessey Venom 'Speed Demon' Frame.webp,
Cars & Motorsport/sparkstore/Honda Civic 'Sharp Design and Everyday Reliability' Frame.webp,Cars & Motorsport,Cars & Motorsport,sparkstore,Honda Civic 'Sharp Design and Everyday Reliability' Frame.webp,dismiss,no,copy,dismissed\Cars & Motorsport\sparkstore\Honda Civic 'Sharp Design and Everyday Reliability' Frame.webp,
Cars & Motorsport/sparkstore/Honda Civic 'Urban Legend' Frame.webp,Cars & Motorsport,Cars & Motorsport,sparkstore,Honda Civic 'Urban Legend' Frame.webp,dismiss,no,copy,dismissed\Cars & Motorsport\sparkstore\Honda Civic 'Urban Legend' Frame.webp,
Cars & Motorsport/sparkstore/Honda Civic EG 'JDM Enthusiast Dream' Frame.webp,Cars & Motorsport,Cars & Motorsport,sparkstore,Honda Civic EG 'JDM Enthusiast Dream' Frame.webp,keep,no,copy,Cars & Motorsport\sparkstore\Honda Civic EG 'JDM Enthusiast Dream' Frame.webp,
Cars & Motorsport/sparkstore/Honda Civic EK9 Type R 'VTEC Powerhouse' Frame.webp,Cars & Motorsport,Cars & Motorsport,sparkstore,Honda Civic EK9 Type R 'VTEC Powerhouse' Frame.webp,keep,no,copy,Cars & Motorsport\sparkstore\Honda Civic EK9 Type R 'VTEC Powerhouse' Frame.webp,
Cars & Motorsport/sparkstore/Honda Civic FD2 Type R 'Track-level Performance' Frame.webp,Cars & Motorsport,Cars & Motorsport,sparkstore,Honda Civic FD2 Type R 'Track-level Performance' Frame.webp,keep,no,copy,Cars & Motorsport\sparkstore\Honda Civic FD2 Type R 'Track-level Performance' Frame.webp,
Cars & Motorsport/sparkstore/Honda Civic Type R 'Performance Art' Frame.webp,Cars & Motorsport,Cars & Motorsport,sparkstore,Honda Civic Type R 'Performance Art' Frame.webp,keep,no,copy,Cars & Motorsport\sparkstore\Honda Civic Type R 'Performance Art' Frame.webp,
Cars & Motorsport/sparkstore/Honda NSX 'Dream Machine' Frame.webp,Cars & Motorsport,Cars & Motorsport,sparkstore,Honda NSX 'Dream Machine' Frame.webp,keep,no,copy,Cars & Motorsport\sparkstore\Honda NSX 'Dream Machine' Frame.webp,
Cars & Motorsport/sparkstore/Honda NSX 'Japanese Supercar Legend' Frame.webp,Cars & Motorsport,Cars & Motorsport,sparkstore,Honda NSX 'Japanese Supercar Legend' Frame.webp,keep,no,copy,Cars & Motorsport\sparkstore\Honda NSX 'Japanese Supercar Legend' Frame.webp,
Cars & Motorsport/sparkstore/Honda NSX 'Ninja Spirit' Frame.webp,Cars & Motorsport,Cars & Motorsport,sparkstore,Honda NSX 'Ninja Spirit' Frame.webp,keep,no,copy,Cars & Motorsport\sparkstore\Honda NSX 'Ninja Spirit' Frame.webp,
Cars & Motorsport/sparkstore/Honda NSX NA1 'Japan's Original Supercar' Frame.webp,Cars & Motorsport,Cars & Motorsport,sparkstore,Honda NSX NA1 'Japan's Original Supercar' Frame.webp,dismiss,no,copy,dismissed\Cars & Motorsport\sparkstore\Honda NSX NA1 'Japan's Original Supercar' Frame.webp,
Cars & Motorsport/sparkstore/Honda S2000 'Legendary Roadster' Frame.webp,Cars & Motorsport,Cars & Motorsport,sparkstore,Honda S2000 'Legendary Roadster' Frame.webp,keep,no,copy,Cars & Motorsport\sparkstore\Honda S2000 'Legendary Roadster' Frame.webp,
Cars & Motorsport/sparkstore/Jaguar F-Type 'Dynamic Elegance' Frame.webp,Cars & Motorsport,Cars & Motorsport,sparkstore,Jaguar F-Type 'Dynamic Elegance' Frame.webp,keep,no,copy,Cars & Motorsport\sparkstore\Jaguar F-Type 'Dynamic Elegance' Frame.webp,
Cars & Motorsport/sparkstore/Kawasaki Ninja H2R 'Ready to Race' Frame.webp,Cars & Motorsport,Cars & Motorsport,sparkstore,Kawasaki Ninja H2R 'Ready to Race' Frame.webp,keep,no,copy,Cars & Motorsport\sparkstore\Kawasaki Ninja H2R 'Ready to Race' Frame.webp,
Cars & Motorsport/sparkstore/Koenigsegg CCX 'Hypercar Legend' Frame.webp,Cars & Motorsport,Cars & Motorsport,sparkstore,Koenigsegg CCX 'Hypercar Legend' Frame.webp,keep,no,copy,Cars & Motorsport\sparkstore\Koenigsegg CCX 'Hypercar Legend' Frame.webp,
Cars & Motorsport/sparkstore/Koenigsegg CCX 'Hypercar Masterpiece' Frame.webp,Cars & Motorsport,Cars & Motorsport,sparkstore,Koenigsegg CCX 'Hypercar Masterpiece' Frame.webp,keep,no,copy,Cars & Motorsport\sparkstore\Koenigsegg CCX 'Hypercar Masterpiece' Frame.webp,
Cars & Motorsport/sparkstore/Koenigsegg Jesko 'Performance Pinnacle' Frame.webp,Cars & Motorsport,Cars & Motorsport,sparkstore,Koenigsegg Jesko 'Performance Pinnacle' Frame.webp,keep,no,copy,Cars & Motorsport\sparkstore\Koenigsegg Jesko 'Performance Pinnacle' Frame.webp,
Cars & Motorsport/sparkstore/Lamborghini Aventador 'Blueprint of a Legend' Frame.webp,Cars & Motorsport,Cars & Motorsport,sparkstore,Lamborghini Aventador 'Blueprint of a Legend' Frame.webp,dismiss,no,copy,dismissed\Cars & Motorsport\sparkstore\Lamborghini Aventador 'Blueprint of a Legend' Frame.webp,
Cars & Motorsport/sparkstore/Lamborghini Aventador 'Dynamic Elegance' Frame.webp,Cars & Motorsport,Cars & Motorsport,sparkstore,Lamborghini Aventador 'Dynamic Elegance' Frame.webp,keep,no,copy,Cars & Motorsport\sparkstore\Lamborghini Aventador 'Dynamic Elegance' Frame.webp,
Cars & Motorsport/sparkstore/Lamborghini Aventador 'Yellow Revolution' Frame.webp,Cars & Motorsport,Cars & Motorsport,sparkstore,Lamborghini Aventador 'Yellow Revolution' Frame.webp,keep,no,copy,Cars & Motorsport\sparkstore\Lamborghini Aventador 'Yellow Revolution' Frame.webp,
Cars & Motorsport/sparkstore/Lamborghini Countach 'Iconic Performance' Frame.webp,Cars & Motorsport,Cars & Motorsport,sparkstore,Lamborghini Countach 'Iconic Performance' Frame.webp,keep,no,copy,Cars & Motorsport\sparkstore\Lamborghini Countach 'Iconic Performance' Frame.webp,
Cars & Motorsport/sparkstore/Lamborghini Countach 'Legacy' Frame.webp,Cars & Motorsport,Cars & Motorsport,sparkstore,Lamborghini Countach 'Legacy' Frame.webp,dismiss,no,copy,dismissed\Cars & Motorsport\sparkstore\Lamborghini Countach 'Legacy' Frame.webp,
Cars & Motorsport/sparkstore/Lamborghini Countach 'Noir Speedster' Frame.webp,Cars & Motorsport,Cars & Motorsport,sparkstore,Lamborghini Countach 'Noir Speedster' Frame.webp,dismiss,no,copy,dismissed\Cars & Motorsport\sparkstore\Lamborghini Countach 'Noir Speedster' Frame.webp,
Cars & Motorsport/sparkstore/Lamborghini Countach 'Raging Bull' Frame.webp,Cars & Motorsport,Cars & Motorsport,sparkstore,Lamborghini Countach 'Raging Bull' Frame.webp,keep,no,copy,Cars & Motorsport\sparkstore\Lamborghini Countach 'Raging Bull' Frame.webp,
Cars & Motorsport/sparkstore/Lamborghini Countach 'Retro Icon' Frame.webp,Cars & Motorsport,Cars & Motorsport,sparkstore,Lamborghini Countach 'Retro Icon' Frame.webp,keep,no,copy,Cars & Motorsport\sparkstore\Lamborghini Countach 'Retro Icon' Frame.webp,
Cars & Motorsport/sparkstore/Lamborghini Diablo 'The Dark Horse' Frame.webp,Cars & Motorsport,Cars & Motorsport,sparkstore,Lamborghini Diablo 'The Dark Horse' Frame.webp,dismiss,no,copy,dismissed\Cars & Motorsport\sparkstore\Lamborghini Diablo 'The Dark Horse' Frame.webp,
Cars & Motorsport/sparkstore/Lamborghini Huracan 'Adrenaline Rush' Frame.webp,Cars & Motorsport,Cars & Motorsport,sparkstore,Lamborghini Huracan 'Adrenaline Rush' Frame.webp,keep,no,copy,Cars & Motorsport\sparkstore\Lamborghini Huracan 'Adrenaline Rush' Frame.webp,
Cars & Motorsport/sparkstore/Lamborghini Huracan 'Golden Bull' Frame.webp,Cars & Motorsport,Cars & Motorsport,sparkstore,Lamborghini Huracan 'Golden Bull' Frame.webp,dismiss,no,copy,dismissed\Cars & Motorsport\sparkstore\Lamborghini Huracan 'Golden Bull' Frame.webp,
Cars & Motorsport/sparkstore/Lamborghini Huracan 'Roar of the Bull' Frame.webp,Cars & Motorsport,Cars & Motorsport,sparkstore,Lamborghini Huracan 'Roar of the Bull' Frame.webp,keep,no,copy,Cars & Motorsport\sparkstore\Lamborghini Huracan 'Roar of the Bull' Frame.webp,
Cars & Motorsport/sparkstore/Lamborghini Huracan 'Vivid Velocity' Frame.webp,Cars & Motorsport,Cars & Motorsport,sparkstore,Lamborghini Huracan 'Vivid Velocity' Frame.webp,keep,no,copy,Cars & Motorsport\sparkstore\Lamborghini Huracan 'Vivid Velocity' Frame.webp,
Cars & Motorsport/sparkstore/Lamborghini Huracan Tecnica 'Soul of Performance' Frame.webp,Cars & Motorsport,Cars & Motorsport,sparkstore,Lamborghini Huracan Tecnica 'Soul of Performance' Frame.webp,keep,no,copy,Cars & Motorsport\sparkstore\Lamborghini Huracan Tecnica 'Soul of Performance' Frame.webp,
Cars & Motorsport/sparkstore/Lamborghini Huracán 'Dynamic Velocity' Frame.webp,Cars & Motorsport,Cars & Motorsport,sparkstore,Lamborghini Huracán 'Dynamic Velocity' Frame.webp,skip,no,copy,skipped\Cars & Motorsport\sparkstore\Lamborghini Huracán 'Dynamic Velocity' Frame.webp,not reached in keep/dismiss pass
Cars & Motorsport/sparkstore/Lamborghini Huracán 'Exotic Supercar' Frame.webp,Cars & Motorsport,Cars & Motorsport,sparkstore,Lamborghini Huracán 'Exotic Supercar' Frame.webp,skip,no,copy,skipped\Cars & Motorsport\sparkstore\Lamborghini Huracán 'Exotic Supercar' Frame.webp,not reached in keep/dismiss pass
Cars & Motorsport/sparkstore/Lamborghini Miura SV 'Classic Icon' Frame.webp,Cars & Motorsport,Cars & Motorsport,sparkstore,Lamborghini Miura SV 'Classic Icon' Frame.webp,keep,no,copy,Cars & Motorsport\sparkstore\Lamborghini Miura SV 'Classic Icon' Frame.webp,
Cars & Motorsport/sparkstore/Lamborghini Sesto 'Track-Focused Masterpiece' Frame.webp,Cars & Motorsport,Cars & Motorsport,sparkstore,Lamborghini Sesto 'Track-Focused Masterpiece' Frame.webp,keep,no,copy,Cars & Motorsport\sparkstore\Lamborghini Sesto 'Track-Focused Masterpiece' Frame.webp,
Cars & Motorsport/sparkstore/Lamborghini Sesto Elemento 'Track Masterpiece' Frame.webp,Cars & Motorsport,Cars & Motorsport,sparkstore,Lamborghini Sesto Elemento 'Track Masterpiece' Frame.webp,dismiss,no,copy,dismissed\Cars & Motorsport\sparkstore\Lamborghini Sesto Elemento 'Track Masterpiece' Frame.webp,
Cars & Motorsport/sparkstore/Lamborghini Sian 'Red Rush' Frame.webp,Cars & Motorsport,Cars & Motorsport,sparkstore,Lamborghini Sian 'Red Rush' Frame.webp,dismiss,no,copy,dismissed\Cars & Motorsport\sparkstore\Lamborghini Sian 'Red Rush' Frame.webp,
Cars & Motorsport/sparkstore/Lamborghini Veneno 'Ultimate Speed Machine' Frame.webp,Cars & Motorsport,Cars & Motorsport,sparkstore,Lamborghini Veneno 'Ultimate Speed Machine' Frame.webp,keep,no,copy,Cars & Motorsport\sparkstore\Lamborghini Veneno 'Ultimate Speed Machine' Frame.webp,
Cars & Motorsport/sparkstore/Lexus LX 570 'Luxury Icon' Frame.webp,Cars & Motorsport,Cars & Motorsport,sparkstore,Lexus LX 570 'Luxury Icon' Frame.webp,keep,no,copy,Cars & Motorsport\sparkstore\Lexus LX 570 'Luxury Icon' Frame.webp,
Cars & Motorsport/sparkstore/Mazda Miata MX-5 'Driving Legend' Frame.webp,Cars & Motorsport,Cars & Motorsport,sparkstore,Mazda Miata MX-5 'Driving Legend' Frame.webp,keep,no,copy,Cars & Motorsport\sparkstore\Mazda Miata MX-5 'Driving Legend' Frame.webp,
Cars & Motorsport/sparkstore/Mazda Miata MX-5 'Sporty Elegance' Frame.webp,Cars & Motorsport,Cars & Motorsport,sparkstore,Mazda Miata MX-5 'Sporty Elegance' Frame.webp,keep,no,copy,Cars & Motorsport\sparkstore\Mazda Miata MX-5 'Sporty Elegance' Frame.webp,
Cars & Motorsport/sparkstore/Mazda RX-7 'Iconic Performance' Frame.webp,Cars & Motorsport,Cars & Motorsport,sparkstore,Mazda RX-7 'Iconic Performance' Frame.webp,keep,no,copy,Cars & Motorsport\sparkstore\Mazda RX-7 'Iconic Performance' Frame.webp,
Cars & Motorsport/sparkstore/Mazda RX-7 'JDM Classic' Frame.webp,Cars & Motorsport,Cars & Motorsport,sparkstore,Mazda RX-7 'JDM Classic' Frame.webp,keep,no,copy,Cars & Motorsport\sparkstore\Mazda RX-7 'JDM Classic' Frame.webp,
Cars & Motorsport/sparkstore/Mazda RX-7 'Legendary Design' Frame.webp,Cars & Motorsport,Cars & Motorsport,sparkstore,Mazda RX-7 'Legendary Design' Frame.webp,keep,no,copy,Cars & Motorsport\sparkstore\Mazda RX-7 'Legendary Design' Frame.webp,
Cars & Motorsport/sparkstore/Mazda RX-7 'Rotary Legend' Frame.webp,Cars & Motorsport,Cars & Motorsport,sparkstore,Mazda RX-7 'Rotary Legend' Frame.webp,keep,no,copy,Cars & Motorsport\sparkstore\Mazda RX-7 'Rotary Legend' Frame.webp,
Cars & Motorsport/sparkstore/Mazda RX-7 FD3S 'Tuning Legend' Frame.webp,Cars & Motorsport,Cars & Motorsport,sparkstore,Mazda RX-7 FD3S 'Tuning Legend' Frame.webp,keep,no,copy,Cars & Motorsport\sparkstore\Mazda RX-7 FD3S 'Tuning Legend' Frame.webp,
Cars & Motorsport/sparkstore/Mazda Vision Coupe 'Timeless Elegance' Frame.webp,Cars & Motorsport,Cars & Motorsport,sparkstore,Mazda Vision Coupe 'Timeless Elegance' Frame.webp,keep,no,copy,Cars & Motorsport\sparkstore\Mazda Vision Coupe 'Timeless Elegance' Frame.webp,
Cars & Motorsport/sparkstore/McLaren 570S 'Dream Machine' Frame.webp,Cars & Motorsport,Cars & Motorsport,sparkstore,McLaren 570S 'Dream Machine' Frame.webp,keep,no,copy,Cars & Motorsport\sparkstore\McLaren 570S 'Dream Machine' Frame.webp,
Cars & Motorsport/sparkstore/McLaren 570S Spider 'Sleek Performance' Frame.webp,Cars & Motorsport,Cars & Motorsport,sparkstore,McLaren 570S Spider 'Sleek Performance' Frame.webp,keep,no,copy,Cars & Motorsport\sparkstore\McLaren 570S Spider 'Sleek Performance' Frame.webp,
Cars & Motorsport/sparkstore/McLaren 720S 'Dynamic Splendor' Frame.webp,Cars & Motorsport,Cars & Motorsport,sparkstore,McLaren 720S 'Dynamic Splendor' Frame.webp,keep,no,copy,Cars & Motorsport\sparkstore\McLaren 720S 'Dynamic Splendor' Frame.webp,
Cars & Motorsport/sparkstore/McLaren 720S 'Speed Surge' Frame.webp,Cars & Motorsport,Cars & Motorsport,sparkstore,McLaren 720S 'Speed Surge' Frame.webp,keep,no,copy,Cars & Motorsport\sparkstore\McLaren 720S 'Speed Surge' Frame.webp,
Cars & Motorsport/sparkstore/McLaren 'Iconic Racing Legacy' Frame.webp,Cars & Motorsport,Cars & Motorsport,sparkstore,McLaren 'Iconic Racing Legacy' Frame.webp,keep,no,copy,Cars & Motorsport\sparkstore\McLaren 'Iconic Racing Legacy' Frame.webp,
Cars & Motorsport/sparkstore/McLaren 'Senna Dream Ride' Frame.webp,Cars & Motorsport,Cars & Motorsport,sparkstore,McLaren 'Senna Dream Ride' Frame.webp,keep,no,copy,Cars & Motorsport\sparkstore\McLaren 'Senna Dream Ride' Frame.webp,
Cars & Motorsport/sparkstore/McLaren Formula 1 'Hybrid Power Fusion' Frame.webp,Cars & Motorsport,Cars & Motorsport,sparkstore,McLaren Formula 1 'Hybrid Power Fusion' Frame.webp,keep,no,copy,Cars & Motorsport\sparkstore\McLaren Formula 1 'Hybrid Power Fusion' Frame.webp,
Cars & Motorsport/sparkstore/McLaren MP44 'Racing Legend' Frame.webp,Cars & Motorsport,Cars & Motorsport,sparkstore,McLaren MP44 'Racing Legend' Frame.webp,keep,no,copy,Cars & Motorsport\sparkstore\McLaren MP44 'Racing Legend' Frame.webp,
Cars & Motorsport/sparkstore/McLaren P1 'Hybrid Masterpiece' Frame.webp,Cars & Motorsport,Cars & Motorsport,sparkstore,McLaren P1 'Hybrid Masterpiece' Frame.webp,keep,no,copy,Cars & Motorsport\sparkstore\McLaren P1 'Hybrid Masterpiece' Frame.webp,
Cars & Motorsport/sparkstore/McLaren P1 'Ultimate Performance' Frame.webp,Cars & Motorsport,Cars & Motorsport,sparkstore,McLaren P1 'Ultimate Performance' Frame.webp,keep,no,copy,Cars & Motorsport\sparkstore\McLaren P1 'Ultimate Performance' Frame.webp,
Cars & Motorsport/sparkstore/Mercedes AMG GT 'Modern Performance Icon' Frame.webp,Cars & Motorsport,Cars & Motorsport,sparkstore,Mercedes AMG GT 'Modern Performance Icon' Frame.webp,keep,no,copy,Cars & Motorsport\sparkstore\Mercedes AMG GT 'Modern Performance Icon' Frame.webp,
Cars & Motorsport/sparkstore/Mercedes AMG GT 'Performance Art' Frame.webp,Cars & Motorsport,Cars & Motorsport,sparkstore,Mercedes AMG GT 'Performance Art' Frame.webp,keep,no,copy,Cars & Motorsport\sparkstore\Mercedes AMG GT 'Performance Art' Frame.webp,
Cars & Motorsport/sparkstore/Mercedes Formula 1 'Champion's Drive' Frame.webp,Cars & Motorsport,Cars & Motorsport,sparkstore,Mercedes Formula 1 'Champion's Drive' Frame.webp,keep,no,copy,Cars & Motorsport\sparkstore\Mercedes Formula 1 'Champion's Drive' Frame.webp,
Cars & Motorsport/sparkstore/Mercedes G-Class 'Art of Motion' Frame.webp,Cars & Motorsport,Cars & Motorsport,sparkstore,Mercedes G-Class 'Art of Motion' Frame.webp,dismiss,no,copy,dismissed\Cars & Motorsport\sparkstore\Mercedes G-Class 'Art of Motion' Frame.webp,
Cars & Motorsport/sparkstore/Mercedes G-Class 'Classic Modernity' Frame.webp,Cars & Motorsport,Cars & Motorsport,sparkstore,Mercedes G-Class 'Classic Modernity' Frame.webp,keep,no,copy,Cars & Motorsport\sparkstore\Mercedes G-Class 'Classic Modernity' Frame.webp,
Cars & Motorsport/sparkstore/Mercedes G-Class 'The Off-Road Legend' Frame.webp,Cars & Motorsport,Cars & Motorsport,sparkstore,Mercedes G-Class 'The Off-Road Legend' Frame.webp,keep,no,copy,Cars & Motorsport\sparkstore\Mercedes G-Class 'The Off-Road Legend' Frame.webp,
Cars & Motorsport/sparkstore/Mercedes Vision GT 'Futuristic Dream' Frame.webp,Cars & Motorsport,Cars & Motorsport,sparkstore,Mercedes Vision GT 'Futuristic Dream' Frame.webp,keep,no,copy,Cars & Motorsport\sparkstore\Mercedes Vision GT 'Futuristic Dream' Frame.webp,
Cars & Motorsport/sparkstore/Mercedes-AMG C63 S 'Performance Powerhouse' Frame.webp,Cars & Motorsport,Cars & Motorsport,sparkstore,Mercedes-AMG C63 S 'Performance Powerhouse' Frame.webp,keep,no,copy,Cars & Motorsport\sparkstore\Mercedes-AMG C63 S 'Performance Powerhouse' Frame.webp,
Cars & Motorsport/sparkstore/Mercedes-Benz AMG GT 'Speed of Art' Frame.webp,Cars & Motorsport,Cars & Motorsport,sparkstore,Mercedes-Benz AMG GT 'Speed of Art' Frame.webp,dismiss,no,copy,dismissed\Cars & Motorsport\sparkstore\Mercedes-Benz AMG GT 'Speed of Art' Frame.webp,
Cars & Motorsport/sparkstore/Mercedes-Benz AMG Vision GT 'Future Speed' Frame.webp,Cars & Motorsport,Cars & Motorsport,sparkstore,Mercedes-Benz AMG Vision GT 'Future Speed' Frame.webp,keep,no,copy,Cars & Motorsport\sparkstore\Mercedes-Benz AMG Vision GT 'Future Speed' Frame.webp,
Cars & Motorsport/sparkstore/Mercedes-Benz C-Class 'Dynamic Elegance' Frame.webp,Cars & Motorsport,Cars & Motorsport,sparkstore,Mercedes-Benz C-Class 'Dynamic Elegance' Frame.webp,keep,no,copy,Cars & Motorsport\sparkstore\Mercedes-Benz C-Class 'Dynamic Elegance' Frame.webp,
Cars & Motorsport/sparkstore/Mercedes-Benz G-Class 'Luxury Off-Roader' Frame.webp,Cars & Motorsport,Cars & Motorsport,sparkstore,Mercedes-Benz G-Class 'Luxury Off-Roader' Frame.webp,keep,no,copy,Cars & Motorsport\sparkstore\Mercedes-Benz G-Class 'Luxury Off-Roader' Frame.webp,
Cars & Motorsport/sparkstore/Mercedes-Benz SLS AMG 'Speed Fury' Frame.webp,Cars & Motorsport,Cars & Motorsport,sparkstore,Mercedes-Benz SLS AMG 'Speed Fury' Frame.webp,keep,no,copy,Cars & Motorsport\sparkstore\Mercedes-Benz SLS AMG 'Speed Fury' Frame.webp,
Cars & Motorsport/sparkstore/Mini Cooper 'Vibrant Essence' Frame.webp,Cars & Motorsport,Cars & Motorsport,sparkstore,Mini Cooper 'Vibrant Essence' Frame.webp,keep,no,copy,Cars & Motorsport\sparkstore\Mini Cooper 'Vibrant Essence' Frame.webp,
Cars & Motorsport/sparkstore/Mitsubishi Lancer EVO 'Legend of Performance' Frame.webp,Cars & Motorsport,Cars & Motorsport,sparkstore,Mitsubishi Lancer EVO 'Legend of Performance' Frame.webp,keep,no,copy,Cars & Motorsport\sparkstore\Mitsubishi Lancer EVO 'Legend of Performance' Frame.webp,
Cars & Motorsport/sparkstore/Mitsubishi Lancer Evo IX 'Rally Dominance' Frame.webp,Cars & Motorsport,Cars & Motorsport,sparkstore,Mitsubishi Lancer Evo IX 'Rally Dominance' Frame.webp,keep,no,copy,Cars & Motorsport\sparkstore\Mitsubishi Lancer Evo IX 'Rally Dominance' Frame.webp,
Cars & Motorsport/sparkstore/Mitsubishi Lancer EVO VI 'Rally Legend' Frame.webp,Cars & Motorsport,Cars & Motorsport,sparkstore,Mitsubishi Lancer EVO VI 'Rally Legend' Frame.webp,keep,no,copy,Cars & Motorsport\sparkstore\Mitsubishi Lancer EVO VI 'Rally Legend' Frame.webp,
Cars & Motorsport/sparkstore/Nissan 350-Z 'Ultimate Drift Machine' Frame.webp,Cars & Motorsport,Cars & Motorsport,sparkstore,Nissan 350-Z 'Ultimate Drift Machine' Frame.webp,keep,no,copy,Cars & Motorsport\sparkstore\Nissan 350-Z 'Ultimate Drift Machine' Frame.webp,
Cars & Motorsport/sparkstore/Nissan 350Z 'Bold Design' Frame.webp,Cars & Motorsport,Cars & Motorsport,sparkstore,Nissan 350Z 'Bold Design' Frame.webp,keep,no,copy,Cars & Motorsport\sparkstore\Nissan 350Z 'Bold Design' Frame.webp,
Cars & Motorsport/sparkstore/Nissan 350Z 'Bold Performance' Frame.webp,Cars & Motorsport,Cars & Motorsport,sparkstore,Nissan 350Z 'Bold Performance' Frame.webp,keep,no,copy,Cars & Motorsport\sparkstore\Nissan 350Z 'Bold Performance' Frame.webp,
Cars & Motorsport/sparkstore/Nissan 350Z 'Design Icon' Frame.webp,Cars & Motorsport,Cars & Motorsport,sparkstore,Nissan 350Z 'Design Icon' Frame.webp,keep,no,copy,Cars & Motorsport\sparkstore\Nissan 350Z 'Design Icon' Frame.webp,
Cars & Motorsport/sparkstore/Nissan 350Z 'Street Warrior' Frame.webp,Cars & Motorsport,Cars & Motorsport,sparkstore,Nissan 350Z 'Street Warrior' Frame.webp,keep,no,copy,Cars & Motorsport\sparkstore\Nissan 350Z 'Street Warrior' Frame.webp,
Cars & Motorsport/sparkstore/Nissan GT-R 'Dynamic Burst' Frame.webp,Cars & Motorsport,Cars & Motorsport,sparkstore,Nissan GT-R 'Dynamic Burst' Frame.webp,dismiss,no,copy,dismissed\Cars & Motorsport\sparkstore\Nissan GT-R 'Dynamic Burst' Frame.webp,
Cars & Motorsport/sparkstore/Nissan GT-R 'Dynamic Horizon' Frame.webp,Cars & Motorsport,Cars & Motorsport,sparkstore,Nissan GT-R 'Dynamic Horizon' Frame.webp,keep,no,copy,Cars & Motorsport\sparkstore\Nissan GT-R 'Dynamic Horizon' Frame.webp,
Cars & Motorsport/sparkstore/Nissan GT-R 'Science Fiction Meets Street Reality' Frame.webp,Cars & Motorsport,Cars & Motorsport,sparkstore,Nissan GT-R 'Science Fiction Meets Street Reality' Frame.webp,dismiss,no,copy,dismissed\Cars & Motorsport\sparkstore\Nissan GT-R 'Science Fiction Meets Street Reality' Frame.webp,
Cars & Motorsport/sparkstore/Nissan GT-R 'Speed and Precision' Frame.webp,Cars & Motorsport,Cars & Motorsport,sparkstore,Nissan GT-R 'Speed and Precision' Frame.webp,keep,no,copy,Cars & Motorsport\sparkstore\Nissan GT-R 'Speed and Precision' Frame.webp,
Cars & Motorsport/sparkstore/Nissan GT-R (R35) 'Icon of Acceleration' Frame.webp,Cars & Motorsport,Cars & Motorsport,sparkstore,Nissan GT-R (R35) 'Icon of Acceleration' Frame.webp,keep,no,copy,Cars & Motorsport\sparkstore\Nissan GT-R (R35) 'Icon of Acceleration' Frame.webp,
Cars & Motorsport/sparkstore/Nissan GTR 'High-Octane Dream' Frame.webp,Cars & Motorsport,Cars & Motorsport,sparkstore,Nissan GTR 'High-Octane Dream' Frame.webp,dismiss,no,copy,dismissed\Cars & Motorsport\sparkstore\Nissan GTR 'High-Octane Dream' Frame.webp,
Cars & Motorsport/sparkstore/Nissan Patrol Y62 'Luxury Muscle' Frame.webp,Cars & Motorsport,Cars & Motorsport,sparkstore,Nissan Patrol Y62 'Luxury Muscle' Frame.webp,dismiss,no,copy,dismissed\Cars & Motorsport\sparkstore\Nissan Patrol Y62 'Luxury Muscle' Frame.webp,
Cars & Motorsport/sparkstore/Nissan R34 GT-R 'The King of JDM' Frame.webp,Cars & Motorsport,Cars & Motorsport,sparkstore,Nissan R34 GT-R 'The King of JDM' Frame.webp,dismiss,no,copy,dismissed\Cars & Motorsport\sparkstore\Nissan R34 GT-R 'The King of JDM' Frame.webp,
Cars & Motorsport/sparkstore/PLAYBOI CARTI 'Carti Essence' Frame.webp,Cars & Motorsport,Cars & Motorsport,sparkstore,PLAYBOI CARTI 'Carti Essence' Frame.webp,dismiss,no,copy,dismissed\Cars & Motorsport\sparkstore\PLAYBOI CARTI 'Carti Essence' Frame.webp,
Cars & Motorsport/sparkstore/PLAYBOI CARTI 'I AM MUSIC' Frame.webp,Cars & Motorsport,Cars & Motorsport,sparkstore,PLAYBOI CARTI 'I AM MUSIC' Frame.webp,keep,no,copy,Cars & Motorsport\sparkstore\PLAYBOI CARTI 'I AM MUSIC' Frame.webp,
Cars & Motorsport/sparkstore/PLAYBOI CARTI 'Lyrical Legend' Frame.webp,Cars & Motorsport,Cars & Motorsport,sparkstore,PLAYBOI CARTI 'Lyrical Legend' Frame.webp,keep,no,copy,Cars & Motorsport\sparkstore\PLAYBOI CARTI 'Lyrical Legend' Frame.webp,
Cars & Motorsport/sparkstore/PLAYBOI CARTI 'Monochrome Essence' Frame.webp,Cars & Motorsport,Cars & Motorsport,sparkstore,PLAYBOI CARTI 'Monochrome Essence' Frame.webp,keep,no,copy,Cars & Motorsport\sparkstore\PLAYBOI CARTI 'Monochrome Essence' Frame.webp,
Cars & Motorsport/sparkstore/Playboi Carti 'MUSIC' Frame.webp,Cars & Motorsport,Cars & Motorsport,sparkstore,Playboi Carti 'MUSIC' Frame.webp,keep,no,copy,Cars & Motorsport\sparkstore\Playboi Carti 'MUSIC' Frame.webp,
Cars & Motorsport/sparkstore/Playboi Carti 'Red' Frame.webp,Cars & Motorsport,Cars & Motorsport,sparkstore,Playboi Carti 'Red' Frame.webp,keep,no,copy,Cars & Motorsport\sparkstore\Playboi Carti 'Red' Frame.webp,
Cars & Motorsport/sparkstore/Playboi Carti 'Whole Lotta Red' Frame.webp,Cars & Motorsport,Cars & Motorsport,sparkstore,Playboi Carti 'Whole Lotta Red' Frame.webp,keep,no,copy,Cars & Motorsport\sparkstore\Playboi Carti 'Whole Lotta Red' Frame.webp,
Cars & Motorsport/sparkstore/Porsche 911 'Butterfly Dreams' Frame.webp,Cars & Motorsport,Cars & Motorsport,sparkstore,Porsche 911 'Butterfly Dreams' Frame.webp,keep,no,copy,Cars & Motorsport\sparkstore\Porsche 911 'Butterfly Dreams' Frame.webp,
Cars & Motorsport/sparkstore/Porsche 911 'Classic Curve' Frame.webp,Cars & Motorsport,Cars & Motorsport,sparkstore,Porsche 911 'Classic Curve' Frame.webp,keep,no,copy,Cars & Motorsport\sparkstore\Porsche 911 'Classic Curve' Frame.webp,
Cars & Motorsport/sparkstore/Porsche 911 'Desert Racer' Frame.webp,Cars & Motorsport,Cars & Motorsport,sparkstore,Porsche 911 'Desert Racer' Frame.webp,dismiss,no,copy,dismissed\Cars & Motorsport\sparkstore\Porsche 911 'Desert Racer' Frame.webp,
Cars & Motorsport/sparkstore/Porsche 911 'Peace' Frame.webp,Cars & Motorsport,Cars & Motorsport,sparkstore,Porsche 911 'Peace' Frame.webp,dismiss,no,copy,dismissed\Cars & Motorsport\sparkstore\Porsche 911 'Peace' Frame.webp,
Cars & Motorsport/sparkstore/Porsche 911 'Timeless Elegance' Frame.webp,Cars & Motorsport,Cars & Motorsport,sparkstore,Porsche 911 'Timeless Elegance' Frame.webp,keep,no,copy,Cars & Motorsport\sparkstore\Porsche 911 'Timeless Elegance' Frame.webp,
Cars & Motorsport/sparkstore/Porsche 911 'Urban Phantom' Frame.webp,Cars & Motorsport,Cars & Motorsport,sparkstore,Porsche 911 'Urban Phantom' Frame.webp,keep,no,copy,Cars & Motorsport\sparkstore\Porsche 911 'Urban Phantom' Frame.webp,
Cars & Motorsport/sparkstore/Porsche 911 GT3 'Night Racer' Frame.webp,Cars & Motorsport,Cars & Motorsport,sparkstore,Porsche 911 GT3 'Night Racer' Frame.webp,keep,no,copy,Cars & Motorsport\sparkstore\Porsche 911 GT3 'Night Racer' Frame.webp,
Cars & Motorsport/sparkstore/Porsche 911 GT3 'Ocean Beast' Frame.webp,Cars & Motorsport,Cars & Motorsport,sparkstore,Porsche 911 GT3 'Ocean Beast' Frame.webp,keep,no,copy,Cars & Motorsport\sparkstore\Porsche 911 GT3 'Ocean Beast' Frame.webp,
Cars & Motorsport/sparkstore/Porsche 911 GT3 'Precision and Power' Frame.webp,Cars & Motorsport,Cars & Motorsport,sparkstore,Porsche 911 GT3 'Precision and Power' Frame.webp,keep,no,copy,Cars & Motorsport\sparkstore\Porsche 911 GT3 'Precision and Power' Frame.webp,
Cars & Motorsport/sparkstore/Porsche 911 GT3 'Racing Icon' Frame.webp,Cars & Motorsport,Cars & Motorsport,sparkstore,Porsche 911 GT3 'Racing Icon' Frame.webp,keep,no,copy,Cars & Motorsport\sparkstore\Porsche 911 GT3 'Racing Icon' Frame.webp,
Cars & Motorsport/sparkstore/Porsche 911 GT3 'Track Legend' Frame.webp,Cars & Motorsport,Cars & Motorsport,sparkstore,Porsche 911 GT3 'Track Legend' Frame.webp,dismiss,no,copy,dismissed\Cars & Motorsport\sparkstore\Porsche 911 GT3 'Track Legend' Frame.webp,
Cars & Motorsport/sparkstore/Porsche 911 GT3 RS 'Speed Demon' Frame.webp,Cars & Motorsport,Cars & Motorsport,sparkstore,Porsche 911 GT3 RS 'Speed Demon' Frame.webp,keep,no,copy,Cars & Motorsport\sparkstore\Porsche 911 GT3 RS 'Speed Demon' Frame.webp,
Cars & Motorsport/sparkstore/Porsche 911 GT3 RS 'Street Racer' Frame.webp,Cars & Motorsport,Cars & Motorsport,sparkstore,Porsche 911 GT3 RS 'Street Racer' Frame.webp,keep,no,copy,Cars & Motorsport\sparkstore\Porsche 911 GT3 RS 'Street Racer' Frame.webp,
Cars & Motorsport/sparkstore/Porsche 911 Turbo 'KPOP DEMON HUNTERS' Frame.webp,Cars & Motorsport,Cars & Motorsport,sparkstore,Porsche 911 Turbo 'KPOP DEMON HUNTERS' Frame.webp,keep,no,copy,Cars & Motorsport\sparkstore\Porsche 911 Turbo 'KPOP DEMON HUNTERS' Frame.webp,
Cars & Motorsport/sparkstore/Porsche 918 'Dynamic Elegance' Frame.webp,Cars & Motorsport,Cars & Motorsport,sparkstore,Porsche 918 'Dynamic Elegance' Frame.webp,keep,no,copy,Cars & Motorsport\sparkstore\Porsche 918 'Dynamic Elegance' Frame.webp,
Cars & Motorsport/sparkstore/Porsche '911 GT3' Frame.webp,Cars & Motorsport,Cars & Motorsport,sparkstore,Porsche '911 GT3' Frame.webp,keep,no,copy,Cars & Motorsport\sparkstore\Porsche '911 GT3' Frame.webp,
Cars & Motorsport/sparkstore/Porsche 'Emerald Elegance' Frame.webp,Cars & Motorsport,Cars & Motorsport,sparkstore,Porsche 'Emerald Elegance' Frame.webp,dismiss,no,copy,dismissed\Cars & Motorsport\sparkstore\Porsche 'Emerald Elegance' Frame.webp,
Cars & Motorsport/sparkstore/Porsche 'Iconic Speedster' Frame.webp,Cars & Motorsport,Cars & Motorsport,sparkstore,Porsche 'Iconic Speedster' Frame.webp,dismiss,no,copy,dismissed\Cars & Motorsport\sparkstore\Porsche 'Iconic Speedster' Frame.webp,
Cars & Motorsport/sparkstore/Porsche 'Perfection' Frame.webp,Cars & Motorsport,Cars & Motorsport,sparkstore,Porsche 'Perfection' Frame.webp,keep,no,copy,Cars & Motorsport\sparkstore\Porsche 'Perfection' Frame.webp,
Cars & Motorsport/sparkstore/Porsche 'Power' Frame.webp,Cars & Motorsport,Cars & Motorsport,sparkstore,Porsche 'Power' Frame.webp,keep,no,copy,Cars & Motorsport\sparkstore\Porsche 'Power' Frame.webp,
Cars & Motorsport/sparkstore/Porsche 'Precision & Performance' Frame.webp,Cars & Motorsport,Cars & Motorsport,sparkstore,Porsche 'Precision & Performance' Frame.webp,dismiss,no,copy,dismissed\Cars & Motorsport\sparkstore\Porsche 'Precision & Performance' Frame.webp,
Cars & Motorsport/sparkstore/Porsche 'Speed & Style' Frame.webp,Cars & Motorsport,Cars & Motorsport,sparkstore,Porsche 'Speed & Style' Frame.webp,keep,no,copy,Cars & Motorsport\sparkstore\Porsche 'Speed & Style' Frame.webp,
Cars & Motorsport/sparkstore/Porsche 'Timeless Machine' Frame.webp,Cars & Motorsport,Cars & Motorsport,sparkstore,Porsche 'Timeless Machine' Frame.webp,dismiss,no,copy,dismissed\Cars & Motorsport\sparkstore\Porsche 'Timeless Machine' Frame.webp,
Cars & Motorsport/sparkstore/Porsche 'Vintage Verve' Frame.webp,Cars & Motorsport,Cars & Motorsport,sparkstore,Porsche 'Vintage Verve' Frame.webp,dismiss,no,copy,dismissed\Cars & Motorsport\sparkstore\Porsche 'Vintage Verve' Frame.webp,
Cars & Motorsport/sparkstore/Porsche Carrera GT 'Analog Engineering' Frame.webp,Cars & Motorsport,Cars & Motorsport,sparkstore,Porsche Carrera GT 'Analog Engineering' Frame.webp,keep,no,copy,Cars & Motorsport\sparkstore\Porsche Carrera GT 'Analog Engineering' Frame.webp,
Cars & Motorsport/sparkstore/Porsche GT3 RS 'Track Masterpiece' Frame.webp,Cars & Motorsport,Cars & Motorsport,sparkstore,Porsche GT3 RS 'Track Masterpiece' Frame.webp,keep,no,copy,Cars & Motorsport\sparkstore\Porsche GT3 RS 'Track Masterpiece' Frame.webp,
Cars & Motorsport/sparkstore/Porsche GT3RS 'Race Perfection' Frame.webp,Cars & Motorsport,Cars & Motorsport,sparkstore,Porsche GT3RS 'Race Perfection' Frame.webp,keep,no,copy,Cars & Motorsport\sparkstore\Porsche GT3RS 'Race Perfection' Frame.webp,
Cars & Motorsport/sparkstore/Porsche Taycan 'Modern Elegance' Frame.webp,Cars & Motorsport,Cars & Motorsport,sparkstore,Porsche Taycan 'Modern Elegance' Frame.webp,keep,no,copy,Cars & Motorsport\sparkstore\Porsche Taycan 'Modern Elegance' Frame.webp,
Cars & Motorsport/sparkstore/Rolls Royce Phantom I 'Timeless Elegance' Frame.webp,Cars & Motorsport,Cars & Motorsport,sparkstore,Rolls Royce Phantom I 'Timeless Elegance' Frame.webp,keep,no,copy,Cars & Motorsport\sparkstore\Rolls Royce Phantom I 'Timeless Elegance' Frame.webp,
Cars & Motorsport/sparkstore/Subaru BRZ 'Photoroom Design' Frame.webp,Cars & Motorsport,Cars & Motorsport,sparkstore,Subaru BRZ 'Photoroom Design' Frame.webp,dismiss,no,copy,dismissed\Cars & Motorsport\sparkstore\Subaru BRZ 'Photoroom Design' Frame.webp,
Cars & Motorsport/sparkstore/Subaru Impreza 555 'Rally Legend' Frame.webp,Cars & Motorsport,Cars & Motorsport,sparkstore,Subaru Impreza 555 'Rally Legend' Frame.webp,dismiss,no,copy,dismissed\Cars & Motorsport\sparkstore\Subaru Impreza 555 'Rally Legend' Frame.webp,
Cars & Motorsport/sparkstore/Subaru Impreza WRX STI 'Rally Legend' Frame.webp,Cars & Motorsport,Cars & Motorsport,sparkstore,Subaru Impreza WRX STI 'Rally Legend' Frame.webp,keep,no,copy,Cars & Motorsport\sparkstore\Subaru Impreza WRX STI 'Rally Legend' Frame.webp,
Cars & Motorsport/sparkstore/Subaru STI 'Artistic Precision' Frame.webp,Cars & Motorsport,Cars & Motorsport,sparkstore,Subaru STI 'Artistic Precision' Frame.webp,keep,no,copy,Cars & Motorsport\sparkstore\Subaru STI 'Artistic Precision' Frame.webp,
Cars & Motorsport/sparkstore/Subaru STI 'Dynamic Performance' Frame.webp,Cars & Motorsport,Cars & Motorsport,sparkstore,Subaru STI 'Dynamic Performance' Frame.webp,keep,no,copy,Cars & Motorsport\sparkstore\Subaru STI 'Dynamic Performance' Frame.webp,
Cars & Motorsport/sparkstore/Subaru WRX STI 'Dynamic Drive' Frame.webp,Cars & Motorsport,Cars & Motorsport,sparkstore,Subaru WRX STI 'Dynamic Drive' Frame.webp,keep,no,copy,Cars & Motorsport\sparkstore\Subaru WRX STI 'Dynamic Drive' Frame.webp,
Cars & Motorsport/sparkstore/Suzuki Hayabusa 'Ready to Race' Frame.webp,Cars & Motorsport,Cars & Motorsport,sparkstore,Suzuki Hayabusa 'Ready to Race' Frame.webp,keep,no,copy,Cars & Motorsport\sparkstore\Suzuki Hayabusa 'Ready to Race' Frame.webp,
Cars & Motorsport/sparkstore/Toyota 4 Runner TRD 'Adventure Awaits' Frame.webp,Cars & Motorsport,Cars & Motorsport,sparkstore,Toyota 4 Runner TRD 'Adventure Awaits' Frame.webp,keep,no,copy,Cars & Motorsport\sparkstore\Toyota 4 Runner TRD 'Adventure Awaits' Frame.webp,
Cars & Motorsport/sparkstore/Toyota 2000GT 'Timeless Engineering' Frame.webp,Cars & Motorsport,Cars & Motorsport,sparkstore,Toyota 2000GT 'Timeless Engineering' Frame.webp,keep,no,copy,Cars & Motorsport\sparkstore\Toyota 2000GT 'Timeless Engineering' Frame.webp,
Cars & Motorsport/sparkstore/Toyota 2000GT 'Timeless Performance' Frame.webp,Cars & Motorsport,Cars & Motorsport,sparkstore,Toyota 2000GT 'Timeless Performance' Frame.webp,keep,no,copy,Cars & Motorsport\sparkstore\Toyota 2000GT 'Timeless Performance' Frame.webp,
Cars & Motorsport/sparkstore/Toyota AE86 Truenos 'Drifting Legend' Frame.webp,Cars & Motorsport,Cars & Motorsport,sparkstore,Toyota AE86 Truenos 'Drifting Legend' Frame.webp,keep,no,copy,Cars & Motorsport\sparkstore\Toyota AE86 Truenos 'Drifting Legend' Frame.webp,
Cars & Motorsport/sparkstore/Toyota Altezza 'Luxury Performance' Frame.webp,Cars & Motorsport,Cars & Motorsport,sparkstore,Toyota Altezza 'Luxury Performance' Frame.webp,keep,no,copy,Cars & Motorsport\sparkstore\Toyota Altezza 'Luxury Performance' Frame.webp,
Cars & Motorsport/sparkstore/Toyota GT86 'Driving Spirit' Frame.webp,Cars & Motorsport,Cars & Motorsport,sparkstore,Toyota GT86 'Driving Spirit' Frame.webp,keep,no,copy,Cars & Motorsport\sparkstore\Toyota GT86 'Driving Spirit' Frame.webp,
Cars & Motorsport/sparkstore/Toyota Land Cruiser LC300 'Ultimate Off-Road Dominance' Frame.webp,Cars & Motorsport,Cars & Motorsport,sparkstore,Toyota Land Cruiser LC300 'Ultimate Off-Road Dominance' Frame.webp,keep,no,copy,Cars & Motorsport\sparkstore\Toyota Land Cruiser LC300 'Ultimate Off-Road Dominance' Frame.webp,
Cars & Motorsport/sparkstore/Toyota Supra 'Urban Legend' Frame.webp,Cars & Motorsport,Cars & Motorsport,sparkstore,Toyota Supra 'Urban Legend' Frame.webp,keep,no,copy,Cars & Motorsport\sparkstore\Toyota Supra 'Urban Legend' Frame.webp,
Cars & Motorsport/sparkstore/Toyota Supra A90 'The Legend Reborn' Frame.webp,Cars & Motorsport,Cars & Motorsport,sparkstore,Toyota Supra A90 'The Legend Reborn' Frame.webp,keep,no,copy,Cars & Motorsport\sparkstore\Toyota Supra A90 'The Legend Reborn' Frame.webp,
Cars & Motorsport/sparkstore/Toyota Supra A90 'The Rebirth of a Legend' Frame.webp,Cars & Motorsport,Cars & Motorsport,sparkstore,Toyota Supra A90 'The Rebirth of a Legend' Frame.webp,keep,no,copy,Cars & Motorsport\sparkstore\Toyota Supra A90 'The Rebirth of a Legend' Frame.webp,
Cars & Motorsport/sparkstore/Toyota Supra MK4 'Timeless Legend' Frame.webp,Cars & Motorsport,Cars & Motorsport,sparkstore,Toyota Supra MK4 'Timeless Legend' Frame.webp,keep,no,copy,Cars & Motorsport\sparkstore\Toyota Supra MK4 'Timeless Legend' Frame.webp,
Cars & Motorsport/sparkstore/Toyota Supra MK4 'Turbocharged Beast' Frame.webp,Cars & Motorsport,Cars & Motorsport,sparkstore,Toyota Supra MK4 'Turbocharged Beast' Frame.webp,keep,no,copy,Cars & Motorsport\sparkstore\Toyota Supra MK4 'Turbocharged Beast' Frame.webp,
Cars & Motorsport/sparkstore/Toyota Supra MK5 'Legendary Revive' Frame.webp,Cars & Motorsport,Cars & Motorsport,sparkstore,Toyota Supra MK5 'Legendary Revive' Frame.webp,dismiss,no,copy,dismissed\Cars & Motorsport\sparkstore\Toyota Supra MK5 'Legendary Revive' Frame.webp,
Cars & Motorsport/sparkstore/Toyota Supra MK-5 'Modern Legacy' Frame.webp,Cars & Motorsport,Cars & Motorsport,sparkstore,Toyota Supra MK-5 'Modern Legacy' Frame.webp,keep,no,copy,Cars & Motorsport\sparkstore\Toyota Supra MK-5 'Modern Legacy' Frame.webp,
Cars & Motorsport/sparkstore/Volkswagen Beetle 'Classic Charm' Frame.webp,Cars & Motorsport,Cars & Motorsport,sparkstore,Volkswagen Beetle 'Classic Charm' Frame.webp,keep,no,copy,Cars & Motorsport\sparkstore\Volkswagen Beetle 'Classic Charm' Frame.webp,
Cars & Motorsport/sparkstore/Volkswagen Beetle 'Timeless Classic' Frame.webp,Cars & Motorsport,Cars & Motorsport,sparkstore,Volkswagen Beetle 'Timeless Classic' Frame.webp,keep,no,copy,Cars & Motorsport\sparkstore\Volkswagen Beetle 'Timeless Classic' Frame.webp,
Cars & Motorsport/sparkstore/Volkswagen Golf 'Drifting Style' Frame.webp,Cars & Motorsport,Cars & Motorsport,sparkstore,Volkswagen Golf 'Drifting Style' Frame.webp,keep,no,copy,Cars & Motorsport\sparkstore\Volkswagen Golf 'Drifting Style' Frame.webp,
Cars & Motorsport/sparkstore/Yamaha YZF-R1M 'Ready to Race' Frame.webp,Cars & Motorsport,Cars & Motorsport,sparkstore,Yamaha YZF-R1M 'Ready to Race' Frame.webp,keep,no,copy,Cars & Motorsport\sparkstore\Yamaha YZF-R1M 'Ready to Race' Frame.webp,
Cities & Travel/frameium/Amsterdam.webp,Cities & Travel,Cities & Travel,frameium,Amsterdam.webp,dismiss,no,copy,dismissed\Cities & Travel\frameium\Amsterdam.webp,
Cities & Travel/frameium/Berlin.webp,Cities & Travel,Cities & Travel,frameium,Berlin.webp,dismiss,no,copy,dismissed\Cities & Travel\frameium\Berlin.webp,
Cities & Travel/frameium/Cairo (2).webp,Cities & Travel,Cities & Travel,frameium,Cairo (2).webp,keep,no,copy,Cities & Travel\frameium\Cairo (2).webp,
Cities & Travel/frameium/Cairo.webp,Cities & Travel,Cities & Travel,frameium,Cairo.webp,keep,no,copy,Cities & Travel\frameium\Cairo.webp,
Cities & Travel/frameium/Florence.webp,Cities & Travel,Cities & Travel,frameium,Florence.webp,dismiss,no,copy,dismissed\Cities & Travel\frameium\Florence.webp,
Cities & Travel/frameium/Halftone Travel Agency Kyoto.webp,Cities & Travel,Cities & Travel,frameium,Halftone Travel Agency Kyoto.webp,dismiss,no,copy,dismissed\Cities & Travel\frameium\Halftone Travel Agency Kyoto.webp,
Cities & Travel/frameium/Istanbul.webp,Cities & Travel,Cities & Travel,frameium,Istanbul.webp,dismiss,no,copy,dismissed\Cities & Travel\frameium\Istanbul.webp,
Cities & Travel/frameium/Japanese Asakusa Pagoda Travel.webp,Cities & Travel,Cities & Travel,frameium,Japanese Asakusa Pagoda Travel.webp,dismiss,no,copy,dismissed\Cities & Travel\frameium\Japanese Asakusa Pagoda Travel.webp,
Cities & Travel/frameium/Las vegas.webp,Cities & Travel,Cities & Travel,frameium,Las vegas.webp,keep,no,copy,Cities & Travel\frameium\Las vegas.webp,
Cities & Travel/frameium/London.webp,Cities & Travel,Cities & Travel,frameium,London.webp,keep,no,copy,Cities & Travel\frameium\London.webp,
Cities & Travel/frameium/Tokyo.webp,Cities & Travel,Cities & Travel,frameium,Tokyo.webp,keep,no,copy,Cities & Travel\frameium\Tokyo.webp,
Cities & Travel/frameium/Venice.webp,Cities & Travel,Cities & Travel,frameium,Venice.webp,keep,no,copy,Cities & Travel\frameium\Venice.webp,
Cities & Travel/loudborders/Alaskan Serenity.webp,Cities & Travel,Cities & Travel,loudborders,Alaskan Serenity.webp,keep,no,copy,Cities & Travel\loudborders\Alaskan Serenity.webp,
Cities & Travel/loudborders/Aloha From Honolulu.webp,Cities & Travel,Cities & Travel,loudborders,Aloha From Honolulu.webp,keep,no,copy,Cities & Travel\loudborders\Aloha From Honolulu.webp,
Cities & Travel/loudborders/Amalfi Coast.webp,Cities & Travel,Cities & Travel,loudborders,Amalfi Coast.webp,keep,no,copy,Cities & Travel\loudborders\Amalfi Coast.webp,
Cities & Travel/loudborders/Amsterdam Essence.webp,Cities & Travel,Cities & Travel,loudborders,Amsterdam Essence.webp,keep,no,copy,Cities & Travel\loudborders\Amsterdam Essence.webp,
Cities & Travel/loudborders/Arizona Plains.webp,Cities & Travel,Cities & Travel,loudborders,Arizona Plains.webp,keep,no,copy,Cities & Travel\loudborders\Arizona Plains.webp,
Cities & Travel/loudborders/Austin Serenity.webp,Cities & Travel,Cities & Travel,loudborders,Austin Serenity.webp,keep,no,copy,Cities & Travel\loudborders\Austin Serenity.webp,
Cities & Travel/loudborders/Autumn in Quebec.webp,Cities & Travel,Cities & Travel,loudborders,Autumn in Quebec.webp,keep,no,copy,Cities & Travel\loudborders\Autumn in Quebec.webp,
Cities & Travel/loudborders/Bali Bliss.webp,Cities & Travel,Cities & Travel,loudborders,Bali Bliss.webp,keep,no,copy,Cities & Travel\loudborders\Bali Bliss.webp,
Cities & Travel/loudborders/Bangkok Vibes.webp,Cities & Travel,Cities & Travel,loudborders,Bangkok Vibes.webp,keep,no,copy,Cities & Travel\loudborders\Bangkok Vibes.webp,
Cities & Travel/loudborders/Barbados Breeze.webp,Cities & Travel,Cities & Travel,loudborders,Barbados Breeze.webp,keep,no,copy,Cities & Travel\loudborders\Barbados Breeze.webp,
Cities & Travel/loudborders/Beijing Legacy.webp,Cities & Travel,Cities & Travel,loudborders,Beijing Legacy.webp,keep,no,copy,Cities & Travel\loudborders\Beijing Legacy.webp,
Cities & Travel/loudborders/Berlin Landmarks.webp,Cities & Travel,Cities & Travel,loudborders,Berlin Landmarks.webp,keep,no,copy,Cities & Travel\loudborders\Berlin Landmarks.webp,
Cities & Travel/loudborders/Beverly Hills Dreamscape.webp,Cities & Travel,Cities & Travel,loudborders,Beverly Hills Dreamscape.webp,keep,no,copy,Cities & Travel\loudborders\Beverly Hills Dreamscape.webp,
Cities & Travel/loudborders/Bogotá Colors.webp,Cities & Travel,Cities & Travel,loudborders,Bogotá Colors.webp,skip,no,copy,skipped\Cities & Travel\loudborders\Bogotá Colors.webp,not reached in keep/dismiss pass
Cities & Travel/loudborders/Bora Dream.webp,Cities & Travel,Cities & Travel,loudborders,Bora Dream.webp,keep,no,copy,Cities & Travel\loudborders\Bora Dream.webp,
Cities & Travel/loudborders/Budapest Bliss.webp,Cities & Travel,Cities & Travel,loudborders,Budapest Bliss.webp,keep,no,copy,Cities & Travel\loudborders\Budapest Bliss.webp,
Cities & Travel/loudborders/Buenos Aires Vibes.webp,Cities & Travel,Cities & Travel,loudborders,Buenos Aires Vibes.webp,keep,no,copy,Cities & Travel\loudborders\Buenos Aires Vibes.webp,
Cities & Travel/loudborders/Cape Town Coastline.webp,Cities & Travel,Cities & Travel,loudborders,Cape Town Coastline.webp,keep,no,copy,Cities & Travel\loudborders\Cape Town Coastline.webp,
Cities & Travel/loudborders/Chicago Lights.webp,Cities & Travel,Cities & Travel,loudborders,Chicago Lights.webp,keep,no,copy,Cities & Travel\loudborders\Chicago Lights.webp,
Cities & Travel/loudborders/Chicago Skyline.webp,Cities & Travel,Cities & Travel,loudborders,Chicago Skyline.webp,keep,no,copy,Cities & Travel\loudborders\Chicago Skyline.webp,
Cities & Travel/loudborders/Chicago Strong.webp,Cities & Travel,Cities & Travel,loudborders,Chicago Strong.webp,keep,no,copy,Cities & Travel\loudborders\Chicago Strong.webp,
Cities & Travel/loudborders/Dubai Dreams.webp,Cities & Travel,Cities & Travel,loudborders,Dubai Dreams.webp,keep,no,copy,Cities & Travel\loudborders\Dubai Dreams.webp,
Cities & Travel/loudborders/Dublin Vibes.webp,Cities & Travel,Cities & Travel,loudborders,Dublin Vibes.webp,keep,no,copy,Cities & Travel\loudborders\Dublin Vibes.webp,
Cities & Travel/loudborders/Dubrovnik Serenity.webp,Cities & Travel,Cities & Travel,loudborders,Dubrovnik Serenity.webp,keep,no,copy,Cities & Travel\loudborders\Dubrovnik Serenity.webp,
Cities & Travel/loudborders/Dubrovnik Views.webp,Cities & Travel,Cities & Travel,loudborders,Dubrovnik Views.webp,keep,no,copy,Cities & Travel\loudborders\Dubrovnik Views.webp,
Cities & Travel/loudborders/Edinburgh Essence.webp,Cities & Travel,Cities & Travel,loudborders,Edinburgh Essence.webp,keep,no,copy,Cities & Travel\loudborders\Edinburgh Essence.webp,
Cities & Travel/loudborders/Empire Glow.webp,Cities & Travel,Cities & Travel,loudborders,Empire Glow.webp,keep,no,copy,Cities & Travel\loudborders\Empire Glow.webp,
Cities & Travel/loudborders/Florence at Dusk.webp,Cities & Travel,Cities & Travel,loudborders,Florence at Dusk.webp,keep,no,copy,Cities & Travel\loudborders\Florence at Dusk.webp,
Cities & Travel/loudborders/Frankfurt Reflections.webp,Cities & Travel,Cities & Travel,loudborders,Frankfurt Reflections.webp,keep,no,copy,Cities & Travel\loudborders\Frankfurt Reflections.webp,
Cities & Travel/loudborders/Golden Fields of Provence.webp,Cities & Travel,Cities & Travel,loudborders,Golden Fields of Provence.webp,keep,no,copy,Cities & Travel\loudborders\Golden Fields of Provence.webp,
Cities & Travel/loudborders/Golden Sands of Corralejo.webp,Cities & Travel,Cities & Travel,loudborders,Golden Sands of Corralejo.webp,keep,no,copy,Cities & Travel\loudborders\Golden Sands of Corralejo.webp,
Cities & Travel/loudborders/Hamburg Horizons.webp,Cities & Travel,Cities & Travel,loudborders,Hamburg Horizons.webp,keep,no,copy,Cities & Travel\loudborders\Hamburg Horizons.webp,
Cities & Travel/loudborders/Helsinki Reflections.webp,Cities & Travel,Cities & Travel,loudborders,Helsinki Reflections.webp,keep,no,copy,Cities & Travel\loudborders\Helsinki Reflections.webp,
Cities & Travel/loudborders/Hills of Lyon.webp,Cities & Travel,Cities & Travel,loudborders,Hills of Lyon.webp,keep,no,copy,Cities & Travel\loudborders\Hills of Lyon.webp,
Cities & Travel/loudborders/Historic York.webp,Cities & Travel,Cities & Travel,loudborders,Historic York.webp,keep,no,copy,Cities & Travel\loudborders\Historic York.webp,
Cities & Travel/loudborders/Ibiza Boho.webp,Cities & Travel,Cities & Travel,loudborders,Ibiza Boho.webp,keep,no,copy,Cities & Travel\loudborders\Ibiza Boho.webp,
Cities & Travel/loudborders/Iconic Dubai.webp,Cities & Travel,Cities & Travel,loudborders,Iconic Dubai.webp,keep,no,copy,Cities & Travel\loudborders\Iconic Dubai.webp,
Cities & Travel/loudborders/Istanbul.webp,Cities & Travel,Cities & Travel,loudborders,Istanbul.webp,keep,no,copy,Cities & Travel\loudborders\Istanbul.webp,
Cities & Travel/loudborders/Johannesburg Skyline.webp,Cities & Travel,Cities & Travel,loudborders,Johannesburg Skyline.webp,keep,no,copy,Cities & Travel\loudborders\Johannesburg Skyline.webp,
Cities & Travel/loudborders/L.A. Boulevard.webp,Cities & Travel,Cities & Travel,loudborders,L.A. Boulevard.webp,keep,no,copy,Cities & Travel\loudborders\L.A. Boulevard.webp,
Cities & Travel/loudborders/Lisbon View.webp,Cities & Travel,Cities & Travel,loudborders,Lisbon View.webp,keep,no,copy,Cities & Travel\loudborders\Lisbon View.webp,
Cities & Travel/loudborders/Maldives Serenity.webp,Cities & Travel,Cities & Travel,loudborders,Maldives Serenity.webp,keep,no,copy,Cities & Travel\loudborders\Maldives Serenity.webp,
Cities & Travel/loudborders/Manila Dreams.webp,Cities & Travel,Cities & Travel,loudborders,Manila Dreams.webp,keep,no,copy,Cities & Travel\loudborders\Manila Dreams.webp,
Cities & Travel/loudborders/Marrakech Majesty.webp,Cities & Travel,Cities & Travel,loudborders,Marrakech Majesty.webp,keep,no,copy,Cities & Travel\loudborders\Marrakech Majesty.webp,
Cities & Travel/loudborders/Melbourne Essence.webp,Cities & Travel,Cities & Travel,loudborders,Melbourne Essence.webp,keep,no,copy,Cities & Travel\loudborders\Melbourne Essence.webp,
Cities & Travel/loudborders/Melbourne Vibes.webp,Cities & Travel,Cities & Travel,loudborders,Melbourne Vibes.webp,keep,no,copy,Cities & Travel\loudborders\Melbourne Vibes.webp,
Cities & Travel/loudborders/Mexico Verde.webp,Cities & Travel,Cities & Travel,loudborders,Mexico Verde.webp,keep,no,copy,Cities & Travel\loudborders\Mexico Verde.webp,
Cities & Travel/loudborders/Miami Blocks.webp,Cities & Travel,Cities & Travel,loudborders,Miami Blocks.webp,keep,no,copy,Cities & Travel\loudborders\Miami Blocks.webp,
Cities & Travel/loudborders/Miami Dreams.webp,Cities & Travel,Cities & Travel,loudborders,Miami Dreams.webp,keep,no,copy,Cities & Travel\loudborders\Miami Dreams.webp,
Cities & Travel/loudborders/Miami Heat.webp,Cities & Travel,Cities & Travel,loudborders,Miami Heat.webp,keep,no,copy,Cities & Travel\loudborders\Miami Heat.webp,
Cities & Travel/loudborders/Montreal Skyline.webp,Cities & Travel,Cities & Travel,loudborders,Montreal Skyline.webp,keep,no,copy,Cities & Travel\loudborders\Montreal Skyline.webp,
Cities & Travel/loudborders/Nairobi Wildscape.webp,Cities & Travel,Cities & Travel,loudborders,Nairobi Wildscape.webp,keep,no,copy,Cities & Travel\loudborders\Nairobi Wildscape.webp,
Cities & Travel/loudborders/Neon-Paris.webp,Cities & Travel,Cities & Travel,loudborders,Neon-Paris.webp,keep,no,copy,Cities & Travel\loudborders\Neon-Paris.webp,
Cities & Travel/loudborders/Oslo Scene.webp,Cities & Travel,Cities & Travel,loudborders,Oslo Scene.webp,keep,no,copy,Cities & Travel\loudborders\Oslo Scene.webp,
Cities & Travel/loudborders/Ottawa Reflections.webp,Cities & Travel,Cities & Travel,loudborders,Ottawa Reflections.webp,keep,no,copy,Cities & Travel\loudborders\Ottawa Reflections.webp,
Cities & Travel/loudborders/Ottawa Vista.webp,Cities & Travel,Cities & Travel,loudborders,Ottawa Vista.webp,keep,no,copy,Cities & Travel\loudborders\Ottawa Vista.webp,
Cities & Travel/loudborders/Oxford Glow.webp,Cities & Travel,Cities & Travel,loudborders,Oxford Glow.webp,keep,no,copy,Cities & Travel\loudborders\Oxford Glow.webp,
Cities & Travel/loudborders/Parisian Elegance.webp,Cities & Travel,Cities & Travel,loudborders,Parisian Elegance.webp,keep,no,copy,Cities & Travel\loudborders\Parisian Elegance.webp,
Cities & Travel/loudborders/Pastel Portofino.webp,Cities & Travel,Cities & Travel,loudborders,Pastel Portofino.webp,keep,no,copy,Cities & Travel\loudborders\Pastel Portofino.webp,
Cities & Travel/loudborders/Pisa Wonders.webp,Cities & Travel,Cities & Travel,loudborders,Pisa Wonders.webp,keep,no,copy,Cities & Travel\loudborders\Pisa Wonders.webp,
Cities & Travel/loudborders/Prague Dreams.webp,Cities & Travel,Cities & Travel,loudborders,Prague Dreams.webp,keep,no,copy,Cities & Travel\loudborders\Prague Dreams.webp,
Cities & Travel/loudborders/Punta Shell.webp,Cities & Travel,Cities & Travel,loudborders,Punta Shell.webp,keep,no,copy,Cities & Travel\loudborders\Punta Shell.webp,
Cities & Travel/loudborders/Reflections of Copenhagen.webp,Cities & Travel,Cities & Travel,loudborders,Reflections of Copenhagen.webp,keep,no,copy,Cities & Travel\loudborders\Reflections of Copenhagen.webp,
Cities & Travel/loudborders/Rio Vibes.webp,Cities & Travel,Cities & Travel,loudborders,Rio Vibes.webp,keep,no,copy,Cities & Travel\loudborders\Rio Vibes.webp,
Cities & Travel/loudborders/Seoul Scape.webp,Cities & Travel,Cities & Travel,loudborders,Seoul Scape.webp,keep,no,copy,Cities & Travel\loudborders\Seoul Scape.webp,
Cities & Travel/loudborders/Serene Geneva.webp,Cities & Travel,Cities & Travel,loudborders,Serene Geneva.webp,keep,no,copy,Cities & Travel\loudborders\Serene Geneva.webp,
Cities & Travel/loudborders/Seville Spirit.webp,Cities & Travel,Cities & Travel,loudborders,Seville Spirit.webp,keep,no,copy,Cities & Travel\loudborders\Seville Spirit.webp,
Cities & Travel/loudborders/Shanghai Skyline.webp,Cities & Travel,Cities & Travel,loudborders,Shanghai Skyline.webp,keep,no,copy,Cities & Travel\loudborders\Shanghai Skyline.webp,
Cities & Travel/loudborders/Singapore Skyline.webp,Cities & Travel,Cities & Travel,loudborders,Singapore Skyline.webp,keep,no,copy,Cities & Travel\loudborders\Singapore Skyline.webp,
Cities & Travel/loudborders/Sintra Charm.webp,Cities & Travel,Cities & Travel,loudborders,Sintra Charm.webp,keep,no,copy,Cities & Travel\loudborders\Sintra Charm.webp,
Cities & Travel/loudborders/Skyline of Skopje.webp,Cities & Travel,Cities & Travel,loudborders,Skyline of Skopje.webp,keep,no,copy,Cities & Travel\loudborders\Skyline of Skopje.webp,
Cities & Travel/loudborders/Streets of Stockholm.webp,Cities & Travel,Cities & Travel,loudborders,Streets of Stockholm.webp,keep,no,copy,Cities & Travel\loudborders\Streets of Stockholm.webp,
Cities & Travel/loudborders/Summer in Saint-Tropez.webp,Cities & Travel,Cities & Travel,loudborders,Summer in Saint-Tropez.webp,keep,no,copy,Cities & Travel\loudborders\Summer in Saint-Tropez.webp,
Cities & Travel/loudborders/Timeless Athens.webp,Cities & Travel,Cities & Travel,loudborders,Timeless Athens.webp,keep,no,copy,Cities & Travel\loudborders\Timeless Athens.webp,
Cities & Travel/loudborders/Timeless Cairo.webp,Cities & Travel,Cities & Travel,loudborders,Timeless Cairo.webp,keep,no,copy,Cities & Travel\loudborders\Timeless Cairo.webp,
Cities & Travel/loudborders/Timeless London.webp,Cities & Travel,Cities & Travel,loudborders,Timeless London.webp,keep,no,copy,Cities & Travel\loudborders\Timeless London.webp,
Cities & Travel/loudborders/Timeless New York.webp,Cities & Travel,Cities & Travel,loudborders,Timeless New York.webp,keep,no,copy,Cities & Travel\loudborders\Timeless New York.webp,
Cities & Travel/loudborders/Timeless Petra.webp,Cities & Travel,Cities & Travel,loudborders,Timeless Petra.webp,keep,no,copy,Cities & Travel\loudborders\Timeless Petra.webp,
Cities & Travel/loudborders/Timeless Rome.webp,Cities & Travel,Cities & Travel,loudborders,Timeless Rome.webp,keep,no,copy,Cities & Travel\loudborders\Timeless Rome.webp,
Cities & Travel/loudborders/Timeless Vienna.webp,Cities & Travel,Cities & Travel,loudborders,Timeless Vienna.webp,keep,no,copy,Cities & Travel\loudborders\Timeless Vienna.webp,
Cities & Travel/loudborders/Tokyo Lights.webp,Cities & Travel,Cities & Travel,loudborders,Tokyo Lights.webp,keep,no,copy,Cities & Travel\loudborders\Tokyo Lights.webp,
Cities & Travel/loudborders/Toronto Heights.webp,Cities & Travel,Cities & Travel,loudborders,Toronto Heights.webp,keep,no,copy,Cities & Travel\loudborders\Toronto Heights.webp,
Cities & Travel/loudborders/Tropical Blossom.webp,Cities & Travel,Cities & Travel,loudborders,Tropical Blossom.webp,keep,no,copy,Cities & Travel\loudborders\Tropical Blossom.webp,
Cities & Travel/loudborders/Venice Vibes.webp,Cities & Travel,Cities & Travel,loudborders,Venice Vibes.webp,keep,no,copy,Cities & Travel\loudborders\Venice Vibes.webp,
Cities & Travel/loudborders/Victoria Serenity.webp,Cities & Travel,Cities & Travel,loudborders,Victoria Serenity.webp,keep,no,copy,Cities & Travel\loudborders\Victoria Serenity.webp,
Cities & Travel/loudborders/Viva Las Vegas.webp,Cities & Travel,Cities & Travel,loudborders,Viva Las Vegas.webp,keep,no,copy,Cities & Travel\loudborders\Viva Las Vegas.webp,
Cities & Travel/loudborders/Vivid-Pyramids.webp,Cities & Travel,Cities & Travel,loudborders,Vivid-Pyramids.webp,keep,no,copy,Cities & Travel\loudborders\Vivid-Pyramids.webp,
Cities & Travel/loudborders/Waves of Brighton.webp,Cities & Travel,Cities & Travel,loudborders,Waves of Brighton.webp,keep,no,copy,Cities & Travel\loudborders\Waves of Brighton.webp,
Cities & Travel/loudborders/Welcome to Las Vegas.webp,Cities & Travel,Cities & Travel,loudborders,Welcome to Las Vegas.webp,keep,no,copy,Cities & Travel\loudborders\Welcome to Las Vegas.webp,
Cities & Travel/printiteg/Colorful Harbor Frame.webp,Cities & Travel,Cities & Travel,printiteg,Colorful Harbor Frame.webp,keep,no,copy,Cities & Travel\printiteg\Colorful Harbor Frame.webp,
Cities & Travel/printiteg/Dubai Frame.webp,Cities & Travel,Cities & Travel,printiteg,Dubai Frame.webp,keep,no,copy,Cities & Travel\printiteg\Dubai Frame.webp,
Cities & Travel/printiteg/Egypt Frame.webp,Cities & Travel,Cities & Travel,printiteg,Egypt Frame.webp,dismiss,no,copy,dismissed\Cities & Travel\printiteg\Egypt Frame.webp,
Cities & Travel/printiteg/Greek Boat House Frame.webp,Cities & Travel,Cities & Travel,printiteg,Greek Boat House Frame.webp,keep,no,copy,Cities & Travel\printiteg\Greek Boat House Frame.webp,
Cities & Travel/printiteg/Greek Cafe Frame.webp,Cities & Travel,Cities & Travel,printiteg,Greek Cafe Frame.webp,keep,no,copy,Cities & Travel\printiteg\Greek Cafe Frame.webp,
Cities & Travel/printiteg/Hawaii Frame.webp,Cities & Travel,Cities & Travel,printiteg,Hawaii Frame.webp,keep,no,copy,Cities & Travel\printiteg\Hawaii Frame.webp,
Cities & Travel/printiteg/Ibiza Spain Frame.webp,Cities & Travel,Cities & Travel,printiteg,Ibiza Spain Frame.webp,keep,no,copy,Cities & Travel\printiteg\Ibiza Spain Frame.webp,
Cities & Travel/printiteg/Italy Frame.webp,Cities & Travel,Cities & Travel,printiteg,Italy Frame.webp,keep,no,copy,Cities & Travel\printiteg\Italy Frame.webp,
Cities & Travel/printiteg/Japan Frame.webp,Cities & Travel,Cities & Travel,printiteg,Japan Frame.webp,dismiss,no,copy,dismissed\Cities & Travel\printiteg\Japan Frame.webp,
Cities & Travel/printiteg/London England Frame.webp,Cities & Travel,Cities & Travel,printiteg,London England Frame.webp,keep,no,copy,Cities & Travel\printiteg\London England Frame.webp,
Cities & Travel/printiteg/London Frame.webp,Cities & Travel,Cities & Travel,printiteg,London Frame.webp,keep,no,copy,Cities & Travel\printiteg\London Frame.webp,
Cities & Travel/printiteg/Miami Beach Frame.webp,Cities & Travel,Cities & Travel,printiteg,Miami Beach Frame.webp,keep,no,copy,Cities & Travel\printiteg\Miami Beach Frame.webp,
Cities & Travel/printiteg/Miami Florida Frame.webp,Cities & Travel,Cities & Travel,printiteg,Miami Florida Frame.webp,keep,no,copy,Cities & Travel\printiteg\Miami Florida Frame.webp,
Cities & Travel/printiteg/New York City Frame.webp,Cities & Travel,Cities & Travel,printiteg,New York City Frame.webp,keep,no,copy,Cities & Travel\printiteg\New York City Frame.webp,
Cities & Travel/printiteg/Paris Art Frame.webp,Cities & Travel,Cities & Travel,printiteg,Paris Art Frame.webp,dismiss,no,copy,dismissed\Cities & Travel\printiteg\Paris Art Frame.webp,
Cities & Travel/printiteg/Paris Frame (2).webp,Cities & Travel,Cities & Travel,printiteg,Paris Frame (2).webp,keep,no,copy,Cities & Travel\printiteg\Paris Frame (2).webp,
Cities & Travel/printiteg/Pink Beach Road Frame.webp,Cities & Travel,Cities & Travel,printiteg,Pink Beach Road Frame.webp,keep,no,copy,Cities & Travel\printiteg\Pink Beach Road Frame.webp,
Cities & Travel/printiteg/Rome Italy Frame.webp,Cities & Travel,Cities & Travel,printiteg,Rome Italy Frame.webp,keep,no,copy,Cities & Travel\printiteg\Rome Italy Frame.webp,
Cities & Travel/printiteg/Santorini Cat Frame.webp,Cities & Travel,Cities & Travel,printiteg,Santorini Cat Frame.webp,keep,no,copy,Cities & Travel\printiteg\Santorini Cat Frame.webp,
Cities & Travel/printiteg/Spain Frame.webp,Cities & Travel,Cities & Travel,printiteg,Spain Frame.webp,dismiss,no,copy,dismissed\Cities & Travel\printiteg\Spain Frame.webp,
Cities & Travel/printiteg/Sydney Frame.webp,Cities & Travel,Cities & Travel,printiteg,Sydney Frame.webp,keep,no,copy,Cities & Travel\printiteg\Sydney Frame.webp,
Cities & Travel/printiteg/Tokyo Frame.webp,Cities & Travel,Cities & Travel,printiteg,Tokyo Frame.webp,keep,no,copy,Cities & Travel\printiteg\Tokyo Frame.webp,
Fashion & Luxury/frameium/Balenciaga Roar.webp,Fashion & Luxury,Fashion & Luxury,frameium,Balenciaga Roar.webp,dismiss,no,copy,dismissed\Fashion & Luxury\frameium\Balenciaga Roar.webp,
Fashion & Luxury/frameium/Coco Chanel.webp,Fashion & Luxury,Fashion & Luxury,frameium,Coco Chanel.webp,dismiss,no,copy,dismissed\Fashion & Luxury\frameium\Coco Chanel.webp,
Fashion & Luxury/frameium/Dior Dog.webp,Fashion & Luxury,Fashion & Luxury,frameium,Dior Dog.webp,keep,no,copy,Fashion & Luxury\frameium\Dior Dog.webp,
Fashion & Luxury/frameium/Dior Horse.webp,Fashion & Luxury,Fashion & Luxury,frameium,Dior Horse.webp,keep,no,copy,Fashion & Luxury\frameium\Dior Horse.webp,
Fashion & Luxury/frameium/Dior Line.webp,Fashion & Luxury,Fashion & Luxury,frameium,Dior Line.webp,keep,no,copy,Fashion & Luxury\frameium\Dior Line.webp,
Fashion & Luxury/frameium/Dior Savage Hound.webp,Fashion & Luxury,Fashion & Luxury,frameium,Dior Savage Hound.webp,keep,no,copy,Fashion & Luxury\frameium\Dior Savage Hound.webp,
Fashion & Luxury/frameium/Dior Surf.webp,Fashion & Luxury,Fashion & Luxury,frameium,Dior Surf.webp,keep,no,copy,Fashion & Luxury\frameium\Dior Surf.webp,
Fashion & Luxury/frameium/Dior Tapestry Blue.webp,Fashion & Luxury,Fashion & Luxury,frameium,Dior Tapestry Blue.webp,keep,no,copy,Fashion & Luxury\frameium\Dior Tapestry Blue.webp,
Fashion & Luxury/frameium/Dior Tapestry Pink.webp,Fashion & Luxury,Fashion & Luxury,frameium,Dior Tapestry Pink.webp,keep,no,copy,Fashion & Luxury\frameium\Dior Tapestry Pink.webp,
Fashion & Luxury/frameium/Dior Twin Predators.webp,Fashion & Luxury,Fashion & Luxury,frameium,Dior Twin Predators.webp,keep,no,copy,Fashion & Luxury\frameium\Dior Twin Predators.webp,
Fashion & Luxury/frameium/Fashion.webp,Fashion & Luxury,Fashion & Luxury,frameium,Fashion.webp,keep,no,copy,Fashion & Luxury\frameium\Fashion.webp,
Fashion & Luxury/frameium/Louis Vuitton Origami.webp,Fashion & Luxury,Fashion & Luxury,frameium,Louis Vuitton Origami.webp,keep,no,copy,Fashion & Luxury\frameium\Louis Vuitton Origami.webp,
Fashion & Luxury/frameium/N°5 Chanel.webp,Fashion & Luxury,Fashion & Luxury,frameium,N°5 Chanel.webp,skip,no,copy,skipped\Fashion & Luxury\frameium\N°5 Chanel.webp,not reached in keep/dismiss pass
Fashion & Luxury/frameium/Prada Elegance.webp,Fashion & Luxury,Fashion & Luxury,frameium,Prada Elegance.webp,dismiss,no,copy,dismissed\Fashion & Luxury\frameium\Prada Elegance.webp,
Fashion & Luxury/frameium/Prada Marfa White.webp,Fashion & Luxury,Fashion & Luxury,frameium,Prada Marfa White.webp,keep,no,copy,Fashion & Luxury\frameium\Prada Marfa White.webp,
Fashion & Luxury/frameium/Prada x Mercedes.webp,Fashion & Luxury,Fashion & Luxury,frameium,Prada x Mercedes.webp,keep,no,copy,Fashion & Luxury\frameium\Prada x Mercedes.webp,
Fashion & Luxury/frameium/Street Luxe.webp,Fashion & Luxury,Fashion & Luxury,frameium,Street Luxe.webp,keep,no,copy,Fashion & Luxury\frameium\Street Luxe.webp,
Fashion & Luxury/frameium/Surf with Chanel.webp,Fashion & Luxury,Fashion & Luxury,frameium,Surf with Chanel.webp,keep,no,copy,Fashion & Luxury\frameium\Surf with Chanel.webp,
Fashion & Luxury/frameium/Tiger Baby.webp,Fashion & Luxury,Fashion & Luxury,frameium,Tiger Baby.webp,keep,no,copy,Fashion & Luxury\frameium\Tiger Baby.webp,
Fashion & Luxury/frameium/Vogue (2).webp,Fashion & Luxury,Fashion & Luxury,frameium,Vogue (2).webp,keep,no,copy,Fashion & Luxury\frameium\Vogue (2).webp,
Fashion & Luxury/frameium/Vogue (3).webp,Fashion & Luxury,Fashion & Luxury,frameium,Vogue (3).webp,keep,no,copy,Fashion & Luxury\frameium\Vogue (3).webp,
Fashion & Luxury/frameium/Vogue (4).webp,Fashion & Luxury,Fashion & Luxury,frameium,Vogue (4).webp,keep,no,copy,Fashion & Luxury\frameium\Vogue (4).webp,
Fashion & Luxury/frameium/Vogue.webp,Fashion & Luxury,Fashion & Luxury,frameium,Vogue.webp,dismiss,no,copy,dismissed\Fashion & Luxury\frameium\Vogue.webp,
Fashion & Luxury/frameium/Yves Saint Laurent Paris.webp,Fashion & Luxury,Fashion & Luxury,frameium,Yves Saint Laurent Paris.webp,keep,no,copy,Fashion & Luxury\frameium\Yves Saint Laurent Paris.webp,
Fashion & Luxury/frameium/Yves Saint Laurent YSL.webp,Fashion & Luxury,Fashion & Luxury,frameium,Yves Saint Laurent YSL.webp,keep,no,copy,Fashion & Luxury\frameium\Yves Saint Laurent YSL.webp,
Fashion & Luxury/loudborders/Luxury Tweet.webp,Fashion & Luxury,Fashion & Luxury,loudborders,Luxury Tweet.webp,keep,no,copy,Fashion & Luxury\loudborders\Luxury Tweet.webp,
Fashion & Luxury/printiteg/8 Ball Stussy Frame.webp,Fashion & Luxury,Fashion & Luxury,printiteg,8 Ball Stussy Frame.webp,keep,no,copy,Fashion & Luxury\printiteg\8 Ball Stussy Frame.webp,
Fashion & Luxury/printiteg/Coco Chanel Frame.webp,Fashion & Luxury,Fashion & Luxury,printiteg,Coco Chanel Frame.webp,keep,no,copy,Fashion & Luxury\printiteg\Coco Chanel Frame.webp,
Fashion & Luxury/printiteg/Jordan Air Frame.webp,Fashion & Luxury,Fashion & Luxury,printiteg,Jordan Air Frame.webp,keep,no,copy,Fashion & Luxury\printiteg\Jordan Air Frame.webp,
Fashion & Luxury/printiteg/Michael Jordan Frame.webp,Fashion & Luxury,Fashion & Luxury,printiteg,Michael Jordan Frame.webp,keep,no,copy,Fashion & Luxury\printiteg\Michael Jordan Frame.webp,
Fashion & Luxury/printiteg/Nike x Frank Ocean Frame.webp,Fashion & Luxury,Fashion & Luxury,printiteg,Nike x Frank Ocean Frame.webp,keep,no,copy,Fashion & Luxury\printiteg\Nike x Frank Ocean Frame.webp,
Fashion & Luxury/printiteg/Prada Milano Frame.webp,Fashion & Luxury,Fashion & Luxury,printiteg,Prada Milano Frame.webp,keep,no,copy,Fashion & Luxury\printiteg\Prada Milano Frame.webp,
Fashion & Luxury/printiteg/Sneaker Waiter Frame.webp,Fashion & Luxury,Fashion & Luxury,printiteg,Sneaker Waiter Frame.webp,keep,no,copy,Fashion & Luxury\printiteg\Sneaker Waiter Frame.webp,
Fashion & Luxury/printiteg/Stussy 8 Ball Frame.webp,Fashion & Luxury,Fashion & Luxury,printiteg,Stussy 8 Ball Frame.webp,keep,no,copy,Fashion & Luxury\printiteg\Stussy 8 Ball Frame.webp,
Fashion & Luxury/printiteg/Virgil van Dijk Nike Frame.webp,Fashion & Luxury,Fashion & Luxury,printiteg,Virgil van Dijk Nike Frame.webp,dismiss,no,copy,dismissed\Fashion & Luxury\printiteg\Virgil van Dijk Nike Frame.webp,
Fashion & Luxury/printiteg/Vogue Paris Frame.webp,Fashion & Luxury,Fashion & Luxury,printiteg,Vogue Paris Frame.webp,dismiss,no,copy,dismissed\Fashion & Luxury\printiteg\Vogue Paris Frame.webp,
Football/frameium/Abou Trika (2).webp,Football,Football,frameium,Abou Trika (2).webp,keep,no,copy,Football\frameium\Abou Trika (2).webp,
Football/frameium/Abou trika (3).webp,Football,Football,frameium,Abou trika (3).webp,keep,no,copy,Football\frameium\Abou trika (3).webp,
Football/frameium/Abou Trika.webp,Football,Football,frameium,Abou Trika.webp,keep,no,copy,Football\frameium\Abou Trika.webp,
Football/frameium/Ac Milan (2).webp,Football,Football,frameium,Ac Milan (2).webp,keep,no,copy,Football\frameium\Ac Milan (2).webp,
Football/frameium/AC MILAN.webp,Football,Football,frameium,AC MILAN.webp,keep,no,copy,Football\frameium\AC MILAN.webp,
Football/frameium/Al Ahly.webp,Football,Football,frameium,Al Ahly.webp,keep,no,copy,Football\frameium\Al Ahly.webp,
Football/frameium/Al Zamalek.webp,Football,Football,frameium,Al Zamalek.webp,keep,no,copy,Football\frameium\Al Zamalek.webp,
Football/frameium/Al-Ahly (2).webp,Football,Football,frameium,Al-Ahly (2).webp,keep,no,copy,Football\frameium\Al-Ahly (2).webp,
Football/frameium/Al-Ahly (3).webp,Football,Football,frameium,Al-Ahly (3).webp,keep,no,copy,Football\frameium\Al-Ahly (3).webp,
Football/frameium/Al-Ahly (4).webp,Football,Football,frameium,Al-Ahly (4).webp,keep,no,copy,Football\frameium\Al-Ahly (4).webp,
Football/frameium/Al-Ahly (5).webp,Football,Football,frameium,Al-Ahly (5).webp,keep,no,copy,Football\frameium\Al-Ahly (5).webp,
Football/frameium/Al-Zamalek (2).webp,Football,Football,frameium,Al-Zamalek (2).webp,keep,no,copy,Football\frameium\Al-Zamalek (2).webp,
Football/frameium/Al-Zamalek (4).webp,Football,Football,frameium,Al-Zamalek (4).webp,keep,no,copy,Football\frameium\Al-Zamalek (4).webp,
Football/frameium/Al-Zamalek.webp,Football,Football,frameium,Al-Zamalek.webp,keep,no,copy,Football\frameium\Al-Zamalek.webp,
Football/frameium/Ali Malloul (2).webp,Football,Football,frameium,Ali Malloul (2).webp,keep,no,copy,Football\frameium\Ali Malloul (2).webp,
Football/frameium/Ali Malloul.webp,Football,Football,frameium,Ali Malloul.webp,keep,no,copy,Football\frameium\Ali Malloul.webp,
Football/frameium/ARDA GULER.webp,Football,Football,frameium,ARDA GULER.webp,keep,no,copy,Football\frameium\ARDA GULER.webp,
Football/frameium/ARSENAL.webp,Football,Football,frameium,ARSENAL.webp,keep,no,copy,Football\frameium\ARSENAL.webp,
Football/frameium/AUBAMEYANG & RUES.webp,Football,Football,frameium,AUBAMEYANG & RUES.webp,keep,no,copy,Football\frameium\AUBAMEYANG & RUES.webp,
Football/frameium/AUBAMEYANG.webp,Football,Football,frameium,AUBAMEYANG.webp,keep,no,copy,Football\frameium\AUBAMEYANG.webp,
Football/frameium/Barcelona.webp,Football,Football,frameium,Barcelona.webp,keep,no,copy,Football\frameium\Barcelona.webp,
Football/frameium/Bayern munich.webp,Football,Football,frameium,Bayern munich.webp,keep,no,copy,Football\frameium\Bayern munich.webp,
Football/frameium/Bellingham (2).webp,Football,Football,frameium,Bellingham (2).webp,keep,no,copy,Football\frameium\Bellingham (2).webp,
Football/frameium/Bellingham Belli Goal.webp,Football,Football,frameium,Bellingham Belli Goal.webp,keep,no,copy,Football\frameium\Bellingham Belli Goal.webp,
Football/frameium/Bellingham The Golden Boy.webp,Football,Football,frameium,Bellingham The Golden Boy.webp,keep,no,copy,Football\frameium\Bellingham The Golden Boy.webp,
Football/frameium/BELLINGHAM.webp,Football,Football,frameium,BELLINGHAM.webp,keep,no,copy,Football\frameium\BELLINGHAM.webp,
Football/frameium/Benzema.webp,Football,Football,frameium,Benzema.webp,keep,no,copy,Football\frameium\Benzema.webp,
Football/frameium/BORUSSIA DORTMUND BVB.webp,Football,Football,frameium,BORUSSIA DORTMUND BVB.webp,keep,no,copy,Football\frameium\BORUSSIA DORTMUND BVB.webp,
Football/frameium/BUFFON.webp,Football,Football,frameium,BUFFON.webp,keep,no,copy,Football\frameium\BUFFON.webp,
Football/frameium/CHELSEA.webp,Football,Football,frameium,CHELSEA.webp,keep,no,copy,Football\frameium\CHELSEA.webp,
Football/frameium/CIRTIANO RONALDO CR7.webp,Football,Football,frameium,CIRTIANO RONALDO CR7.webp,keep,no,copy,Football\frameium\CIRTIANO RONALDO CR7.webp,
Football/frameium/COUTINHO.webp,Football,Football,frameium,COUTINHO.webp,keep,no,copy,Football\frameium\COUTINHO.webp,
Football/frameium/CR7 & Messi (2).webp,Football,Football,frameium,CR7 & Messi (2).webp,keep,no,copy,Football\frameium\CR7 & Messi (2).webp,
Football/frameium/CR7 & Messi (3).webp,Football,Football,frameium,CR7 & Messi (3).webp,keep,no,copy,Football\frameium\CR7 & Messi (3).webp,
Football/frameium/CR7 & MESSI.webp,Football,Football,frameium,CR7 & MESSI.webp,keep,no,copy,Football\frameium\CR7 & MESSI.webp,
Football/frameium/CR7 (2).webp,Football,Football,frameium,CR7 (2).webp,keep,no,copy,Football\frameium\CR7 (2).webp,
Football/frameium/CR7 (3).webp,Football,Football,frameium,CR7 (3).webp,keep,no,copy,Football\frameium\CR7 (3).webp,
Football/frameium/CR7 (4).webp,Football,Football,frameium,CR7 (4).webp,keep,no,copy,Football\frameium\CR7 (4).webp,
Football/frameium/CR7 (5).webp,Football,Football,frameium,CR7 (5).webp,keep,no,copy,Football\frameium\CR7 (5).webp,
Football/frameium/CR7 (6).webp,Football,Football,frameium,CR7 (6).webp,keep,no,copy,Football\frameium\CR7 (6).webp,
Football/frameium/CR7 (7).webp,Football,Football,frameium,CR7 (7).webp,keep,no,copy,Football\frameium\CR7 (7).webp,
Football/frameium/CR7 (8).webp,Football,Football,frameium,CR7 (8).webp,keep,no,copy,Football\frameium\CR7 (8).webp,
Football/frameium/CR7 (9).webp,Football,Football,frameium,CR7 (9).webp,keep,no,copy,Football\frameium\CR7 (9).webp,
Football/frameium/CR7 (10).webp,Football,Football,frameium,CR7 (10).webp,keep,no,copy,Football\frameium\CR7 (10).webp,
Football/frameium/CR7 (11).webp,Football,Football,frameium,CR7 (11).webp,keep,no,copy,Football\frameium\CR7 (11).webp,
Football/frameium/CR7 (12).webp,Football,Football,frameium,CR7 (12).webp,keep,no,copy,Football\frameium\CR7 (12).webp,
Football/frameium/CR7 (13).webp,Football,Football,frameium,CR7 (13).webp,keep,no,copy,Football\frameium\CR7 (13).webp,
Football/frameium/CR7 (14).webp,Football,Football,frameium,CR7 (14).webp,keep,no,copy,Football\frameium\CR7 (14).webp,
Football/frameium/CR7 - Cristiano Ronaldo (2).webp,Football,Football,frameium,CR7 - Cristiano Ronaldo (2).webp,keep,no,copy,Football\frameium\CR7 - Cristiano Ronaldo (2).webp,
Football/frameium/CR7 - Cristiano Ronaldo (3).webp,Football,Football,frameium,CR7 - Cristiano Ronaldo (3).webp,keep,no,copy,Football\frameium\CR7 - Cristiano Ronaldo (3).webp,
Football/frameium/CR7 - Cristiano Ronaldo.webp,Football,Football,frameium,CR7 - Cristiano Ronaldo.webp,keep,no,copy,Football\frameium\CR7 - Cristiano Ronaldo.webp,
Football/frameium/CR7.webp,Football,Football,frameium,CR7.webp,keep,no,copy,Football\frameium\CR7.webp,
Football/frameium/CRISTIANO RONALDO CR7 (2).webp,Football,Football,frameium,CRISTIANO RONALDO CR7 (2).webp,keep,no,copy,Football\frameium\CRISTIANO RONALDO CR7 (2).webp,
Football/frameium/CRISTIANO RONALDO CR7 (3).webp,Football,Football,frameium,CRISTIANO RONALDO CR7 (3).webp,keep,no,copy,Football\frameium\CRISTIANO RONALDO CR7 (3).webp,
Football/frameium/Cristiano Ronaldo CR7 (4).webp,Football,Football,frameium,Cristiano Ronaldo CR7 (4).webp,keep,no,copy,Football\frameium\Cristiano Ronaldo CR7 (4).webp,
Football/frameium/Cristiano Ronaldo CR7 (5).webp,Football,Football,frameium,Cristiano Ronaldo CR7 (5).webp,keep,no,copy,Football\frameium\Cristiano Ronaldo CR7 (5).webp,
Football/frameium/Cristiano Ronaldo CR7 (6).webp,Football,Football,frameium,Cristiano Ronaldo CR7 (6).webp,keep,no,copy,Football\frameium\Cristiano Ronaldo CR7 (6).webp,
Football/frameium/Cristiano Ronaldo CR7 NEVER GIVE UP.webp,Football,Football,frameium,Cristiano Ronaldo CR7 NEVER GIVE UP.webp,keep,no,copy,Football\frameium\Cristiano Ronaldo CR7 NEVER GIVE UP.webp,
Football/frameium/Cristiano Ronaldo CR7 The Crown Never Forget.webp,Football,Football,frameium,Cristiano Ronaldo CR7 The Crown Never Forget.webp,keep,no,copy,Football\frameium\Cristiano Ronaldo CR7 The Crown Never Forget.webp,
Football/frameium/CRISTIANO RONALDO CR7.webp,Football,Football,frameium,CRISTIANO RONALDO CR7.webp,keep,no,copy,Football\frameium\CRISTIANO RONALDO CR7.webp,
Football/frameium/DAVID DE GEA.webp,Football,Football,frameium,DAVID DE GEA.webp,keep,no,copy,Football\frameium\DAVID DE GEA.webp,
Football/frameium/DE BRUYNE.webp,Football,Football,frameium,DE BRUYNE.webp,keep,no,copy,Football\frameium\DE BRUYNE.webp,
Football/frameium/Dembele FINAL BOSS.webp,Football,Football,frameium,Dembele FINAL BOSS.webp,dismiss,no,copy,dismissed\Football\frameium\Dembele FINAL BOSS.webp,
Football/frameium/Doue & Dembele BORN TO SHIN.webp,Football,Football,frameium,Doue & Dembele BORN TO SHIN.webp,dismiss,no,copy,dismissed\Football\frameium\Doue & Dembele BORN TO SHIN.webp,
Football/frameium/Doue & Dembele CHEMISTRY.webp,Football,Football,frameium,Doue & Dembele CHEMISTRY.webp,dismiss,no,copy,dismissed\Football\frameium\Doue & Dembele CHEMISTRY.webp,
Football/frameium/Doue CHECKMATE.webp,Football,Football,frameium,Doue CHECKMATE.webp,dismiss,no,copy,dismissed\Football\frameium\Doue CHECKMATE.webp,
Football/frameium/Doue JUST GOT IT DONE.webp,Football,Football,frameium,Doue JUST GOT IT DONE.webp,dismiss,no,copy,dismissed\Football\frameium\Doue JUST GOT IT DONE.webp,
Football/frameium/Doue NO LUCK JUST SKILL.webp,Football,Football,frameium,Doue NO LUCK JUST SKILL.webp,dismiss,no,copy,dismissed\Football\frameium\Doue NO LUCK JUST SKILL.webp,
Football/frameium/Doue ONE DREAM.webp,Football,Football,frameium,Doue ONE DREAM.webp,dismiss,no,copy,dismissed\Football\frameium\Doue ONE DREAM.webp,
Football/frameium/DOUE.webp,Football,Football,frameium,DOUE.webp,keep,no,copy,Football\frameium\DOUE.webp,
Football/frameium/DROGBA.webp,Football,Football,frameium,DROGBA.webp,keep,no,copy,Football\frameium\DROGBA.webp,
Football/frameium/DYBALA.webp,Football,Football,frameium,DYBALA.webp,keep,no,copy,Football\frameium\DYBALA.webp,
Football/frameium/Désiré Doué PARIS MADE ME.webp,Football,Football,frameium,Désiré Doué PARIS MADE ME.webp,skip,no,copy,skipped\Football\frameium\Désiré Doué PARIS MADE ME.webp,not reached in keep/dismiss pass
Football/frameium/Désiré Doué PSG.webp,Football,Football,frameium,Désiré Doué PSG.webp,dismiss,no,copy,dismissed\Football\frameium\Désiré Doué PSG.webp,
Football/frameium/Egypt - WINNERS.webp,Football,Football,frameium,Egypt - WINNERS.webp,dismiss,no,copy,dismissed\Football\frameium\Egypt - WINNERS.webp,
Football/frameium/EMAM ASHOUR - DANCE OF DEATH.webp,Football,Football,frameium,EMAM ASHOUR - DANCE OF DEATH.webp,dismiss,no,copy,dismissed\Football\frameium\EMAM ASHOUR - DANCE OF DEATH.webp,
Football/frameium/EMAM ASHOUR - LION.webp,Football,Football,frameium,EMAM ASHOUR - LION.webp,dismiss,no,copy,dismissed\Football\frameium\EMAM ASHOUR - LION.webp,
Football/frameium/EMAM ASHOUR.webp,Football,Football,frameium,EMAM ASHOUR.webp,dismiss,no,copy,dismissed\Football\frameium\EMAM ASHOUR.webp,
Football/frameium/Fight Club (2).webp,Football,Football,frameium,Fight Club (2).webp,dismiss,no,copy,dismissed\Football\frameium\Fight Club (2).webp,
Football/frameium/FIGHT CLUB.webp,Football,Football,frameium,FIGHT CLUB.webp,dismiss,no,copy,dismissed\Football\frameium\FIGHT CLUB.webp,
Football/frameium/GAVI.webp,Football,Football,frameium,GAVI.webp,keep,no,copy,Football\frameium\GAVI.webp,
Football/frameium/GRNACHO.webp,Football,Football,frameium,GRNACHO.webp,keep,no,copy,Football\frameium\GRNACHO.webp,
Football/frameium/HAALAND (2).webp,Football,Football,frameium,HAALAND (2).webp,keep,no,copy,Football\frameium\HAALAND (2).webp,
Football/frameium/Haaland (3).webp,Football,Football,frameium,Haaland (3).webp,keep,no,copy,Football\frameium\Haaland (3).webp,
Football/frameium/Haaland ROOO.webp,Football,Football,frameium,Haaland ROOO.webp,dismiss,no,copy,dismissed\Football\frameium\Haaland ROOO.webp,
Football/frameium/Haaland The Terminator.webp,Football,Football,frameium,Haaland The Terminator.webp,dismiss,no,copy,dismissed\Football\frameium\Haaland The Terminator.webp,
Football/frameium/Haaland The Viking.webp,Football,Football,frameium,Haaland The Viking.webp,dismiss,no,copy,dismissed\Football\frameium\Haaland The Viking.webp,
Football/frameium/HAALAND.webp,Football,Football,frameium,HAALAND.webp,keep,no,copy,Football\frameium\HAALAND.webp,
Football/frameium/Haitham Hassan The Magician.webp,Football,Football,frameium,Haitham Hassan The Magician.webp,dismiss,no,copy,dismissed\Football\frameium\Haitham Hassan The Magician.webp,
Football/frameium/Hakimi UCL.webp,Football,Football,frameium,Hakimi UCL.webp,dismiss,no,copy,dismissed\Football\frameium\Hakimi UCL.webp,
Football/frameium/HAKIMI.webp,Football,Football,frameium,HAKIMI.webp,keep,no,copy,Football\frameium\HAKIMI.webp,
Football/frameium/HAZARD.webp,Football,Football,frameium,HAZARD.webp,keep,no,copy,Football\frameium\HAZARD.webp,
Football/frameium/Hazem Emam.webp,Football,Football,frameium,Hazem Emam.webp,dismiss,no,copy,dismissed\Football\frameium\Hazem Emam.webp,
Football/frameium/HENRY.webp,Football,Football,frameium,HENRY.webp,keep,no,copy,Football\frameium\HENRY.webp,
Football/frameium/Hossam Abdelmaguid - WINNERS.webp,Football,Football,frameium,Hossam Abdelmaguid - WINNERS.webp,dismiss,no,copy,dismissed\Football\frameium\Hossam Abdelmaguid - WINNERS.webp,
Football/frameium/INIESTA.webp,Football,Football,frameium,INIESTA.webp,keep,no,copy,Football\frameium\INIESTA.webp,
Football/frameium/Inter milan (2).webp,Football,Football,frameium,Inter milan (2).webp,keep,no,copy,Football\frameium\Inter milan (2).webp,
Football/frameium/INTER MILAN.webp,Football,Football,frameium,INTER MILAN.webp,keep,no,copy,Football\frameium\INTER MILAN.webp,
Football/frameium/INTERSTELLAR (2).webp,Football,Football,frameium,INTERSTELLAR (2).webp,keep,no,copy,Football\frameium\INTERSTELLAR (2).webp,
Football/frameium/INTERSTELLAR (3).webp,Football,Football,frameium,INTERSTELLAR (3).webp,keep,no,copy,Football\frameium\INTERSTELLAR (3).webp,
Football/frameium/INTERSTELLAR.webp,Football,Football,frameium,INTERSTELLAR.webp,keep,no,copy,Football\frameium\INTERSTELLAR.webp,
Football/frameium/INTERSTELLER.webp,Football,Football,frameium,INTERSTELLER.webp,keep,no,copy,Football\frameium\INTERSTELLER.webp,
Football/frameium/JUDE BELLINGHAM (2).webp,Football,Football,frameium,JUDE BELLINGHAM (2).webp,keep,no,copy,Football\frameium\JUDE BELLINGHAM (2).webp,
Football/frameium/JUDE BELLINGHAM.webp,Football,Football,frameium,JUDE BELLINGHAM.webp,keep,no,copy,Football\frameium\JUDE BELLINGHAM.webp,
Football/frameium/Kaka (2).webp,Football,Football,frameium,Kaka (2).webp,keep,no,copy,Football\frameium\Kaka (2).webp,
Football/frameium/KAKA.webp,Football,Football,frameium,KAKA.webp,keep,no,copy,Football\frameium\KAKA.webp,
Football/frameium/KVARA UCL WINNER.webp,Football,Football,frameium,KVARA UCL WINNER.webp,dismiss,no,copy,dismissed\Football\frameium\KVARA UCL WINNER.webp,
Football/frameium/Lamin Yamal (2).webp,Football,Football,frameium,Lamin Yamal (2).webp,keep,no,copy,Football\frameium\Lamin Yamal (2).webp,
Football/frameium/Lamin Yamal (3).webp,Football,Football,frameium,Lamin Yamal (3).webp,keep,no,copy,Football\frameium\Lamin Yamal (3).webp,
Football/frameium/Lamin Yamal.webp,Football,Football,frameium,Lamin Yamal.webp,keep,no,copy,Football\frameium\Lamin Yamal.webp,
Football/frameium/LAMINE YAMAL (2).webp,Football,Football,frameium,LAMINE YAMAL (2).webp,keep,no,copy,Football\frameium\LAMINE YAMAL (2).webp,
Football/frameium/Lamine yamal (3).webp,Football,Football,frameium,Lamine yamal (3).webp,keep,no,copy,Football\frameium\Lamine yamal (3).webp,
Football/frameium/Lamine yamal (4).webp,Football,Football,frameium,Lamine yamal (4).webp,keep,no,copy,Football\frameium\Lamine yamal (4).webp,
Football/frameium/Lamine yamal (5).webp,Football,Football,frameium,Lamine yamal (5).webp,keep,no,copy,Football\frameium\Lamine yamal (5).webp,
Football/frameium/Lamine Yamal.webp,Football,Football,frameium,Lamine Yamal.webp,keep,no,copy,Football\frameium\Lamine Yamal.webp,
Football/frameium/Liverpool.webp,Football,Football,frameium,Liverpool.webp,keep,no,copy,Football\frameium\Liverpool.webp,
Football/frameium/Luis Enrique MASTERMIND.webp,Football,Football,frameium,Luis Enrique MASTERMIND.webp,dismiss,no,copy,dismissed\Football\frameium\Luis Enrique MASTERMIND.webp,
Football/frameium/Man united.webp,Football,Football,frameium,Man united.webp,keep,no,copy,Football\frameium\Man united.webp,
Football/frameium/MANCHESTER UNITED.webp,Football,Football,frameium,MANCHESTER UNITED.webp,keep,no,copy,Football\frameium\MANCHESTER UNITED.webp,
Football/frameium/MARADONA.webp,Football,Football,frameium,MARADONA.webp,keep,no,copy,Football\frameium\MARADONA.webp,
Football/frameium/MARCO REUS.webp,Football,Football,frameium,MARCO REUS.webp,dismiss,no,copy,dismissed\Football\frameium\MARCO REUS.webp,
Football/frameium/MARCUS RASHFORD.webp,Football,Football,frameium,MARCUS RASHFORD.webp,keep,no,copy,Football\frameium\MARCUS RASHFORD.webp,
Football/frameium/Marquinhos & Gabriel UCL 2026.webp,Football,Football,frameium,Marquinhos & Gabriel UCL 2026.webp,dismiss,no,copy,dismissed\Football\frameium\Marquinhos & Gabriel UCL 2026.webp,
Football/frameium/Marquinhos CAPTAIN.webp,Football,Football,frameium,Marquinhos CAPTAIN.webp,dismiss,no,copy,dismissed\Football\frameium\Marquinhos CAPTAIN.webp,
Football/frameium/MASOUD OZIL.webp,Football,Football,frameium,MASOUD OZIL.webp,dismiss,no,copy,dismissed\Football\frameium\MASOUD OZIL.webp,
Football/frameium/MBAPPE (2).webp,Football,Football,frameium,MBAPPE (2).webp,keep,no,copy,Football\frameium\MBAPPE (2).webp,
Football/frameium/MBAPPE (3).webp,Football,Football,frameium,MBAPPE (3).webp,dismiss,no,copy,dismissed\Football\frameium\MBAPPE (3).webp,
Football/frameium/MBAPPE (4).webp,Football,Football,frameium,MBAPPE (4).webp,keep,no,copy,Football\frameium\MBAPPE (4).webp,
Football/frameium/MBAPPE (5).webp,Football,Football,frameium,MBAPPE (5).webp,keep,no,copy,Football\frameium\MBAPPE (5).webp,
Football/frameium/Mbappe Close Your Leg.webp,Football,Football,frameium,Mbappe Close Your Leg.webp,dismiss,no,copy,dismissed\Football\frameium\Mbappe Close Your Leg.webp,
Football/frameium/Mbappe Ninja.webp,Football,Football,frameium,Mbappe Ninja.webp,dismiss,no,copy,dismissed\Football\frameium\Mbappe Ninja.webp,
Football/frameium/Mbappe The Director.webp,Football,Football,frameium,Mbappe The Director.webp,dismiss,no,copy,dismissed\Football\frameium\Mbappe The Director.webp,
Football/frameium/MBAPPE.webp,Football,Football,frameium,MBAPPE.webp,keep,no,copy,Football\frameium\MBAPPE.webp,
Football/frameium/Messi (2).webp,Football,Football,frameium,Messi (2).webp,keep,no,copy,Football\frameium\Messi (2).webp,
Football/frameium/Messi (3).webp,Football,Football,frameium,Messi (3).webp,keep,no,copy,Football\frameium\Messi (3).webp,
Football/frameium/MESSI (4).webp,Football,Football,frameium,MESSI (4).webp,keep,no,copy,Football\frameium\MESSI (4).webp,
Football/frameium/MESSI (5).webp,Football,Football,frameium,MESSI (5).webp,keep,no,copy,Football\frameium\MESSI (5).webp,
Football/frameium/Messi (6).webp,Football,Football,frameium,Messi (6).webp,keep,no,copy,Football\frameium\Messi (6).webp,
Football/frameium/Messi (7).webp,Football,Football,frameium,Messi (7).webp,dismiss,no,copy,dismissed\Football\frameium\Messi (7).webp,
Football/frameium/Messi (8).webp,Football,Football,frameium,Messi (8).webp,keep,no,copy,Football\frameium\Messi (8).webp,
Football/frameium/MESSI (9).webp,Football,Football,frameium,MESSI (9).webp,dismiss,no,copy,dismissed\Football\frameium\MESSI (9).webp,
Football/frameium/MESSI (10).webp,Football,Football,frameium,MESSI (10).webp,dismiss,no,copy,dismissed\Football\frameium\MESSI (10).webp,
Football/frameium/MESSI (12).webp,Football,Football,frameium,MESSI (12).webp,keep,no,copy,Football\frameium\MESSI (12).webp,
Football/frameium/MESSI (13).webp,Football,Football,frameium,MESSI (13).webp,keep,no,copy,Football\frameium\MESSI (13).webp,
Football/frameium/MESSI (14).webp,Football,Football,frameium,MESSI (14).webp,dismiss,no,copy,dismissed\Football\frameium\MESSI (14).webp,
Football/frameium/MESSI (15).webp,Football,Football,frameium,MESSI (15).webp,dismiss,no,copy,dismissed\Football\frameium\MESSI (15).webp,
Football/frameium/MESSI (16).webp,Football,Football,frameium,MESSI (16).webp,keep,no,copy,Football\frameium\MESSI (16).webp,
Football/frameium/Messi (17).webp,Football,Football,frameium,Messi (17).webp,keep,no,copy,Football\frameium\Messi (17).webp,
Football/frameium/Messi (18).webp,Football,Football,frameium,Messi (18).webp,dismiss,no,copy,dismissed\Football\frameium\Messi (18).webp,
Football/frameium/Messi (19).webp,Football,Football,frameium,Messi (19).webp,dismiss,no,copy,dismissed\Football\frameium\Messi (19).webp,
Football/frameium/Messi (20).webp,Football,Football,frameium,Messi (20).webp,dismiss,no,copy,dismissed\Football\frameium\Messi (20).webp,
Football/frameium/Messi (21).webp,Football,Football,frameium,Messi (21).webp,dismiss,no,copy,dismissed\Football\frameium\Messi (21).webp,
Football/frameium/Messi (22).webp,Football,Football,frameium,Messi (22).webp,dismiss,no,copy,dismissed\Football\frameium\Messi (22).webp,
Football/frameium/Messi (23).webp,Football,Football,frameium,Messi (23).webp,dismiss,no,copy,dismissed\Football\frameium\Messi (23).webp,
Football/frameium/Messi (24).webp,Football,Football,frameium,Messi (24).webp,dismiss,no,copy,dismissed\Football\frameium\Messi (24).webp,
Football/frameium/Messi (25).webp,Football,Football,frameium,Messi (25).webp,dismiss,no,copy,dismissed\Football\frameium\Messi (25).webp,
Football/frameium/Messi (26).webp,Football,Football,frameium,Messi (26).webp,keep,no,copy,Football\frameium\Messi (26).webp,
Football/frameium/Messi - Calm Before The Storm.webp,Football,Football,frameium,Messi - Calm Before The Storm.webp,dismiss,no,copy,dismissed\Football\frameium\Messi - Calm Before The Storm.webp,
Football/frameium/Messi the goat.webp,Football,Football,frameium,Messi the goat.webp,keep,no,copy,Football\frameium\Messi the goat.webp,
Football/frameium/Messi.webp,Football,Football,frameium,Messi.webp,keep,no,copy,Football\frameium\Messi.webp,
Football/frameium/MICHAEL OLISE (2).webp,Football,Football,frameium,MICHAEL OLISE (2).webp,keep,no,copy,Football\frameium\MICHAEL OLISE (2).webp,
Football/frameium/MICHAEL OLISE (3).webp,Football,Football,frameium,MICHAEL OLISE (3).webp,dismiss,no,copy,dismissed\Football\frameium\MICHAEL OLISE (3).webp,
Football/frameium/MICHAEL OLISE.webp,Football,Football,frameium,MICHAEL OLISE.webp,dismiss,no,copy,dismissed\Football\frameium\MICHAEL OLISE.webp,
Football/frameium/MILAN.webp,Football,Football,frameium,MILAN.webp,dismiss,no,copy,dismissed\Football\frameium\MILAN.webp,
Football/frameium/MODRIC (2).webp,Football,Football,frameium,MODRIC (2).webp,dismiss,no,copy,dismissed\Football\frameium\MODRIC (2).webp,
Football/frameium/Modric (3).webp,Football,Football,frameium,Modric (3).webp,keep,no,copy,Football\frameium\Modric (3).webp,
Football/frameium/MODRIC.webp,Football,Football,frameium,MODRIC.webp,keep,no,copy,Football\frameium\MODRIC.webp,
Football/frameium/Mohamed Salah King.webp,Football,Football,frameium,Mohamed Salah King.webp,keep,no,copy,Football\frameium\Mohamed Salah King.webp,
Football/frameium/Mohamed Salah The Egyptian King.webp,Football,Football,frameium,Mohamed Salah The Egyptian King.webp,dismiss,no,copy,dismissed\Football\frameium\Mohamed Salah The Egyptian King.webp,
Football/frameium/Mohamed Salah.webp,Football,Football,frameium,Mohamed Salah.webp,dismiss,no,copy,dismissed\Football\frameium\Mohamed Salah.webp,
Football/frameium/Mohammed Salah.webp,Football,Football,frameium,Mohammed Salah.webp,dismiss,no,copy,dismissed\Football\frameium\Mohammed Salah.webp,
Football/frameium/Mostafa Shobir (2).webp,Football,Football,frameium,Mostafa Shobir (2).webp,dismiss,no,copy,dismissed\Football\frameium\Mostafa Shobir (2).webp,
Football/frameium/Mostafa Shobir Great Wall Of Egypt.webp,Football,Football,frameium,Mostafa Shobir Great Wall Of Egypt.webp,dismiss,no,copy,dismissed\Football\frameium\Mostafa Shobir Great Wall Of Egypt.webp,
Football/frameium/Mostafa Shobir The Gate Keeper.webp,Football,Football,frameium,Mostafa Shobir The Gate Keeper.webp,dismiss,no,copy,dismissed\Football\frameium\Mostafa Shobir The Gate Keeper.webp,
Football/frameium/Mostafa Shobir The Octopus.webp,Football,Football,frameium,Mostafa Shobir The Octopus.webp,dismiss,no,copy,dismissed\Football\frameium\Mostafa Shobir The Octopus.webp,
Football/frameium/Mostafa Shobir.webp,Football,Football,frameium,Mostafa Shobir.webp,dismiss,no,copy,dismissed\Football\frameium\Mostafa Shobir.webp,
Football/frameium/Mostafa Ziko ROCKET.webp,Football,Football,frameium,Mostafa Ziko ROCKET.webp,dismiss,no,copy,dismissed\Football\frameium\Mostafa Ziko ROCKET.webp,
Football/frameium/Mostafa Ziko Starboy.webp,Football,Football,frameium,Mostafa Ziko Starboy.webp,dismiss,no,copy,dismissed\Football\frameium\Mostafa Ziko Starboy.webp,
Football/frameium/Mourinho.webp,Football,Football,frameium,Mourinho.webp,dismiss,no,copy,dismissed\Football\frameium\Mourinho.webp,
Football/frameium/MSN.webp,Football,Football,frameium,MSN.webp,keep,no,copy,Football\frameium\MSN.webp,
Football/frameium/NEUER (2).webp,Football,Football,frameium,NEUER (2).webp,dismiss,no,copy,dismissed\Football\frameium\NEUER (2).webp,
Football/frameium/NEYMAR (2).webp,Football,Football,frameium,NEYMAR (2).webp,keep,no,copy,Football\frameium\NEYMAR (2).webp,
Football/frameium/Neymar (3).webp,Football,Football,frameium,Neymar (3).webp,dismiss,no,copy,dismissed\Football\frameium\Neymar (3).webp,
Football/frameium/Neymar (4).webp,Football,Football,frameium,Neymar (4).webp,keep,no,copy,Football\frameium\Neymar (4).webp,
Football/frameium/Neymar (5).webp,Football,Football,frameium,Neymar (5).webp,keep,no,copy,Football\frameium\Neymar (5).webp,
Football/frameium/Neymar Jr (2).webp,Football,Football,frameium,Neymar Jr (2).webp,keep,no,copy,Football\frameium\Neymar Jr (2).webp,
Football/frameium/Neymar Jr (3).webp,Football,Football,frameium,Neymar Jr (3).webp,keep,no,copy,Football\frameium\Neymar Jr (3).webp,
Football/frameium/Neymar Jr.webp,Football,Football,frameium,Neymar Jr.webp,keep,no,copy,Football\frameium\Neymar Jr.webp,
Football/frameium/Neymar The Prince Who Never Became King.webp,Football,Football,frameium,Neymar The Prince Who Never Became King.webp,dismiss,no,copy,dismissed\Football\frameium\Neymar The Prince Who Never Became King.webp,
Football/frameium/Neymar.webp,Football,Football,frameium,Neymar.webp,keep,no,copy,Football\frameium\Neymar.webp,
Football/frameium/Nuno Mendes.webp,Football,Football,frameium,Nuno Mendes.webp,keep,no,copy,Football\frameium\Nuno Mendes.webp,
Football/frameium/Nymar Poster Designs.webp,Football,Football,frameium,Nymar Poster Designs.webp,keep,no,copy,Football\frameium\Nymar Poster Designs.webp,
Football/frameium/OLISE The Ghost.webp,Football,Football,frameium,OLISE The Ghost.webp,dismiss,no,copy,dismissed\Football\frameium\OLISE The Ghost.webp,
Football/frameium/OLISE.webp,Football,Football,frameium,OLISE.webp,keep,no,copy,Football\frameium\OLISE.webp,
Football/frameium/Omar marmoush & Haaland.webp,Football,Football,frameium,Omar marmoush & Haaland.webp,dismiss,no,copy,dismissed\Football\frameium\Omar marmoush & Haaland.webp,
Football/frameium/Omar Marmoush.webp,Football,Football,frameium,Omar Marmoush.webp,keep,no,copy,Football\frameium\Omar Marmoush.webp,
Football/frameium/PAOLO MALDINI.webp,Football,Football,frameium,PAOLO MALDINI.webp,dismiss,no,copy,dismissed\Football\frameium\PAOLO MALDINI.webp,
Football/frameium/Paulo Dybala.webp,Football,Football,frameium,Paulo Dybala.webp,keep,no,copy,Football\frameium\Paulo Dybala.webp,
Football/frameium/PEDRI.webp,Football,Football,frameium,PEDRI.webp,keep,no,copy,Football\frameium\PEDRI.webp,
Football/frameium/PHIL FODEN.webp,Football,Football,frameium,PHIL FODEN.webp,keep,no,copy,Football\frameium\PHIL FODEN.webp,
Football/frameium/POGBA.webp,Football,Football,frameium,POGBA.webp,dismiss,no,copy,dismissed\Football\frameium\POGBA.webp,
Football/frameium/Prada Milano.webp,Football,Football,frameium,Prada Milano.webp,keep,no,copy,Football\frameium\Prada Milano.webp,
Football/frameium/PSG Champions (2).webp,Football,Football,frameium,PSG Champions (2).webp,dismiss,no,copy,dismissed\Football\frameium\PSG Champions (2).webp,
Football/frameium/PSG CHAMPIONS.webp,Football,Football,frameium,PSG CHAMPIONS.webp,dismiss,no,copy,dismissed\Football\frameium\PSG CHAMPIONS.webp,
Football/frameium/PSG UCL WINNERS (2).webp,Football,Football,frameium,PSG UCL WINNERS (2).webp,dismiss,no,copy,dismissed\Football\frameium\PSG UCL WINNERS (2).webp,
Football/frameium/PSG UCL WINNERS.webp,Football,Football,frameium,PSG UCL WINNERS.webp,dismiss,no,copy,dismissed\Football\frameium\PSG UCL WINNERS.webp,
Football/frameium/PSG Winners 2026.webp,Football,Football,frameium,PSG Winners 2026.webp,dismiss,no,copy,dismissed\Football\frameium\PSG Winners 2026.webp,
Football/frameium/RAFAEL LEAO.webp,Football,Football,frameium,RAFAEL LEAO.webp,dismiss,no,copy,dismissed\Football\frameium\RAFAEL LEAO.webp,
Football/frameium/RAMOS (2).webp,Football,Football,frameium,RAMOS (2).webp,dismiss,no,copy,dismissed\Football\frameium\RAMOS (2).webp,
Football/frameium/RAMOS (3).webp,Football,Football,frameium,RAMOS (3).webp,keep,no,copy,Football\frameium\RAMOS (3).webp,
Football/frameium/Ramos (4).webp,Football,Football,frameium,Ramos (4).webp,dismiss,no,copy,dismissed\Football\frameium\Ramos (4).webp,
Football/frameium/RAMOS.webp,Football,Football,frameium,RAMOS.webp,dismiss,no,copy,dismissed\Football\frameium\RAMOS.webp,
Football/frameium/Ramy Rabea The Gate Keeper.webp,Football,Football,frameium,Ramy Rabea The Gate Keeper.webp,dismiss,no,copy,dismissed\Football\frameium\Ramy Rabea The Gate Keeper.webp,
Football/frameium/RAPHINHA.webp,Football,Football,frameium,RAPHINHA.webp,keep,no,copy,Football\frameium\RAPHINHA.webp,
Football/frameium/Real Madrid.webp,Football,Football,frameium,Real Madrid.webp,keep,no,copy,Football\frameium\Real Madrid.webp,
Football/frameium/ROBIN & RIBERY.webp,Football,Football,frameium,ROBIN & RIBERY.webp,dismiss,no,copy,dismissed\Football\frameium\ROBIN & RIBERY.webp,
Football/frameium/RONALDINHO (2).webp,Football,Football,frameium,RONALDINHO (2).webp,dismiss,no,copy,dismissed\Football\frameium\RONALDINHO (2).webp,
Football/frameium/Ronaldinho (3).webp,Football,Football,frameium,Ronaldinho (3).webp,keep,no,copy,Football\frameium\Ronaldinho (3).webp,
Football/frameium/Ronaldinho (4).webp,Football,Football,frameium,Ronaldinho (4).webp,keep,no,copy,Football\frameium\Ronaldinho (4).webp,
Football/frameium/Ronaldinho.webp,Football,Football,frameium,Ronaldinho.webp,keep,no,copy,Football\frameium\Ronaldinho.webp,
Football/frameium/Ronaldo & Messi.webp,Football,Football,frameium,Ronaldo & Messi.webp,keep,no,copy,Football\frameium\Ronaldo & Messi.webp,
Football/frameium/Ronaldo (2).webp,Football,Football,frameium,Ronaldo (2).webp,dismiss,no,copy,dismissed\Football\frameium\Ronaldo (2).webp,
Football/frameium/RONALDO (3).webp,Football,Football,frameium,RONALDO (3).webp,keep,no,copy,Football\frameium\RONALDO (3).webp,
Football/frameium/RONALDO CR7 (2).webp,Football,Football,frameium,RONALDO CR7 (2).webp,keep,no,copy,Football\frameium\RONALDO CR7 (2).webp,
Football/frameium/RONALDO CR7 (3).webp,Football,Football,frameium,RONALDO CR7 (3).webp,keep,no,copy,Football\frameium\RONALDO CR7 (3).webp,
Football/frameium/RONALDO.webp,Football,Football,frameium,RONALDO.webp,keep,no,copy,Football\frameium\RONALDO.webp,
Football/frameium/Sadio Mane.webp,Football,Football,frameium,Sadio Mane.webp,keep,no,copy,Football\frameium\Sadio Mane.webp,
Football/frameium/SAKA.webp,Football,Football,frameium,SAKA.webp,dismiss,no,copy,dismissed\Football\frameium\SAKA.webp,
Football/frameium/SALAH (2).webp,Football,Football,frameium,SALAH (2).webp,keep,no,copy,Football\frameium\SALAH (2).webp,
Football/frameium/Salah (3).webp,Football,Football,frameium,Salah (3).webp,dismiss,no,copy,dismissed\Football\frameium\Salah (3).webp,
Football/frameium/SALAH (4).webp,Football,Football,frameium,SALAH (4).webp,keep,no,copy,Football\frameium\SALAH (4).webp,
Football/frameium/Salah (5).webp,Football,Football,frameium,Salah (5).webp,dismiss,no,copy,dismissed\Football\frameium\Salah (5).webp,
Football/frameium/Salah - Nerves of steel.webp,Football,Football,frameium,Salah - Nerves of steel.webp,dismiss,no,copy,dismissed\Football\frameium\Salah - Nerves of steel.webp,
Football/frameium/SALAH - THE EGYPTIAN KING.webp,Football,Football,frameium,SALAH - THE EGYPTIAN KING.webp,dismiss,no,copy,dismissed\Football\frameium\SALAH - THE EGYPTIAN KING.webp,
Football/frameium/Salah - The Last Dance.webp,Football,Football,frameium,Salah - The Last Dance.webp,dismiss,no,copy,dismissed\Football\frameium\Salah - The Last Dance.webp,
Football/frameium/SALAH.webp,Football,Football,frameium,SALAH.webp,dismiss,no,copy,dismissed\Football\frameium\SALAH.webp,
Football/frameium/Shikabala (3).webp,Football,Football,frameium,Shikabala (3).webp,dismiss,no,copy,dismissed\Football\frameium\Shikabala (3).webp,
Football/frameium/Shikabala (4).webp,Football,Football,frameium,Shikabala (4).webp,dismiss,no,copy,dismissed\Football\frameium\Shikabala (4).webp,
Football/frameium/Shikabala (5).webp,Football,Football,frameium,Shikabala (5).webp,dismiss,no,copy,dismissed\Football\frameium\Shikabala (5).webp,
Football/frameium/Shikabala (6).webp,Football,Football,frameium,Shikabala (6).webp,dismiss,no,copy,dismissed\Football\frameium\Shikabala (6).webp,
Football/frameium/Shikabala.webp,Football,Football,frameium,Shikabala.webp,dismiss,no,copy,dismissed\Football\frameium\Shikabala.webp,
Football/frameium/SUAREZ.webp,Football,Football,frameium,SUAREZ.webp,keep,no,copy,Football\frameium\SUAREZ.webp,
Football/frameium/Toni Kroos.webp,Football,Football,frameium,Toni Kroos.webp,dismiss,no,copy,dismissed\Football\frameium\Toni Kroos.webp,
Football/frameium/Valverde (2).webp,Football,Football,frameium,Valverde (2).webp,dismiss,no,copy,dismissed\Football\frameium\Valverde (2).webp,
Football/frameium/Valverde (3).webp,Football,Football,frameium,Valverde (3).webp,dismiss,no,copy,dismissed\Football\frameium\Valverde (3).webp,
Football/frameium/Valverde (4).webp,Football,Football,frameium,Valverde (4).webp,dismiss,no,copy,dismissed\Football\frameium\Valverde (4).webp,
Football/frameium/Valverde (5).webp,Football,Football,frameium,Valverde (5).webp,keep,no,copy,Football\frameium\Valverde (5).webp,
Football/frameium/Valverde (6).webp,Football,Football,frameium,Valverde (6).webp,dismiss,no,copy,dismissed\Football\frameium\Valverde (6).webp,
Football/frameium/Valverde (7).webp,Football,Football,frameium,Valverde (7).webp,dismiss,no,copy,dismissed\Football\frameium\Valverde (7).webp,
Football/frameium/Valverde (8).webp,Football,Football,frameium,Valverde (8).webp,keep,no,copy,Football\frameium\Valverde (8).webp,
Football/frameium/Valverde (9).webp,Football,Football,frameium,Valverde (9).webp,keep,no,copy,Football\frameium\Valverde (9).webp,
Football/frameium/Valverde.webp,Football,Football,frameium,Valverde.webp,keep,no,copy,Football\frameium\Valverde.webp,
Football/frameium/VINI JR.webp,Football,Football,frameium,VINI JR.webp,keep,no,copy,Football\frameium\VINI JR.webp,
Football/frameium/VINI.webp,Football,Football,frameium,VINI.webp,keep,no,copy,Football\frameium\VINI.webp,
Football/frameium/Vitinha UCL.webp,Football,Football,frameium,Vitinha UCL.webp,dismiss,no,copy,dismissed\Football\frameium\Vitinha UCL.webp,
Football/frameium/Yasser Ibrahim History.webp,Football,Football,frameium,Yasser Ibrahim History.webp,dismiss,no,copy,dismissed\Football\frameium\Yasser Ibrahim History.webp,
Football/frameium/ZIDAN.webp,Football,Football,frameium,ZIDAN.webp,keep,no,copy,Football\frameium\ZIDAN.webp,
Football/frameium/ZIDANE.webp,Football,Football,frameium,ZIDANE.webp,dismiss,no,copy,dismissed\Football\frameium\ZIDANE.webp,
Football/frameium/ZIZO.webp,Football,Football,frameium,ZIZO.webp,keep,no,copy,Football\frameium\ZIZO.webp,
Football/frameium/ZLATAN.webp,Football,Football,frameium,ZLATAN.webp,dismiss,no,copy,dismissed\Football\frameium\ZLATAN.webp,
Football/loudborders/After Tightness.webp,Football,Football,loudborders,After Tightness.webp,keep,no,copy,Football\loudborders\After Tightness.webp,
Football/loudborders/Airborne Escape.webp,Football,Football,loudborders,Airborne Escape.webp,keep,no,copy,Football\loudborders\Airborne Escape.webp,
Football/loudborders/Ali Legacy.webp,Football,Football,loudborders,Ali Legacy.webp,keep,no,copy,Football\loudborders\Ali Legacy.webp,
Football/loudborders/Ambervista.webp,Football,Football,loudborders,Ambervista.webp,keep,no,copy,Football\loudborders\Ambervista.webp,
Football/loudborders/Arena.webp,Football,Football,loudborders,Arena.webp,keep,no,copy,Football\loudborders\Arena.webp,
Football/loudborders/Barcelona Vibes.webp,Football,Football,loudborders,Barcelona Vibes.webp,keep,no,copy,Football\loudborders\Barcelona Vibes.webp,
Football/loudborders/Beacon of Solitude.webp,Football,Football,loudborders,Beacon of Solitude.webp,keep,no,copy,Football\loudborders\Beacon of Solitude.webp,
Football/loudborders/Beckham Technique.webp,Football,Football,loudborders,Beckham Technique.webp,keep,no,copy,Football\loudborders\Beckham Technique.webp,
Football/loudborders/Bellingham Prodigy.webp,Football,Football,loudborders,Bellingham Prodigy.webp,keep,no,copy,Football\loudborders\Bellingham Prodigy.webp,
Football/loudborders/Benzema Clinical.webp,Football,Football,loudborders,Benzema Clinical.webp,keep,no,copy,Football\loudborders\Benzema Clinical.webp,
Football/loudborders/Benzema Power.webp,Football,Football,loudborders,Benzema Power.webp,keep,no,copy,Football\loudborders\Benzema Power.webp,
Football/loudborders/Bounce.webp,Football,Football,loudborders,Bounce.webp,keep,no,copy,Football\loudborders\Bounce.webp,
Football/loudborders/Bulls Glory.webp,Football,Football,loudborders,Bulls Glory.webp,keep,no,copy,Football\loudborders\Bulls Glory.webp,
Football/loudborders/Call Me Vintage.webp,Football,Football,loudborders,Call Me Vintage.webp,keep,no,copy,Football\loudborders\Call Me Vintage.webp,
Football/loudborders/Champion Shift [CR7].webp,Football,Football,loudborders,Champion Shift [CR7].webp,keep,no,copy,Football\loudborders\Champion Shift [CR7].webp,
Football/loudborders/City Lights.webp,Football,Football,loudborders,City Lights.webp,keep,no,copy,Football\loudborders\City Lights.webp,
Football/loudborders/City of Secrets.webp,Football,Football,loudborders,City of Secrets.webp,keep,no,copy,Football\loudborders\City of Secrets.webp,
Football/loudborders/Court.webp,Football,Football,loudborders,Court.webp,keep,no,copy,Football\loudborders\Court.webp,
Football/loudborders/CR7 Spirit.webp,Football,Football,loudborders,CR7 Spirit.webp,keep,no,copy,Football\loudborders\CR7 Spirit.webp,
Football/loudborders/CR7 Strike.webp,Football,Football,loudborders,CR7 Strike.webp,keep,no,copy,Football\loudborders\CR7 Strike.webp,
Football/loudborders/Crown Mode.webp,Football,Football,loudborders,Crown Mode.webp,keep,no,copy,Football\loudborders\Crown Mode.webp,
Football/loudborders/Crownfusion.webp,Football,Football,loudborders,Crownfusion.webp,keep,no,copy,Football\loudborders\Crownfusion.webp,
Football/loudborders/Cycling Spirit.webp,Football,Football,loudborders,Cycling Spirit.webp,keep,no,copy,Football\loudborders\Cycling Spirit.webp,
Football/loudborders/Debruyne Playmaker.webp,Football,Football,loudborders,Debruyne Playmaker.webp,keep,no,copy,Football\loudborders\Debruyne Playmaker.webp,
Football/loudborders/Dembele Winger.webp,Football,Football,loudborders,Dembele Winger.webp,keep,no,copy,Football\loudborders\Dembele Winger.webp,
Football/loudborders/Discoberry.webp,Football,Football,loudborders,Discoberry.webp,keep,no,copy,Football\loudborders\Discoberry.webp,
Football/loudborders/Dripkicks.webp,Football,Football,loudborders,Dripkicks.webp,keep,no,copy,Football\loudborders\Dripkicks.webp,
Football/loudborders/Edwards Energy.webp,Football,Football,loudborders,Edwards Energy.webp,keep,no,copy,Football\loudborders\Edwards Energy.webp,
Football/loudborders/Eight Shot.webp,Football,Football,loudborders,Eight Shot.webp,keep,no,copy,Football\loudborders\Eight Shot.webp,
Football/loudborders/Evolution King [Mo-Salah].webp,Football,Football,loudborders,Evolution King [Mo-Salah].webp,keep,no,copy,Football\loudborders\Evolution King [Mo-Salah].webp,
Football/loudborders/Foden 2000.webp,Football,Football,loudborders,Foden 2000.webp,keep,no,copy,Football\loudborders\Foden 2000.webp,
Football/loudborders/Garnacho Bicycle.webp,Football,Football,loudborders,Garnacho Bicycle.webp,keep,no,copy,Football\loudborders\Garnacho Bicycle.webp,
Football/loudborders/Gavi Intensity.webp,Football,Football,loudborders,Gavi Intensity.webp,keep,no,copy,Football\loudborders\Gavi Intensity.webp,
Football/loudborders/Glitch Al-Qahira.webp,Football,Football,loudborders,Glitch Al-Qahira.webp,keep,no,copy,Football\loudborders\Glitch Al-Qahira.webp,
Football/loudborders/Graff-Sneak.webp,Football,Football,loudborders,Graff-Sneak.webp,keep,no,copy,Football\loudborders\Graff-Sneak.webp,
Football/loudborders/Graffiti Grind [Nike].webp,Football,Football,loudborders,Graffiti Grind [Nike].webp,keep,no,copy,Football\loudborders\Graffiti Grind [Nike].webp,
Football/loudborders/Gravity Breaker.webp,Football,Football,loudborders,Gravity Breaker.webp,keep,no,copy,Football\loudborders\Gravity Breaker.webp,
Football/loudborders/Grit.webp,Football,Football,loudborders,Grit.webp,keep,no,copy,Football\loudborders\Grit.webp,
Football/loudborders/Haaland Machine.webp,Football,Football,loudborders,Haaland Machine.webp,keep,no,copy,Football\loudborders\Haaland Machine.webp,
Football/loudborders/Hakimi Rocket.webp,Football,Football,loudborders,Hakimi Rocket.webp,keep,no,copy,Football\loudborders\Hakimi Rocket.webp,
Football/loudborders/Heavy Hitter.webp,Football,Football,loudborders,Heavy Hitter.webp,keep,no,copy,Football\loudborders\Heavy Hitter.webp,
Football/loudborders/Hummels Elite.webp,Football,Football,loudborders,Hummels Elite.webp,keep,no,copy,Football\loudborders\Hummels Elite.webp,
Football/loudborders/Iron Fists.webp,Football,Football,loudborders,Iron Fists.webp,keep,no,copy,Football\loudborders\Iron Fists.webp,
Football/loudborders/Kickstart.webp,Football,Football,loudborders,Kickstart.webp,keep,no,copy,Football\loudborders\Kickstart.webp,
Football/loudborders/King’s Punch.webp,Football,Football,loudborders,King’s Punch.webp,keep,no,copy,Football\loudborders\King’s Punch.webp,
Football/loudborders/Laker Dynasty.webp,Football,Football,loudborders,Laker Dynasty.webp,keep,no,copy,Football\loudborders\Laker Dynasty.webp,
Football/loudborders/Legacy Seat.webp,Football,Football,loudborders,Legacy Seat.webp,keep,no,copy,Football\loudborders\Legacy Seat.webp,
Football/loudborders/Legacy Walk.webp,Football,Football,loudborders,Legacy Walk.webp,dismiss,no,copy,dismissed\Football\loudborders\Legacy Walk.webp,
Football/loudborders/Legend in Coils.webp,Football,Football,loudborders,Legend in Coils.webp,keep,no,copy,Football\loudborders\Legend in Coils.webp,
Football/loudborders/Legends United.webp,Football,Football,loudborders,Legends United.webp,keep,no,copy,Football\loudborders\Legends United.webp,
Football/loudborders/Lewandowski Sniper.webp,Football,Football,loudborders,Lewandowski Sniper.webp,keep,no,copy,Football\loudborders\Lewandowski Sniper.webp,
Football/loudborders/Lift and Conquer.webp,Football,Football,loudborders,Lift and Conquer.webp,keep,no,copy,Football\loudborders\Lift and Conquer.webp,
Football/loudborders/Lloris Guardian.webp,Football,Football,loudborders,Lloris Guardian.webp,keep,no,copy,Football\loudborders\Lloris Guardian.webp,
Football/loudborders/Looped Thought.webp,Football,Football,loudborders,Looped Thought.webp,keep,no,copy,Football\loudborders\Looped Thought.webp,
Football/loudborders/Love on Tape.webp,Football,Football,loudborders,Love on Tape.webp,keep,no,copy,Football\loudborders\Love on Tape.webp,
Football/loudborders/Madrid Unity.webp,Football,Football,loudborders,Madrid Unity.webp,dismiss,no,copy,dismissed\Football\loudborders\Madrid Unity.webp,
Football/loudborders/Majestic Madrid.webp,Football,Football,loudborders,Majestic Madrid.webp,keep,no,copy,Football\loudborders\Majestic Madrid.webp,
Football/loudborders/Marmoush Unmasked.webp,Football,Football,loudborders,Marmoush Unmasked.webp,dismiss,no,copy,dismissed\Football\loudborders\Marmoush Unmasked.webp,
Football/loudborders/Marquinhos Wall.webp,Football,Football,loudborders,Marquinhos Wall.webp,keep,no,copy,Football\loudborders\Marquinhos Wall.webp,
Football/loudborders/Mbappé Momentum.webp,Football,Football,loudborders,Mbappé Momentum.webp,keep,no,copy,Football\loudborders\Mbappé Momentum.webp,
Football/loudborders/Mbappé Motion.webp,Football,Football,loudborders,Mbappé Motion.webp,dismiss,no,copy,dismissed\Football\loudborders\Mbappé Motion.webp,
Football/loudborders/Melody Box.webp,Football,Football,loudborders,Melody Box.webp,keep,no,copy,Football\loudborders\Melody Box.webp,
Football/loudborders/Moment of Mbappé.webp,Football,Football,loudborders,Moment of Mbappé.webp,dismiss,no,copy,dismissed\Football\loudborders\Moment of Mbappé.webp,
Football/loudborders/Neuer Wall.webp,Football,Football,loudborders,Neuer Wall.webp,keep,no,copy,Football\loudborders\Neuer Wall.webp,
Football/loudborders/Neymar Tricks.webp,Football,Football,loudborders,Neymar Tricks.webp,keep,no,copy,Football\loudborders\Neymar Tricks.webp,
Football/loudborders/Notorious Era.webp,Football,Football,loudborders,Notorious Era.webp,dismiss,no,copy,dismissed\Football\loudborders\Notorious Era.webp,
Football/loudborders/On Your Mark.webp,Football,Football,loudborders,On Your Mark.webp,keep,no,copy,Football\loudborders\On Your Mark.webp,
Football/loudborders/Open Question.webp,Football,Football,loudborders,Open Question.webp,keep,no,copy,Football\loudborders\Open Question.webp,
Football/loudborders/Paddleplay.webp,Football,Football,loudborders,Paddleplay.webp,keep,no,copy,Football\loudborders\Paddleplay.webp,
Football/loudborders/Pajama Skater.webp,Football,Football,loudborders,Pajama Skater.webp,keep,no,copy,Football\loudborders\Pajama Skater.webp,
Football/loudborders/Pitch Blueprint.webp,Football,Football,loudborders,Pitch Blueprint.webp,keep,no,copy,Football\loudborders\Pitch Blueprint.webp,
Football/loudborders/Punchline Heroes.webp,Football,Football,loudborders,Punchline Heroes.webp,keep,no,copy,Football\loudborders\Punchline Heroes.webp,
Football/loudborders/Pyramid Rise.webp,Football,Football,loudborders,Pyramid Rise.webp,keep,no,copy,Football\loudborders\Pyramid Rise.webp,
Football/loudborders/Rashford United.webp,Football,Football,loudborders,Rashford United.webp,keep,no,copy,Football\loudborders\Rashford United.webp,
Football/loudborders/Relentless Reps.webp,Football,Football,loudborders,Relentless Reps.webp,keep,no,copy,Football\loudborders\Relentless Reps.webp,
Football/loudborders/Retro Lens Chaos.webp,Football,Football,loudborders,Retro Lens Chaos.webp,keep,no,copy,Football\loudborders\Retro Lens Chaos.webp,
Football/loudborders/Retro Remix.webp,Football,Football,loudborders,Retro Remix.webp,keep,no,copy,Football\loudborders\Retro Remix.webp,
Football/loudborders/Rich Tick.webp,Football,Football,loudborders,Rich Tick.webp,keep,no,copy,Football\loudborders\Rich Tick.webp,
Football/loudborders/Ronaldinho Magic.webp,Football,Football,loudborders,Ronaldinho Magic.webp,keep,no,copy,Football\loudborders\Ronaldinho Magic.webp,
Football/loudborders/Ronaldo Dominance.webp,Football,Football,loudborders,Ronaldo Dominance.webp,keep,no,copy,Football\loudborders\Ronaldo Dominance.webp,
Football/loudborders/Ronaldo’s Focus.webp,Football,Football,loudborders,Ronaldo’s Focus.webp,keep,no,copy,Football\loudborders\Ronaldo’s Focus.webp,
Football/loudborders/Rue des Rêves.webp,Football,Football,loudborders,Rue des Rêves.webp,keep,no,copy,Football\loudborders\Rue des Rêves.webp,
Football/loudborders/Rust & Light.webp,Football,Football,loudborders,Rust & Light.webp,keep,no,copy,Football\loudborders\Rust & Light.webp,
Football/loudborders/Saka Nextgen.webp,Football,Football,loudborders,Saka Nextgen.webp,keep,no,copy,Football\loudborders\Saka Nextgen.webp,
Football/loudborders/Salah Pharaoh.webp,Football,Football,loudborders,Salah Pharaoh.webp,keep,no,copy,Football\loudborders\Salah Pharaoh.webp,
Football/loudborders/Scudetto.webp,Football,Football,loudborders,Scudetto.webp,keep,no,copy,Football\loudborders\Scudetto.webp,
Football/loudborders/Shadow Form.webp,Football,Football,loudborders,Shadow Form.webp,dismiss,no,copy,dismissed\Football\loudborders\Shadow Form.webp,
Football/loudborders/Shadow of the Game.webp,Football,Football,loudborders,Shadow of the Game.webp,keep,no,copy,Football\loudborders\Shadow of the Game.webp,
Football/loudborders/Silent Painter of the Night.webp,Football,Football,loudborders,Silent Painter of the Night.webp,keep,no,copy,Football\loudborders\Silent Painter of the Night.webp,
Football/loudborders/Skyline View.webp,Football,Football,loudborders,Skyline View.webp,dismiss,no,copy,dismissed\Football\loudborders\Skyline View.webp,
Football/loudborders/Slam Dunk.webp,Football,Football,loudborders,Slam Dunk.webp,keep,no,copy,Football\loudborders\Slam Dunk.webp,
Football/loudborders/Son Captain.webp,Football,Football,loudborders,Son Captain.webp,keep,no,copy,Football\loudborders\Son Captain.webp,
Football/loudborders/Stacked Stories.webp,Football,Football,loudborders,Stacked Stories.webp,keep,no,copy,Football\loudborders\Stacked Stories.webp,
Football/loudborders/Street Hoops.webp,Football,Football,loudborders,Street Hoops.webp,keep,no,copy,Football\loudborders\Street Hoops.webp,
Football/loudborders/Strike.webp,Football,Football,loudborders,Strike.webp,keep,no,copy,Football\loudborders\Strike.webp,
Football/loudborders/Surf Souls.webp,Football,Football,loudborders,Surf Souls.webp,keep,no,copy,Football\loudborders\Surf Souls.webp,
Football/loudborders/Swish.webp,Football,Football,loudborders,Swish.webp,keep,no,copy,Football\loudborders\Swish.webp,
Football/loudborders/Tangled Thoughts.webp,Football,Football,loudborders,Tangled Thoughts.webp,keep,no,copy,Football\loudborders\Tangled Thoughts.webp,
Football/loudborders/Ter Stegen Reflex.webp,Football,Football,loudborders,Ter Stegen Reflex.webp,keep,no,copy,Football\loudborders\Ter Stegen Reflex.webp,
Football/loudborders/Torque.webp,Football,Football,loudborders,Torque.webp,keep,no,copy,Football\loudborders\Torque.webp,
Football/loudborders/Urban Thrill.webp,Football,Football,loudborders,Urban Thrill.webp,keep,no,copy,Football\loudborders\Urban Thrill.webp,
Football/loudborders/Van Dijk Dominance.webp,Football,Football,loudborders,Van Dijk Dominance.webp,keep,no,copy,Football\loudborders\Van Dijk Dominance.webp,
Football/loudborders/Vinicius Lightning.webp,Football,Football,loudborders,Vinicius Lightning.webp,keep,no,copy,Football\loudborders\Vinicius Lightning.webp,
Football/loudborders/Worth the Fight.webp,Football,Football,loudborders,Worth the Fight.webp,dismiss,no,copy,dismissed\Football\loudborders\Worth the Fight.webp,
Football/loudborders/Yamal Wonderkid.webp,Football,Football,loudborders,Yamal Wonderkid.webp,keep,no,copy,Football\loudborders\Yamal Wonderkid.webp,
Football/loudborders/Zidane Dynasty.webp,Football,Football,loudborders,Zidane Dynasty.webp,keep,no,copy,Football\loudborders\Zidane Dynasty.webp,
Football/posterplace/Battle for Winterfell.webp,Football,Football,posterplace,Battle for Winterfell.webp,keep,no,copy,Football\posterplace\Battle for Winterfell.webp,
Football/posterplace/Brazilian Legend.webp,Football,Football,posterplace,Brazilian Legend.webp,keep,no,copy,Football\posterplace\Brazilian Legend.webp,
Football/posterplace/Childish Gambino (Because The Internet).webp,Football,Football,posterplace,Childish Gambino (Because The Internet).webp,keep,no,copy,Football\posterplace\Childish Gambino (Because The Internet).webp,
Football/posterplace/Crowned King.webp,Football,Football,posterplace,Crowned King.webp,keep,no,copy,Football\posterplace\Crowned King.webp,
Football/posterplace/David Beckham.webp,Football,Football,posterplace,David Beckham.webp,dismiss,no,copy,dismissed\Football\posterplace\David Beckham.webp,
Football/posterplace/Diego Armando Maradona.webp,Football,Football,posterplace,Diego Armando Maradona.webp,keep,no,copy,Football\posterplace\Diego Armando Maradona.webp,
Football/posterplace/El Diego.webp,Football,Football,posterplace,El Diego.webp,keep,no,copy,Football\posterplace\El Diego.webp,
Football/posterplace/Fear of Commitment Club.webp,Football,Football,posterplace,Fear of Commitment Club.webp,keep,no,copy,Football\posterplace\Fear of Commitment Club.webp,
Football/posterplace/Fight Club.webp,Football,Football,posterplace,Fight Club.webp,keep,no,copy,Football\posterplace\Fight Club.webp,
Football/posterplace/Football Is Life.webp,Football,Football,posterplace,Football Is Life.webp,keep,no,copy,Football\posterplace\Football Is Life.webp,
Football/posterplace/GOAT.webp,Football,Football,posterplace,GOAT.webp,keep,no,copy,Football\posterplace\GOAT.webp,
Football/posterplace/Interstellar Polaroid Poster.webp,Football,Football,posterplace,Interstellar Polaroid Poster.webp,keep,no,copy,Football\posterplace\Interstellar Polaroid Poster.webp,
Football/posterplace/Interstellar.webp,Football,Football,posterplace,Interstellar.webp,keep,no,copy,Football\posterplace\Interstellar.webp,
Football/posterplace/Kobe.webp,Football,Football,posterplace,Kobe.webp,keep,no,copy,Football\posterplace\Kobe.webp,
Football/posterplace/Legendary Wade.webp,Football,Football,posterplace,Legendary Wade.webp,keep,no,copy,Football\posterplace\Legendary Wade.webp,
Football/posterplace/Los Blancos.webp,Football,Football,posterplace,Los Blancos.webp,keep,no,copy,Football\posterplace\Los Blancos.webp,
Football/posterplace/Magic & Bird.webp,Football,Football,posterplace,Magic & Bird.webp,keep,no,copy,Football\posterplace\Magic & Bird.webp,
Football/posterplace/Royal Don.webp,Football,Football,posterplace,Royal Don.webp,keep,no,copy,Football\posterplace\Royal Don.webp,
Football/posterplace/Royal Goat.webp,Football,Football,posterplace,Royal Goat.webp,keep,no,copy,Football\posterplace\Royal Goat.webp,
Football/posterplace/Splinter.webp,Football,Football,posterplace,Splinter.webp,keep,no,copy,Football\posterplace\Splinter.webp,
Football/posterplace/The 8 Rings MVP.webp,Football,Football,posterplace,The 8 Rings MVP.webp,keep,no,copy,Football\posterplace\The 8 Rings MVP.webp,
Football/posterplace/The 8 Rings.webp,Football,Football,posterplace,The 8 Rings.webp,keep,no,copy,Football\posterplace\The 8 Rings.webp,
Football/posterplace/The Black Mamba.webp,Football,Football,posterplace,The Black Mamba.webp,keep,no,copy,Football\posterplace\The Black Mamba.webp,
Football/posterplace/The Final Blow.webp,Football,Football,posterplace,The Final Blow.webp,keep,no,copy,Football\posterplace\The Final Blow.webp,
Football/posterplace/The Golden Boy.webp,Football,Football,posterplace,The Golden Boy.webp,keep,no,copy,Football\posterplace\The Golden Boy.webp,
Football/posterplace/The Great Americano.webp,Football,Football,posterplace,The Great Americano.webp,keep,no,copy,Football\posterplace\The Great Americano.webp,
Football/posterplace/The Great Mamba.webp,Football,Football,posterplace,The Great Mamba.webp,keep,no,copy,Football\posterplace\The Great Mamba.webp,
Football/posterplace/The Iconic Bicycle Kick.webp,Football,Football,posterplace,The Iconic Bicycle Kick.webp,keep,no,copy,Football\posterplace\The Iconic Bicycle Kick.webp,
Football/posterplace/The L-Train.webp,Football,Football,posterplace,The L-Train.webp,keep,no,copy,Football\posterplace\The L-Train.webp,
Football/posterplace/The Last Dance.webp,Football,Football,posterplace,The Last Dance.webp,keep,no,copy,Football\posterplace\The Last Dance.webp,
Football/posterplace/The Last Shot.webp,Football,Football,posterplace,The Last Shot.webp,dismiss,no,copy,dismissed\Football\posterplace\The Last Shot.webp,
Football/posterplace/The Legends.webp,Football,Football,posterplace,The Legends.webp,keep,no,copy,Football\posterplace\The Legends.webp,
Football/posterplace/The Magician.webp,Football,Football,posterplace,The Magician.webp,keep,no,copy,Football\posterplace\The Magician.webp,
Football/posterplace/Wild Rodman.webp,Football,Football,posterplace,Wild Rodman.webp,dismiss,no,copy,dismissed\Football\posterplace\Wild Rodman.webp,
Football/printiteg/Always The Best Ronaldo Frame.webp,Football,Football,printiteg,Always The Best Ronaldo Frame.webp,keep,no,copy,Football\printiteg\Always The Best Ronaldo Frame.webp,
Football/printiteg/Bruno Fernandes Frame.webp,Football,Football,printiteg,Bruno Fernandes Frame.webp,keep,no,copy,Football\printiteg\Bruno Fernandes Frame.webp,
Football/printiteg/Chase The Dream Messi Frame.webp,Football,Football,printiteg,Chase The Dream Messi Frame.webp,keep,no,copy,Football\printiteg\Chase The Dream Messi Frame.webp,
Football/printiteg/Cristiano Ronaldo Frame (2).webp,Football,Football,printiteg,Cristiano Ronaldo Frame (2).webp,keep,no,copy,Football\printiteg\Cristiano Ronaldo Frame (2).webp,
Football/printiteg/Cristiano Ronaldo Frame.webp,Football,Football,printiteg,Cristiano Ronaldo Frame.webp,keep,no,copy,Football\printiteg\Cristiano Ronaldo Frame.webp,
Football/printiteg/Declan Rice Frame.webp,Football,Football,printiteg,Declan Rice Frame.webp,keep,no,copy,Football\printiteg\Declan Rice Frame.webp,
Football/printiteg/Dembele Frame.webp,Football,Football,printiteg,Dembele Frame.webp,keep,no,copy,Football\printiteg\Dembele Frame.webp,
Football/printiteg/Dembele Jersey Frame.webp,Football,Football,printiteg,Dembele Jersey Frame.webp,keep,no,copy,Football\printiteg\Dembele Jersey Frame.webp,
Football/printiteg/Doue Jersey Frame.webp,Football,Football,printiteg,Doue Jersey Frame.webp,keep,no,copy,Football\printiteg\Doue Jersey Frame.webp,
Football/printiteg/Dybala Jersey Frame.webp,Football,Football,printiteg,Dybala Jersey Frame.webp,keep,no,copy,Football\printiteg\Dybala Jersey Frame.webp,
Football/printiteg/Eden Hazard Frame.webp,Football,Football,printiteg,Eden Hazard Frame.webp,keep,no,copy,Football\printiteg\Eden Hazard Frame.webp,
Football/printiteg/Egypt Against All odds Frame.webp,Football,Football,printiteg,Egypt Against All odds Frame.webp,keep,no,copy,Football\printiteg\Egypt Against All odds Frame.webp,
Football/printiteg/Egypt History Frame.webp,Football,Football,printiteg,Egypt History Frame.webp,keep,no,copy,Football\printiteg\Egypt History Frame.webp,
Football/printiteg/Ekitike Frame.webp,Football,Football,printiteg,Ekitike Frame.webp,dismiss,no,copy,dismissed\Football\printiteg\Ekitike Frame.webp,
Football/printiteg/Emam Ashour Frame.webp,Football,Football,printiteg,Emam Ashour Frame.webp,dismiss,no,copy,dismissed\Football\printiteg\Emam Ashour Frame.webp,
Football/printiteg/End Of Era Salah Frame.webp,Football,Football,printiteg,End Of Era Salah Frame.webp,keep,no,copy,Football\printiteg\End Of Era Salah Frame.webp,
Football/printiteg/Fernando Torres Frame.webp,Football,Football,printiteg,Fernando Torres Frame.webp,keep,no,copy,Football\printiteg\Fernando Torres Frame.webp,
Football/printiteg/Foden Jersey Frame.webp,Football,Football,printiteg,Foden Jersey Frame.webp,keep,no,copy,Football\printiteg\Foden Jersey Frame.webp,
Football/printiteg/Football Is Life Frame.webp,Football,Football,printiteg,Football Is Life Frame.webp,keep,no,copy,Football\printiteg\Football Is Life Frame.webp,
Football/printiteg/Gerrard Jersey Frame.webp,Football,Football,printiteg,Gerrard Jersey Frame.webp,keep,no,copy,Football\printiteg\Gerrard Jersey Frame.webp,
Football/printiteg/Griezmann Jersey Frame.webp,Football,Football,printiteg,Griezmann Jersey Frame.webp,keep,no,copy,Football\printiteg\Griezmann Jersey Frame.webp,
Football/printiteg/Haaland Jersey Frame.webp,Football,Football,printiteg,Haaland Jersey Frame.webp,keep,no,copy,Football\printiteg\Haaland Jersey Frame.webp,
Football/printiteg/Haitham Hassan No Fear Frame.webp,Football,Football,printiteg,Haitham Hassan No Fear Frame.webp,dismiss,no,copy,dismissed\Football\printiteg\Haitham Hassan No Fear Frame.webp,
Football/printiteg/Hamza Abdelkarim Future Star.webp,Football,Football,printiteg,Hamza Abdelkarim Future Star.webp,dismiss,no,copy,dismissed\Football\printiteg\Hamza Abdelkarim Future Star.webp,
Football/printiteg/Henry Jersey Frame.webp,Football,Football,printiteg,Henry Jersey Frame.webp,keep,no,copy,Football\printiteg\Henry Jersey Frame.webp,
Football/printiteg/Hossam Hassan العميد Frame.webp,Football,Football,printiteg,Hossam Hassan العميد Frame.webp,dismiss,no,copy,dismissed\Football\printiteg\Hossam Hassan العميد Frame.webp,
Football/printiteg/Ibrahimovic Jersey Frame.webp,Football,Football,printiteg,Ibrahimovic Jersey Frame.webp,keep,no,copy,Football\printiteg\Ibrahimovic Jersey Frame.webp,
Football/printiteg/Kaka Jersey Frame.webp,Football,Football,printiteg,Kaka Jersey Frame.webp,keep,no,copy,Football\printiteg\Kaka Jersey Frame.webp,
Football/printiteg/Kevin De Bruyne Frame.webp,Football,Football,printiteg,Kevin De Bruyne Frame.webp,keep,no,copy,Football\printiteg\Kevin De Bruyne Frame.webp,
Football/printiteg/King Mo Frame.webp,Football,Football,printiteg,King Mo Frame.webp,dismiss,no,copy,dismissed\Football\printiteg\King Mo Frame.webp,
Football/printiteg/Lamine Yamal Jersey Frame.webp,Football,Football,printiteg,Lamine Yamal Jersey Frame.webp,keep,no,copy,Football\printiteg\Lamine Yamal Jersey Frame.webp,
Football/printiteg/Lamine Yamal Trust God Frame.webp,Football,Football,printiteg,Lamine Yamal Trust God Frame.webp,keep,no,copy,Football\printiteg\Lamine Yamal Trust God Frame.webp,
Football/printiteg/Lionel Messi Frame.webp,Football,Football,printiteg,Lionel Messi Frame.webp,keep,no,copy,Football\printiteg\Lionel Messi Frame.webp,
Football/printiteg/Liverpool Frame.webp,Football,Football,printiteg,Liverpool Frame.webp,keep,no,copy,Football\printiteg\Liverpool Frame.webp,
Football/printiteg/Mbappe Frame.webp,Football,Football,printiteg,Mbappe Frame.webp,keep,no,copy,Football\printiteg\Mbappe Frame.webp,
Football/printiteg/Mbappe Jersey Frame.webp,Football,Football,printiteg,Mbappe Jersey Frame.webp,keep,no,copy,Football\printiteg\Mbappe Jersey Frame.webp,
Football/printiteg/Memphis Depay Let Them Talk Frame.webp,Football,Football,printiteg,Memphis Depay Let Them Talk Frame.webp,keep,no,copy,Football\printiteg\Memphis Depay Let Them Talk Frame.webp,
Football/printiteg/Messi Comic Frame.webp,Football,Football,printiteg,Messi Comic Frame.webp,keep,no,copy,Football\printiteg\Messi Comic Frame.webp,
Football/printiteg/Messi Do It Frame.webp,Football,Football,printiteg,Messi Do It Frame.webp,keep,no,copy,Football\printiteg\Messi Do It Frame.webp,
Football/printiteg/Messi Jersey Frame.webp,Football,Football,printiteg,Messi Jersey Frame.webp,keep,no,copy,Football\printiteg\Messi Jersey Frame.webp,
Football/printiteg/Messi World Cup Frame.webp,Football,Football,printiteg,Messi World Cup Frame.webp,keep,no,copy,Football\printiteg\Messi World Cup Frame.webp,
Football/printiteg/Mo Salah King Frame.webp,Football,Football,printiteg,Mo Salah King Frame.webp,keep,no,copy,Football\printiteg\Mo Salah King Frame.webp,
Football/printiteg/Mohamed Salah Alhamdulillah Frame.webp,Football,Football,printiteg,Mohamed Salah Alhamdulillah Frame.webp,dismiss,no,copy,dismissed\Football\printiteg\Mohamed Salah Alhamdulillah Frame.webp,
Football/printiteg/Myles Lewis Skelly Frame.webp,Football,Football,printiteg,Myles Lewis Skelly Frame.webp,keep,no,copy,Football\printiteg\Myles Lewis Skelly Frame.webp,
Football/printiteg/Neymar Frame (2).webp,Football,Football,printiteg,Neymar Frame (2).webp,dismiss,no,copy,dismissed\Football\printiteg\Neymar Frame (2).webp,
Football/printiteg/Neymar Frame.webp,Football,Football,printiteg,Neymar Frame.webp,keep,no,copy,Football\printiteg\Neymar Frame.webp,
Football/printiteg/No Fear Ronaldinho Frame.webp,Football,Football,printiteg,No Fear Ronaldinho Frame.webp,keep,no,copy,Football\printiteg\No Fear Ronaldinho Frame.webp,
Football/printiteg/No Risk No Story Ronaldo Frame.webp,Football,Football,printiteg,No Risk No Story Ronaldo Frame.webp,keep,no,copy,Football\printiteg\No Risk No Story Ronaldo Frame.webp,
Football/printiteg/Outwork Them Frame.webp,Football,Football,printiteg,Outwork Them Frame.webp,dismiss,no,copy,dismissed\Football\printiteg\Outwork Them Frame.webp,
Football/printiteg/Play Like Your Still In The Playground Frame.webp,Football,Football,printiteg,Play Like Your Still In The Playground Frame.webp,keep,no,copy,Football\printiteg\Play Like Your Still In The Playground Frame.webp,
Football/printiteg/Ronaldinho Frame.webp,Football,Football,printiteg,Ronaldinho Frame.webp,keep,no,copy,Football\printiteg\Ronaldinho Frame.webp,
Football/printiteg/Ronaldo Frame (2).webp,Football,Football,printiteg,Ronaldo Frame (2).webp,keep,no,copy,Football\printiteg\Ronaldo Frame (2).webp,
Football/printiteg/Ronaldo Frame.webp,Football,Football,printiteg,Ronaldo Frame.webp,keep,no,copy,Football\printiteg\Ronaldo Frame.webp,
Football/printiteg/Ronaldo Jersey Frame.webp,Football,Football,printiteg,Ronaldo Jersey Frame.webp,keep,no,copy,Football\printiteg\Ronaldo Jersey Frame.webp,
Football/printiteg/Salah Achievements Frame.webp,Football,Football,printiteg,Salah Achievements Frame.webp,keep,no,copy,Football\printiteg\Salah Achievements Frame.webp,
Football/printiteg/Salah Frame.webp,Football,Football,printiteg,Salah Frame.webp,keep,no,copy,Football\printiteg\Salah Frame.webp,
Football/printiteg/Salah Jersey Frame.webp,Football,Football,printiteg,Salah Jersey Frame.webp,keep,no,copy,Football\printiteg\Salah Jersey Frame.webp,
Football/printiteg/Salah The Pharaoh Frame.webp,Football,Football,printiteg,Salah The Pharaoh Frame.webp,dismiss,no,copy,dismissed\Football\printiteg\Salah The Pharaoh Frame.webp,
Football/printiteg/Shobeir Trust The Process Frame.webp,Football,Football,printiteg,Shobeir Trust The Process Frame.webp,keep,no,copy,Football\printiteg\Shobeir Trust The Process Frame.webp,
Football/printiteg/Son Heung-min Obsession Beats Talent Frame.webp,Football,Football,printiteg,Son Heung-min Obsession Beats Talent Frame.webp,keep,no,copy,Football\printiteg\Son Heung-min Obsession Beats Talent Frame.webp,
Football/printiteg/Thank You King Frame.webp,Football,Football,printiteg,Thank You King Frame.webp,keep,no,copy,Football\printiteg\Thank You King Frame.webp,
Football/printiteg/The Egyptian King Frame.webp,Football,Football,printiteg,The Egyptian King Frame.webp,keep,no,copy,Football\printiteg\The Egyptian King Frame.webp,
Football/printiteg/The End Salah Frame.webp,Football,Football,printiteg,The End Salah Frame.webp,keep,no,copy,Football\printiteg\The End Salah Frame.webp,
Football/printiteg/YNWA Salah Frame.webp,Football,Football,printiteg,YNWA Salah Frame.webp,keep,no,copy,Football\printiteg\YNWA Salah Frame.webp,
Football/printiteg/Zidane Jersey Frame.webp,Football,Football,printiteg,Zidane Jersey Frame.webp,keep,no,copy,Football\printiteg\Zidane Jersey Frame.webp,
Football/printiteg/Ziko Frame.webp,Football,Football,printiteg,Ziko Frame.webp,dismiss,no,copy,dismissed\Football\printiteg\Ziko Frame.webp,
Football/printiteg/Ziko God's Plan Flame.webp,Football,Football,printiteg,Ziko God's Plan Flame.webp,dismiss,no,copy,dismissed\Football\printiteg\Ziko God's Plan Flame.webp,
Football/sparkstore/Al Ahly '1907' Frame.webp,Football,Football,sparkstore,Al Ahly '1907' Frame.webp,dismiss,no,copy,dismissed\Football\sparkstore\Al Ahly '1907' Frame.webp,
Football/sparkstore/Al Ahly 'Ahlawy Pride' Frame.webp,Football,Football,sparkstore,Al Ahly 'Ahlawy Pride' Frame.webp,dismiss,no,copy,dismissed\Football\sparkstore\Al Ahly 'Ahlawy Pride' Frame.webp,
Football/sparkstore/Al Ahly 'Eagle' Frame.webp,Football,Football,sparkstore,Al Ahly 'Eagle' Frame.webp,dismiss,no,copy,dismissed\Football\sparkstore\Al Ahly 'Eagle' Frame.webp,
Football/sparkstore/Al Ahly 'Ibn Al Ahly' Frame.webp,Football,Football,sparkstore,Al Ahly 'Ibn Al Ahly' Frame.webp,dismiss,no,copy,dismissed\Football\sparkstore\Al Ahly 'Ibn Al Ahly' Frame.webp,
Football/sparkstore/Al Ahly 'Talta Shemal' Frame.webp,Football,Football,sparkstore,Al Ahly 'Talta Shemal' Frame.webp,dismiss,no,copy,dismissed\Football\sparkstore\Al Ahly 'Talta Shemal' Frame.webp,
Football/sparkstore/Al Ahly 'World's Best Club' Frame.webp,Football,Football,sparkstore,Al Ahly 'World's Best Club' Frame.webp,dismiss,no,copy,dismissed\Football\sparkstore\Al Ahly 'World's Best Club' Frame.webp,
Football/sparkstore/Ancient Egyptian 'Ancient Mystery' Frame.webp,Football,Football,sparkstore,Ancient Egyptian 'Ancient Mystery' Frame.webp,dismiss,no,copy,dismissed\Football\sparkstore\Ancient Egyptian 'Ancient Mystery' Frame.webp,
"Football/sparkstore/Ancient Egyptian 'Anubis, God of Death' Frame.webp",Football,Football,sparkstore,"Ancient Egyptian 'Anubis, God of Death' Frame.webp",dismiss,no,copy,"dismissed\Football\sparkstore\Ancient Egyptian 'Anubis, God of Death' Frame.webp",
Football/sparkstore/Ancient Egyptian 'Cleopatra's Barge' Frame.webp,Football,Football,sparkstore,Ancient Egyptian 'Cleopatra's Barge' Frame.webp,dismiss,no,copy,dismissed\Football\sparkstore\Ancient Egyptian 'Cleopatra's Barge' Frame.webp,
Football/sparkstore/Ancient Egyptian 'Cosmic Convergence' Frame.webp,Football,Football,sparkstore,Ancient Egyptian 'Cosmic Convergence' Frame.webp,dismiss,no,copy,dismissed\Football\sparkstore\Ancient Egyptian 'Cosmic Convergence' Frame.webp,
Football/sparkstore/Ancient Egyptian 'Golden Winged Sword' Frame.webp,Football,Football,sparkstore,Ancient Egyptian 'Golden Winged Sword' Frame.webp,dismiss,no,copy,dismissed\Football\sparkstore\Ancient Egyptian 'Golden Winged Sword' Frame.webp,
Football/sparkstore/Ancient Egyptian 'Horus' Frame.webp,Football,Football,sparkstore,Ancient Egyptian 'Horus' Frame.webp,dismiss,no,copy,dismissed\Football\sparkstore\Ancient Egyptian 'Horus' Frame.webp,
Football/sparkstore/Ancient Egyptian 'Pharaoh's Headdress' Frame.webp,Football,Football,sparkstore,Ancient Egyptian 'Pharaoh's Headdress' Frame.webp,dismiss,no,copy,dismissed\Football\sparkstore\Ancient Egyptian 'Pharaoh's Headdress' Frame.webp,
Football/sparkstore/Ancient Egyptian 'Pharaoh's Majestic Visage' Frame.webp,Football,Football,sparkstore,Ancient Egyptian 'Pharaoh's Majestic Visage' Frame.webp,dismiss,no,copy,dismissed\Football\sparkstore\Ancient Egyptian 'Pharaoh's Majestic Visage' Frame.webp,
Football/sparkstore/Ancient Egyptian 'Pharaonic Enigma' Frame.webp,Football,Football,sparkstore,Ancient Egyptian 'Pharaonic Enigma' Frame.webp,dismiss,no,copy,dismissed\Football\sparkstore\Ancient Egyptian 'Pharaonic Enigma' Frame.webp,
Football/sparkstore/Astronaut 'Intergalactic Skater' Frame.webp,Football,Football,sparkstore,Astronaut 'Intergalactic Skater' Frame.webp,dismiss,no,copy,dismissed\Football\sparkstore\Astronaut 'Intergalactic Skater' Frame.webp,
Football/sparkstore/Astronaut 'Interstellar Reverie' Frame.webp,Football,Football,sparkstore,Astronaut 'Interstellar Reverie' Frame.webp,dismiss,no,copy,dismissed\Football\sparkstore\Astronaut 'Interstellar Reverie' Frame.webp,
Football/sparkstore/Avatar The Last Airbender 'Airbending City' Frame.webp,Football,Football,sparkstore,Avatar The Last Airbender 'Airbending City' Frame.webp,dismiss,no,copy,dismissed\Football\sparkstore\Avatar The Last Airbender 'Airbending City' Frame.webp,
Football/sparkstore/Avatar The Last Airbender 'Elements United' Frame.webp,Football,Football,sparkstore,Avatar The Last Airbender 'Elements United' Frame.webp,dismiss,no,copy,dismissed\Football\sparkstore\Avatar The Last Airbender 'Elements United' Frame.webp,
Football/sparkstore/Barcelona 'Celebration of Legends' Frame.webp,Football,Football,sparkstore,Barcelona 'Celebration of Legends' Frame.webp,dismiss,no,copy,dismissed\Football\sparkstore\Barcelona 'Celebration of Legends' Frame.webp,
Football/sparkstore/Barcelona 'Champions League Glory' Frame.webp,Football,Football,sparkstore,Barcelona 'Champions League Glory' Frame.webp,dismiss,no,copy,dismissed\Football\sparkstore\Barcelona 'Champions League Glory' Frame.webp,
Football/sparkstore/Barcelona 'Dragon Emblem Design' Frame.webp,Football,Football,sparkstore,Barcelona 'Dragon Emblem Design' Frame.webp,dismiss,no,copy,dismissed\Football\sparkstore\Barcelona 'Dragon Emblem Design' Frame.webp,
Football/sparkstore/Barcelona 'FCB Emblem Excellence' Frame.webp,Football,Football,sparkstore,Barcelona 'FCB Emblem Excellence' Frame.webp,dismiss,no,copy,dismissed\Football\sparkstore\Barcelona 'FCB Emblem Excellence' Frame.webp,
Football/sparkstore/Barcelona 'Love for the Game' Frame.webp,Football,Football,sparkstore,Barcelona 'Love for the Game' Frame.webp,dismiss,no,copy,dismissed\Football\sparkstore\Barcelona 'Love for the Game' Frame.webp,
Football/sparkstore/Barcelona 'One Life One Love One Club' Frame.webp,Football,Football,sparkstore,Barcelona 'One Life One Love One Club' Frame.webp,dismiss,no,copy,dismissed\Football\sparkstore\Barcelona 'One Life One Love One Club' Frame.webp,
Football/sparkstore/Batman 'Shadow of the City' Frame.webp,Football,Football,sparkstore,Batman 'Shadow of the City' Frame.webp,keep,no,copy,Football\sparkstore\Batman 'Shadow of the City' Frame.webp,
Football/sparkstore/Batman 'Wings Over The City' Frame.webp,Football,Football,sparkstore,Batman 'Wings Over The City' Frame.webp,dismiss,no,copy,dismissed\Football\sparkstore\Batman 'Wings Over The City' Frame.webp,
Football/sparkstore/BMW 'Winter Beater' Frame.webp,Football,Football,sparkstore,BMW 'Winter Beater' Frame.webp,keep,no,copy,Football\sparkstore\BMW 'Winter Beater' Frame.webp,
Football/sparkstore/Chris Bumstead 'Flex' Frame.webp,Football,Football,sparkstore,Chris Bumstead 'Flex' Frame.webp,dismiss,no,copy,dismissed\Football\sparkstore\Chris Bumstead 'Flex' Frame.webp,
Football/sparkstore/Chris Bumstead 'Greatness is a Mindset' Frame.webp,Football,Football,sparkstore,Chris Bumstead 'Greatness is a Mindset' Frame.webp,keep,no,copy,Football\sparkstore\Chris Bumstead 'Greatness is a Mindset' Frame.webp,
Football/sparkstore/Chris Bumstead 'Iconic Winner' Frame.webp,Football,Football,sparkstore,Chris Bumstead 'Iconic Winner' Frame.webp,dismiss,no,copy,dismissed\Football\sparkstore\Chris Bumstead 'Iconic Winner' Frame.webp,
Football/sparkstore/Chris Bumstead 'Mr. Olympia' Frame.webp,Football,Football,sparkstore,Chris Bumstead 'Mr. Olympia' Frame.webp,keep,no,copy,Football\sparkstore\Chris Bumstead 'Mr. Olympia' Frame.webp,
Football/sparkstore/Cristiano Ronaldo 'Bicycle Shot' Frame.webp,Football,Football,sparkstore,Cristiano Ronaldo 'Bicycle Shot' Frame.webp,keep,no,copy,Football\sparkstore\Cristiano Ronaldo 'Bicycle Shot' Frame.webp,
Football/sparkstore/Cristiano Ronaldo 'Crown of the Greatest' Frame.webp,Football,Football,sparkstore,Cristiano Ronaldo 'Crown of the Greatest' Frame.webp,keep,no,copy,Football\sparkstore\Cristiano Ronaldo 'Crown of the Greatest' Frame.webp,
Football/sparkstore/Cristiano Ronaldo 'Fall Seven Times' Frame.webp,Football,Football,sparkstore,Cristiano Ronaldo 'Fall Seven Times' Frame.webp,keep,no,copy,Football\sparkstore\Cristiano Ronaldo 'Fall Seven Times' Frame.webp,
Football/sparkstore/Cristiano Ronaldo 'History of Greatness' Frame.webp,Football,Football,sparkstore,Cristiano Ronaldo 'History of Greatness' Frame.webp,keep,no,copy,Football\sparkstore\Cristiano Ronaldo 'History of Greatness' Frame.webp,
Football/sparkstore/Cristiano Ronaldo 'Manchester United Legend' Frame.webp,Football,Football,sparkstore,Cristiano Ronaldo 'Manchester United Legend' Frame.webp,keep,no,copy,Football\sparkstore\Cristiano Ronaldo 'Manchester United Legend' Frame.webp,
Football/sparkstore/Cristiano Ronaldo 'Siu Celebration' Frame.webp,Football,Football,sparkstore,Cristiano Ronaldo 'Siu Celebration' Frame.webp,keep,no,copy,Football\sparkstore\Cristiano Ronaldo 'Siu Celebration' Frame.webp,
Football/sparkstore/Cristiano Ronaldo 'Spirit of Lightning' Frame.webp,Football,Football,sparkstore,Cristiano Ronaldo 'Spirit of Lightning' Frame.webp,keep,no,copy,Football\sparkstore\Cristiano Ronaldo 'Spirit of Lightning' Frame.webp,
Football/sparkstore/Cristiano Ronaldo 'The Ultimate Galactico' Frame.webp,Football,Football,sparkstore,Cristiano Ronaldo 'The Ultimate Galactico' Frame.webp,keep,no,copy,Football\sparkstore\Cristiano Ronaldo 'The Ultimate Galactico' Frame.webp,
Football/sparkstore/Fight Club 'Destruction' Frame.webp,Football,Football,sparkstore,Fight Club 'Destruction' Frame.webp,keep,no,copy,Football\sparkstore\Fight Club 'Destruction' Frame.webp,
Football/sparkstore/Fight Club 'Double Identity' Frame.webp,Football,Football,sparkstore,Fight Club 'Double Identity' Frame.webp,dismiss,no,copy,dismissed\Football\sparkstore\Fight Club 'Double Identity' Frame.webp,
Football/sparkstore/Fight Club 'Dynamite' Frame.webp,Football,Football,sparkstore,Fight Club 'Dynamite' Frame.webp,dismiss,no,copy,dismissed\Football\sparkstore\Fight Club 'Dynamite' Frame.webp,
Football/sparkstore/Fight Club 'Mayhem' Frame.webp,Football,Football,sparkstore,Fight Club 'Mayhem' Frame.webp,dismiss,no,copy,dismissed\Football\sparkstore\Fight Club 'Mayhem' Frame.webp,
Football/sparkstore/Fight Club 'Shadows of Rebellion' Frame.webp,Football,Football,sparkstore,Fight Club 'Shadows of Rebellion' Frame.webp,dismiss,no,copy,dismissed\Football\sparkstore\Fight Club 'Shadows of Rebellion' Frame.webp,
Football/sparkstore/Fight Club 'Split Identity' Frame.webp,Football,Football,sparkstore,Fight Club 'Split Identity' Frame.webp,dismiss,no,copy,dismissed\Football\sparkstore\Fight Club 'Split Identity' Frame.webp,
Football/sparkstore/Fight Club 'The Façade' Frame.webp,Football,Football,sparkstore,Fight Club 'The Façade' Frame.webp,dismiss,no,copy,dismissed\Football\sparkstore\Fight Club 'The Façade' Frame.webp,
Football/sparkstore/Fight Club 'Twilight of Anarchy' Frame.webp,Football,Football,sparkstore,Fight Club 'Twilight of Anarchy' Frame.webp,dismiss,no,copy,dismissed\Football\sparkstore\Fight Club 'Twilight of Anarchy' Frame.webp,
Football/sparkstore/Main Character 'Self Love Social Club' Frame.webp,Football,Football,sparkstore,Main Character 'Self Love Social Club' Frame.webp,keep,no,copy,Football\sparkstore\Main Character 'Self Love Social Club' Frame.webp,
Football/sparkstore/Messi 'Celebration in Barcelona Colors' Frame.webp,Football,Football,sparkstore,Messi 'Celebration in Barcelona Colors' Frame.webp,dismiss,no,copy,dismissed\Football\sparkstore\Messi 'Celebration in Barcelona Colors' Frame.webp,
Football/sparkstore/Messi 'Champions Walk' Frame.webp,Football,Football,sparkstore,Messi 'Champions Walk' Frame.webp,dismiss,no,copy,dismissed\Football\sparkstore\Messi 'Champions Walk' Frame.webp,
Football/sparkstore/Messi 'GOAT..' Frame.webp,Football,Football,sparkstore,Messi 'GOAT..' Frame.webp,keep,no,copy,Football\sparkstore\Messi 'GOAT..' Frame.webp,
Football/sparkstore/Messi 'Golden Glory' Frame.webp,Football,Football,sparkstore,Messi 'Golden Glory' Frame.webp,keep,no,copy,Football\sparkstore\Messi 'Golden Glory' Frame.webp,
Football/sparkstore/Messi 'Golden Legacy' Frame.webp,Football,Football,sparkstore,Messi 'Golden Legacy' Frame.webp,keep,no,copy,Football\sparkstore\Messi 'Golden Legacy' Frame.webp,
Football/sparkstore/Messi 'Iconic Expression' Frame.webp,Football,Football,sparkstore,Messi 'Iconic Expression' Frame.webp,keep,no,copy,Football\sparkstore\Messi 'Iconic Expression' Frame.webp,
Football/sparkstore/Messi 'Legendary Moments' Frame (2).webp,Football,Football,sparkstore,Messi 'Legendary Moments' Frame (2).webp,dismiss,no,copy,dismissed\Football\sparkstore\Messi 'Legendary Moments' Frame (2).webp,
Football/sparkstore/Messi 'Legendary Moments' Frame.webp,Football,Football,sparkstore,Messi 'Legendary Moments' Frame.webp,keep,no,copy,Football\sparkstore\Messi 'Legendary Moments' Frame.webp,
Football/sparkstore/Messi 'Legendary Triumphs' Frame.webp,Football,Football,sparkstore,Messi 'Legendary Triumphs' Frame.webp,dismiss,no,copy,dismissed\Football\sparkstore\Messi 'Legendary Triumphs' Frame.webp,
Football/sparkstore/Messi 'The Art of Greatness' Frame.webp,Football,Football,sparkstore,Messi 'The Art of Greatness' Frame.webp,keep,no,copy,Football\sparkstore\Messi 'The Art of Greatness' Frame.webp,
Football/sparkstore/Messi 'The GOAT Collage' Frame.webp,Football,Football,sparkstore,Messi 'The GOAT Collage' Frame.webp,keep,no,copy,Football\sparkstore\Messi 'The GOAT Collage' Frame.webp,
Football/sparkstore/Messi 'The Infinity Goat' Frame.webp,Football,Football,sparkstore,Messi 'The Infinity Goat' Frame.webp,dismiss,no,copy,dismissed\Football\sparkstore\Messi 'The Infinity Goat' Frame.webp,
Football/sparkstore/Messi 'The King of Glory' Frame.webp,Football,Football,sparkstore,Messi 'The King of Glory' Frame.webp,dismiss,no,copy,dismissed\Football\sparkstore\Messi 'The King of Glory' Frame.webp,
Football/sparkstore/Messi 'The Legend Unveiled' Frame.webp,Football,Football,sparkstore,Messi 'The Legend Unveiled' Frame.webp,dismiss,no,copy,dismissed\Football\sparkstore\Messi 'The Legend Unveiled' Frame.webp,
Football/sparkstore/Messi 'The Legend's Triumph' Frame.webp,Football,Football,sparkstore,Messi 'The Legend's Triumph' Frame.webp,dismiss,no,copy,dismissed\Football\sparkstore\Messi 'The Legend's Triumph' Frame.webp,
Football/sparkstore/Messi 'The Ultimate GOAT Tribute' Frame.webp,Football,Football,sparkstore,Messi 'The Ultimate GOAT Tribute' Frame.webp,dismiss,no,copy,dismissed\Football\sparkstore\Messi 'The Ultimate GOAT Tribute' Frame.webp,
Football/sparkstore/Michael Jordan 'Basketball Heroics' Frame.webp,Football,Football,sparkstore,Michael Jordan 'Basketball Heroics' Frame.webp,keep,no,copy,Football\sparkstore\Michael Jordan 'Basketball Heroics' Frame.webp,
Football/sparkstore/Michael Jordan 'Basketball Legend' Frame.webp,Football,Football,sparkstore,Michael Jordan 'Basketball Legend' Frame.webp,keep,no,copy,Football\sparkstore\Michael Jordan 'Basketball Legend' Frame.webp,
Football/sparkstore/Michael Jordan 'Bulls in Motion' Frame.webp,Football,Football,sparkstore,Michael Jordan 'Bulls in Motion' Frame.webp,keep,no,copy,Football\sparkstore\Michael Jordan 'Bulls in Motion' Frame.webp,
Football/sparkstore/Michael Jordan 'Dunk of a Legend' Frame.webp,Football,Football,sparkstore,Michael Jordan 'Dunk of a Legend' Frame.webp,keep,no,copy,Football\sparkstore\Michael Jordan 'Dunk of a Legend' Frame.webp,
Football/sparkstore/Michael Jordan 'Elevate and Dominate' Frame.webp,Football,Football,sparkstore,Michael Jordan 'Elevate and Dominate' Frame.webp,keep,no,copy,Football\sparkstore\Michael Jordan 'Elevate and Dominate' Frame.webp,
Football/sparkstore/Michael Jordan 'Energy Explosion' Frame.webp,Football,Football,sparkstore,Michael Jordan 'Energy Explosion' Frame.webp,keep,no,copy,Football\sparkstore\Michael Jordan 'Energy Explosion' Frame.webp,
Football/sparkstore/Michael Jordan 'Flight of the Champion' Frame.webp,Football,Football,sparkstore,Michael Jordan 'Flight of the Champion' Frame.webp,keep,no,copy,Football\sparkstore\Michael Jordan 'Flight of the Champion' Frame.webp,
Football/sparkstore/Michael Jordan 'Just Do It' Frame.webp,Football,Football,sparkstore,Michael Jordan 'Just Do It' Frame.webp,keep,no,copy,Football\sparkstore\Michael Jordan 'Just Do It' Frame.webp,
Football/sparkstore/Michael Jordan 'Most Awarded' Frame.webp,Football,Football,sparkstore,Michael Jordan 'Most Awarded' Frame.webp,keep,no,copy,Football\sparkstore\Michael Jordan 'Most Awarded' Frame.webp,
Football/sparkstore/Michael Jordan 'Space Dunk' Frame.webp,Football,Football,sparkstore,Michael Jordan 'Space Dunk' Frame.webp,dismiss,no,copy,dismissed\Football\sparkstore\Michael Jordan 'Space Dunk' Frame.webp,
Football/sparkstore/Mindset 'Be The Hero' Frame.webp,Football,Football,sparkstore,Mindset 'Be The Hero' Frame.webp,keep,no,copy,Football\sparkstore\Mindset 'Be The Hero' Frame.webp,
Football/sparkstore/Mindset 'The Relentless Drive' Frame.webp,Football,Football,sparkstore,Mindset 'The Relentless Drive' Frame.webp,keep,no,copy,Football\sparkstore\Mindset 'The Relentless Drive' Frame.webp,
Football/sparkstore/Mindset 'Visionary Focus' Frame.webp,Football,Football,sparkstore,Mindset 'Visionary Focus' Frame.webp,keep,no,copy,Football\sparkstore\Mindset 'Visionary Focus' Frame.webp,
Football/sparkstore/Mohamed Salah 'Dynamic Red Tribute' Frame.webp,Football,Football,sparkstore,Mohamed Salah 'Dynamic Red Tribute' Frame.webp,keep,no,copy,Football\sparkstore\Mohamed Salah 'Dynamic Red Tribute' Frame.webp,
Football/sparkstore/Mohamed Salah 'Legendary Celebration' Frame.webp,Football,Football,sparkstore,Mohamed Salah 'Legendary Celebration' Frame.webp,keep,no,copy,Football\sparkstore\Mohamed Salah 'Legendary Celebration' Frame.webp,
Football/sparkstore/Mohamed Salah 'Red Glory' Frame.webp,Football,Football,sparkstore,Mohamed Salah 'Red Glory' Frame.webp,keep,no,copy,Football\sparkstore\Mohamed Salah 'Red Glory' Frame.webp,
Football/sparkstore/Mohamed Salah 'Rise of a Legend' Frame.webp,Football,Football,sparkstore,Mohamed Salah 'Rise of a Legend' Frame.webp,dismiss,no,copy,dismissed\Football\sparkstore\Mohamed Salah 'Rise of a Legend' Frame.webp,
Football/sparkstore/Mohamed Salah 'The Egyptian King' Frame.webp,Football,Football,sparkstore,Mohamed Salah 'The Egyptian King' Frame.webp,keep,no,copy,Football\sparkstore\Mohamed Salah 'The Egyptian King' Frame.webp,
Football/sparkstore/Mohamed Salah 'The Master of Celebration' Frame.webp,Football,Football,sparkstore,Mohamed Salah 'The Master of Celebration' Frame.webp,keep,no,copy,Football\sparkstore\Mohamed Salah 'The Master of Celebration' Frame.webp,
Football/sparkstore/Mohamed Salah 'The Pharaoh's Legacy' Frame.webp,Football,Football,sparkstore,Mohamed Salah 'The Pharaoh's Legacy' Frame.webp,keep,no,copy,Football\sparkstore\Mohamed Salah 'The Pharaoh's Legacy' Frame.webp,
Football/sparkstore/Mohamed Salah 'You Will Never Walk Alone' Frame.webp,Football,Football,sparkstore,Mohamed Salah 'You Will Never Walk Alone' Frame.webp,keep,no,copy,Football\sparkstore\Mohamed Salah 'You Will Never Walk Alone' Frame.webp,
Football/sparkstore/Monochrome 'Ascot Velocity' Frame.webp,Football,Football,sparkstore,Monochrome 'Ascot Velocity' Frame.webp,dismiss,no,copy,dismissed\Football\sparkstore\Monochrome 'Ascot Velocity' Frame.webp,
Football/sparkstore/Muhammad Ali 'Athlete of the Century' Frame.webp,Football,Football,sparkstore,Muhammad Ali 'Athlete of the Century' Frame.webp,keep,no,copy,Football\sparkstore\Muhammad Ali 'Athlete of the Century' Frame.webp,
Football/sparkstore/Muhammad Ali 'Be The Greatest' Frame.webp,Football,Football,sparkstore,Muhammad Ali 'Be The Greatest' Frame.webp,dismiss,no,copy,dismissed\Football\sparkstore\Muhammad Ali 'Be The Greatest' Frame.webp,
Football/sparkstore/Muhammad Ali 'Butterfly' Frame.webp,Football,Football,sparkstore,Muhammad Ali 'Butterfly' Frame.webp,dismiss,no,copy,dismissed\Football\sparkstore\Muhammad Ali 'Butterfly' Frame.webp,
Football/sparkstore/Muhammad Ali 'Historic KO' Frame.webp,Football,Football,sparkstore,Muhammad Ali 'Historic KO' Frame.webp,dismiss,no,copy,dismissed\Football\sparkstore\Muhammad Ali 'Historic KO' Frame.webp,
Football/sparkstore/Muhammad Ali 'History of the Greatest' Frame.webp,Football,Football,sparkstore,Muhammad Ali 'History of the Greatest' Frame.webp,dismiss,no,copy,dismissed\Football\sparkstore\Muhammad Ali 'History of the Greatest' Frame.webp,
Football/sparkstore/Muhammad Ali 'Legendary Knockout' Frame.webp,Football,Football,sparkstore,Muhammad Ali 'Legendary Knockout' Frame.webp,dismiss,no,copy,dismissed\Football\sparkstore\Muhammad Ali 'Legendary Knockout' Frame.webp,
Football/sparkstore/Muhammad Ali 'No Risk No Story' Frame.webp,Football,Football,sparkstore,Muhammad Ali 'No Risk No Story' Frame.webp,dismiss,no,copy,dismissed\Football\sparkstore\Muhammad Ali 'No Risk No Story' Frame.webp,
Football/sparkstore/Muhammad Ali 'The Greatest in Color' Frame.webp,Football,Football,sparkstore,Muhammad Ali 'The Greatest in Color' Frame.webp,dismiss,no,copy,dismissed\Football\sparkstore\Muhammad Ali 'The Greatest in Color' Frame.webp,
Football/sparkstore/Muhammad Ali 'The Greatest' Frame.webp,Football,Football,sparkstore,Muhammad Ali 'The Greatest' Frame.webp,dismiss,no,copy,dismissed\Football\sparkstore\Muhammad Ali 'The Greatest' Frame.webp,
Football/sparkstore/Neymar 'A Legacy in Yellow' Frame.webp,Football,Football,sparkstore,Neymar 'A Legacy in Yellow' Frame.webp,keep,no,copy,Football\sparkstore\Neymar 'A Legacy in Yellow' Frame.webp,
Football/sparkstore/Neymar 'Celebration of Triumph' Frame.webp,Football,Football,sparkstore,Neymar 'Celebration of Triumph' Frame.webp,dismiss,no,copy,dismissed\Football\sparkstore\Neymar 'Celebration of Triumph' Frame.webp,
Football/sparkstore/Neymar 'Star Power' Frame.webp,Football,Football,sparkstore,Neymar 'Star Power' Frame.webp,keep,no,copy,Football\sparkstore\Neymar 'Star Power' Frame.webp,
Football/sparkstore/Neymar 'Unstoppable Talent' Frame.webp,Football,Football,sparkstore,Neymar 'Unstoppable Talent' Frame.webp,keep,no,copy,Football\sparkstore\Neymar 'Unstoppable Talent' Frame.webp,
Football/sparkstore/Omar Marmoush 'Egyptian Excellence' Framed Poster.webp,Football,Football,sparkstore,Omar Marmoush 'Egyptian Excellence' Framed Poster.webp,keep,no,copy,Football\sparkstore\Omar Marmoush 'Egyptian Excellence' Framed Poster.webp,
Football/sparkstore/Omar Marmoush 'Egyptian Phenom' Framed Poster.webp,Football,Football,sparkstore,Omar Marmoush 'Egyptian Phenom' Framed Poster.webp,dismiss,no,copy,dismissed\Football\sparkstore\Omar Marmoush 'Egyptian Phenom' Framed Poster.webp,
Football/sparkstore/Omar Marmoush 'Fast & Fearless' Framed Poster.webp,Football,Football,sparkstore,Omar Marmoush 'Fast & Fearless' Framed Poster.webp,dismiss,no,copy,dismissed\Football\sparkstore\Omar Marmoush 'Fast & Fearless' Framed Poster.webp,
Football/sparkstore/Omar Marmoush 'Game Changer' Framed Poster.webp,Football,Football,sparkstore,Omar Marmoush 'Game Changer' Framed Poster.webp,keep,no,copy,Football\sparkstore\Omar Marmoush 'Game Changer' Framed Poster.webp,
Football/sparkstore/Omar Marmoush 'Marmoush on a Mission' Framed Poster.webp,Football,Football,sparkstore,Omar Marmoush 'Marmoush on a Mission' Framed Poster.webp,dismiss,no,copy,dismissed\Football\sparkstore\Omar Marmoush 'Marmoush on a Mission' Framed Poster.webp,
"Football/sparkstore/Omar Marmoush 'Power, Skill, Passion' Framed Poster.webp",Football,Football,sparkstore,"Omar Marmoush 'Power, Skill, Passion' Framed Poster.webp",dismiss,no,copy,"dismissed\Football\sparkstore\Omar Marmoush 'Power, Skill, Passion' Framed Poster.webp",
Football/sparkstore/Omar Marmoush 'Skill. Speed. Goals.' Framed Poster.webp,Football,Football,sparkstore,Omar Marmoush 'Skill. Speed. Goals.' Framed Poster.webp,dismiss,no,copy,dismissed\Football\sparkstore\Omar Marmoush 'Skill. Speed. Goals.' Framed Poster.webp,
Football/sparkstore/Omar Marmoush 'Unstoppable' Framed Poster.webp,Football,Football,sparkstore,Omar Marmoush 'Unstoppable' Framed Poster.webp,dismiss,no,copy,dismissed\Football\sparkstore\Omar Marmoush 'Unstoppable' Framed Poster.webp,
Football/sparkstore/Real Madrid 'Football Royalty' Frame.webp,Football,Football,sparkstore,Real Madrid 'Football Royalty' Frame.webp,keep,no,copy,Football\sparkstore\Real Madrid 'Football Royalty' Frame.webp,
Football/sparkstore/Real Madrid 'Grasping Victory' Frame.webp,Football,Football,sparkstore,Real Madrid 'Grasping Victory' Frame.webp,dismiss,no,copy,dismissed\Football\sparkstore\Real Madrid 'Grasping Victory' Frame.webp,
Football/sparkstore/Real Madrid 'Kings of the Pitch' Frame.webp,Football,Football,sparkstore,Real Madrid 'Kings of the Pitch' Frame.webp,dismiss,no,copy,dismissed\Football\sparkstore\Real Madrid 'Kings of the Pitch' Frame.webp,
Football/sparkstore/Real Madrid 'Los Blancos Legacy' Frame.webp,Football,Football,sparkstore,Real Madrid 'Los Blancos Legacy' Frame.webp,dismiss,no,copy,dismissed\Football\sparkstore\Real Madrid 'Los Blancos Legacy' Frame.webp,
Football/sparkstore/Real Madrid 'Madridista Pride' Frame.webp,Football,Football,sparkstore,Real Madrid 'Madridista Pride' Frame.webp,dismiss,no,copy,dismissed\Football\sparkstore\Real Madrid 'Madridista Pride' Frame.webp,
Football/sparkstore/Real Madrid 'Midnight Majesty' Frame.webp,Football,Football,sparkstore,Real Madrid 'Midnight Majesty' Frame.webp,dismiss,no,copy,dismissed\Football\sparkstore\Real Madrid 'Midnight Majesty' Frame.webp,
Football/sparkstore/Real Madrid 'Pure Passion' Frame.webp,Football,Football,sparkstore,Real Madrid 'Pure Passion' Frame.webp,keep,no,copy,Football\sparkstore\Real Madrid 'Pure Passion' Frame.webp,
Football/sparkstore/Real Madrid 'Royal Legacy' Frame.webp,Football,Football,sparkstore,Real Madrid 'Royal Legacy' Frame.webp,keep,no,copy,Football\sparkstore\Real Madrid 'Royal Legacy' Frame.webp,
Football/sparkstore/Real Madrid 'The Golden Crown' Frame.webp,Football,Football,sparkstore,Real Madrid 'The Golden Crown' Frame.webp,dismiss,no,copy,dismissed\Football\sparkstore\Real Madrid 'The Golden Crown' Frame.webp,
Football/sparkstore/Real Madrid 'The Heart of Madrid' Frame.webp,Football,Football,sparkstore,Real Madrid 'The Heart of Madrid' Frame.webp,dismiss,no,copy,dismissed\Football\sparkstore\Real Madrid 'The Heart of Madrid' Frame.webp,
Football/sparkstore/Rick & Morty 'Interdimensional Scream' Frame.webp,Football,Football,sparkstore,Rick & Morty 'Interdimensional Scream' Frame.webp,dismiss,no,copy,dismissed\Football\sparkstore\Rick & Morty 'Interdimensional Scream' Frame.webp,
Football/sparkstore/Rick & Morty 'Intergalactic Insanity' Frame.webp,Football,Football,sparkstore,Rick & Morty 'Intergalactic Insanity' Frame.webp,dismiss,no,copy,dismissed\Football\sparkstore\Rick & Morty 'Intergalactic Insanity' Frame.webp,
Football/sparkstore/Shikabala 'El Hareef' Frame.webp,Football,Football,sparkstore,Shikabala 'El Hareef' Frame.webp,keep,no,copy,Football\sparkstore\Shikabala 'El Hareef' Frame.webp,
Football/sparkstore/Skate 'Buying Happiness' Frame.webp,Football,Football,sparkstore,Skate 'Buying Happiness' Frame.webp,dismiss,no,copy,dismissed\Football\sparkstore\Skate 'Buying Happiness' Frame.webp,
Football/sparkstore/Skate 'Cool Kicks' Frame.webp,Football,Football,sparkstore,Skate 'Cool Kicks' Frame.webp,keep,no,copy,Football\sparkstore\Skate 'Cool Kicks' Frame.webp,
Football/sparkstore/Skate 'Proudly Annoying Pedestrians' Frame.webp,Football,Football,sparkstore,Skate 'Proudly Annoying Pedestrians' Frame.webp,dismiss,no,copy,dismissed\Football\sparkstore\Skate 'Proudly Annoying Pedestrians' Frame.webp,
Football/sparkstore/Skate 'Skate and Destroy' Frame.webp,Football,Football,sparkstore,Skate 'Skate and Destroy' Frame.webp,dismiss,no,copy,dismissed\Football\sparkstore\Skate 'Skate and Destroy' Frame.webp,
Football/sparkstore/Skate 'Skate or Die' Frame.webp,Football,Football,sparkstore,Skate 'Skate or Die' Frame.webp,dismiss,no,copy,dismissed\Football\sparkstore\Skate 'Skate or Die' Frame.webp,
Football/sparkstore/Skate 'Skate Park Superhero' Frame.webp,Football,Football,sparkstore,Skate 'Skate Park Superhero' Frame.webp,dismiss,no,copy,dismissed\Football\sparkstore\Skate 'Skate Park Superhero' Frame.webp,
Football/sparkstore/Skate 'Skater's Palette' Frame.webp,Football,Football,sparkstore,Skate 'Skater's Palette' Frame.webp,dismiss,no,copy,dismissed\Football\sparkstore\Skate 'Skater's Palette' Frame.webp,
Football/sparkstore/Skate 'Staircase Stunt' Frame.webp,Football,Football,sparkstore,Skate 'Staircase Stunt' Frame.webp,dismiss,no,copy,dismissed\Football\sparkstore\Skate 'Staircase Stunt' Frame.webp,
Football/sparkstore/Zamalek 'Champions of Heritage' Frame.webp,Football,Football,sparkstore,Zamalek 'Champions of Heritage' Frame.webp,dismiss,no,copy,dismissed\Football\sparkstore\Zamalek 'Champions of Heritage' Frame.webp,
Football/sparkstore/Zamalek 'Heart of Champions' Frame.webp,Football,Football,sparkstore,Zamalek 'Heart of Champions' Frame.webp,dismiss,no,copy,dismissed\Football\sparkstore\Zamalek 'Heart of Champions' Frame.webp,
Football/sparkstore/Zamalek 'Iconic Shield Design' Frame.webp,Football,Football,sparkstore,Zamalek 'Iconic Shield Design' Frame.webp,dismiss,no,copy,dismissed\Football\sparkstore\Zamalek 'Iconic Shield Design' Frame.webp,
Football/sparkstore/Zamalek 'Legendary Triumph' Frame.webp,Football,Football,sparkstore,Zamalek 'Legendary Triumph' Frame.webp,dismiss,no,copy,dismissed\Football\sparkstore\Zamalek 'Legendary Triumph' Frame.webp,
Formula 1/loudborders/F1 Frenzy.webp,Formula 1,Formula 1,loudborders,F1 Frenzy.webp,keep,no,copy,Formula 1\loudborders\F1 Frenzy.webp,
Formula 1/loudborders/Monaco Charge.webp,Formula 1,Formula 1,loudborders,Monaco Charge.webp,keep,no,copy,Formula 1\loudborders\Monaco Charge.webp,
Formula 1/printiteg/F1 Mcalren Frame.webp,Formula 1,Formula 1,printiteg,F1 Mcalren Frame.webp,dismiss,no,copy,dismissed\Formula 1\printiteg\F1 Mcalren Frame.webp,
Formula 1/sparkstore/F1 Framed Track 'Autodromo Carlos Pace'.webp,Formula 1,Formula 1,sparkstore,F1 Framed Track 'Autodromo Carlos Pace'.webp,dismiss,no,copy,dismissed\Formula 1\sparkstore\F1 Framed Track 'Autodromo Carlos Pace'.webp,
Formula 1/sparkstore/F1 Framed Track 'Miami'.webp,Formula 1,Formula 1,sparkstore,F1 Framed Track 'Miami'.webp,dismiss,no,copy,dismissed\Formula 1\sparkstore\F1 Framed Track 'Miami'.webp,
Formula 1/sparkstore/F1 Framed Track 'Monaco'.webp,Formula 1,Formula 1,sparkstore,F1 Framed Track 'Monaco'.webp,dismiss,no,copy,dismissed\Formula 1\sparkstore\F1 Framed Track 'Monaco'.webp,
Formula 1/sparkstore/F1 Framed Track 'Monza'.webp,Formula 1,Formula 1,sparkstore,F1 Framed Track 'Monza'.webp,dismiss,no,copy,dismissed\Formula 1\sparkstore\F1 Framed Track 'Monza'.webp,
Formula 1/sparkstore/F1 Framed Track 'Silverstone'.webp,Formula 1,Formula 1,sparkstore,F1 Framed Track 'Silverstone'.webp,dismiss,no,copy,dismissed\Formula 1\sparkstore\F1 Framed Track 'Silverstone'.webp,
Formula 1/sparkstore/F1 Framed Track 'Suzuka'.webp,Formula 1,Formula 1,sparkstore,F1 Framed Track 'Suzuka'.webp,dismiss,no,copy,dismissed\Formula 1\sparkstore\F1 Framed Track 'Suzuka'.webp,
Formula 1/sparkstore/F1 Framed Track 'Yas Marina'.webp,Formula 1,Formula 1,sparkstore,F1 Framed Track 'Yas Marina'.webp,dismiss,no,copy,dismissed\Formula 1\sparkstore\F1 Framed Track 'Yas Marina'.webp,
Formula 1/sparkstore/Formula 1 'Circuit de Monaco' Frame.webp,Formula 1,Formula 1,sparkstore,Formula 1 'Circuit de Monaco' Frame.webp,keep,no,copy,Formula 1\sparkstore\Formula 1 'Circuit de Monaco' Frame.webp,
Formula 1/sparkstore/Silverstone Circuit 'Racing Heritage' Frame.webp,Formula 1,Formula 1,sparkstore,Silverstone Circuit 'Racing Heritage' Frame.webp,keep,no,copy,Formula 1\sparkstore\Silverstone Circuit 'Racing Heritage' Frame.webp,
Formula 1/sparkstore/Yas Marina 'Circuit Heritage' Frame.webp,Formula 1,Formula 1,sparkstore,Yas Marina 'Circuit Heritage' Frame.webp,keep,no,copy,Formula 1\sparkstore\Yas Marina 'Circuit Heritage' Frame.webp,
Funny & Memes/frameium/Art-33.webp,Funny & Memes,Funny & Memes,frameium,Art-33.webp,keep,no,copy,Funny & Memes\frameium\Art-33.webp,
Funny & Memes/frameium/Batroom.webp,Funny & Memes,Funny & Memes,frameium,Batroom.webp,keep,no,copy,Funny & Memes\frameium\Batroom.webp,
Funny & Memes/loudborders/Brainstorm 247.webp,Funny & Memes,Funny & Memes,loudborders,Brainstorm 247.webp,keep,no,copy,Funny & Memes\loudborders\Brainstorm 247.webp,
Funny & Memes/loudborders/Checkout Chaos.webp,Funny & Memes,Funny & Memes,loudborders,Checkout Chaos.webp,keep,no,copy,Funny & Memes\loudborders\Checkout Chaos.webp,
Funny & Memes/loudborders/Currency Clash.webp,Funny & Memes,Funny & Memes,loudborders,Currency Clash.webp,keep,no,copy,Funny & Memes\loudborders\Currency Clash.webp,
Funny & Memes/loudborders/Emergency Caffeine.webp,Funny & Memes,Funny & Memes,loudborders,Emergency Caffeine.webp,keep,no,copy,Funny & Memes\loudborders\Emergency Caffeine.webp,
Funny & Memes/loudborders/Empty Shout.webp,Funny & Memes,Funny & Memes,loudborders,Empty Shout.webp,keep,no,copy,Funny & Memes\loudborders\Empty Shout.webp,
Funny & Memes/loudborders/Goodbye Button.webp,Funny & Memes,Funny & Memes,loudborders,Goodbye Button.webp,keep,no,copy,Funny & Memes\loudborders\Goodbye Button.webp,
Funny & Memes/loudborders/Hidden Typing.webp,Funny & Memes,Funny & Memes,loudborders,Hidden Typing.webp,keep,no,copy,Funny & Memes\loudborders\Hidden Typing.webp,
Funny & Memes/loudborders/Life's Crossroads.webp,Funny & Memes,Funny & Memes,loudborders,Life's Crossroads.webp,keep,no,copy,Funny & Memes\loudborders\Life's Crossroads.webp,
Funny & Memes/loudborders/Restricted Access.webp,Funny & Memes,Funny & Memes,loudborders,Restricted Access.webp,keep,no,copy,Funny & Memes\loudborders\Restricted Access.webp,
Funny & Memes/loudborders/Tall Vibes.webp,Funny & Memes,Funny & Memes,loudborders,Tall Vibes.webp,keep,no,copy,Funny & Memes\loudborders\Tall Vibes.webp,
Gaming/frameium/11.webp,Gaming,Gaming,frameium,11.webp,keep,no,copy,Gaming\frameium\11.webp,
Gaming/frameium/12.webp,Gaming,Gaming,frameium,12.webp,keep,no,copy,Gaming\frameium\12.webp,
Gaming/frameium/13.webp,Gaming,Gaming,frameium,13.webp,keep,no,copy,Gaming\frameium\13.webp,
Gaming/frameium/14.webp,Gaming,Gaming,frameium,14.webp,keep,no,copy,Gaming\frameium\14.webp,
Gaming/loudborders/8-Bit Control.webp,Gaming,Gaming,loudborders,8-Bit Control.webp,keep,no,copy,Gaming\loudborders\8-Bit Control.webp,
Gaming/loudborders/8-Bit Kingdom.webp,Gaming,Gaming,loudborders,8-Bit Kingdom.webp,keep,no,copy,Gaming\loudborders\8-Bit Kingdom.webp,
Gaming/loudborders/Armored Pop.webp,Gaming,Gaming,loudborders,Armored Pop.webp,keep,no,copy,Gaming\loudborders\Armored Pop.webp,
Gaming/loudborders/Battle Royale Chaos.webp,Gaming,Gaming,loudborders,Battle Royale Chaos.webp,keep,no,copy,Gaming\loudborders\Battle Royale Chaos.webp,
Gaming/loudborders/Biblioblocks.webp,Gaming,Gaming,loudborders,Biblioblocks.webp,keep,no,copy,Gaming\loudborders\Biblioblocks.webp,
Gaming/loudborders/Blackout Pull.webp,Gaming,Gaming,loudborders,Blackout Pull.webp,keep,no,copy,Gaming\loudborders\Blackout Pull.webp,
Gaming/loudborders/Broadcast the Burn.webp,Gaming,Gaming,loudborders,Broadcast the Burn.webp,keep,no,copy,Gaming\loudborders\Broadcast the Burn.webp,
Gaming/loudborders/Button Mash.webp,Gaming,Gaming,loudborders,Button Mash.webp,keep,no,copy,Gaming\loudborders\Button Mash.webp,
Gaming/loudborders/Canvas-Control.webp,Gaming,Gaming,loudborders,Canvas-Control.webp,keep,no,copy,Gaming\loudborders\Canvas-Control.webp,
Gaming/loudborders/Controller Evolution.webp,Gaming,Gaming,loudborders,Controller Evolution.webp,keep,no,copy,Gaming\loudborders\Controller Evolution.webp,
Gaming/loudborders/Couch Confessions.webp,Gaming,Gaming,loudborders,Couch Confessions.webp,keep,no,copy,Gaming\loudborders\Couch Confessions.webp,
Gaming/loudborders/Dark Detective.webp,Gaming,Gaming,loudborders,Dark Detective.webp,keep,no,copy,Gaming\loudborders\Dark Detective.webp,
Gaming/loudborders/Gaming Headquarters.webp,Gaming,Gaming,loudborders,Gaming Headquarters.webp,keep,no,copy,Gaming\loudborders\Gaming Headquarters.webp,
Gaming/loudborders/Gamma Rage.webp,Gaming,Gaming,loudborders,Gamma Rage.webp,keep,no,copy,Gaming\loudborders\Gamma Rage.webp,
Gaming/loudborders/Ghost of the Grid.webp,Gaming,Gaming,loudborders,Ghost of the Grid.webp,keep,no,copy,Gaming\loudborders\Ghost of the Grid.webp,
Gaming/loudborders/Hero’s Burden.webp,Gaming,Gaming,loudborders,Hero’s Burden.webp,keep,no,copy,Gaming\loudborders\Hero’s Burden.webp,
Gaming/loudborders/Inferno-Guard.webp,Gaming,Gaming,loudborders,Inferno-Guard.webp,keep,no,copy,Gaming\loudborders\Inferno-Guard.webp,
Gaming/loudborders/Insert Coin to Chaos.webp,Gaming,Gaming,loudborders,Insert Coin to Chaos.webp,keep,no,copy,Gaming\loudborders\Insert Coin to Chaos.webp,
Gaming/loudborders/Jellyverse Uprising.webp,Gaming,Gaming,loudborders,Jellyverse Uprising.webp,keep,no,copy,Gaming\loudborders\Jellyverse Uprising.webp,
Gaming/loudborders/Knightfall.webp,Gaming,Gaming,loudborders,Knightfall.webp,keep,no,copy,Gaming\loudborders\Knightfall.webp,
Gaming/loudborders/Lightning Lane.webp,Gaming,Gaming,loudborders,Lightning Lane.webp,keep,no,copy,Gaming\loudborders\Lightning Lane.webp,
Gaming/loudborders/Lucille’s Shadow.webp,Gaming,Gaming,loudborders,Lucille’s Shadow.webp,keep,no,copy,Gaming\loudborders\Lucille’s Shadow.webp,
Gaming/loudborders/Luffy Uncrowned.webp,Gaming,Gaming,loudborders,Luffy Uncrowned.webp,keep,no,copy,Gaming\loudborders\Luffy Uncrowned.webp,
Gaming/loudborders/Mickey’s Haul.webp,Gaming,Gaming,loudborders,Mickey’s Haul.webp,keep,no,copy,Gaming\loudborders\Mickey’s Haul.webp,
Gaming/loudborders/Minaret Mode.webp,Gaming,Gaming,loudborders,Minaret Mode.webp,keep,no,copy,Gaming\loudborders\Minaret Mode.webp,
Gaming/loudborders/Neko Samurai.webp,Gaming,Gaming,loudborders,Neko Samurai.webp,keep,no,copy,Gaming\loudborders\Neko Samurai.webp,
Gaming/loudborders/Neon Arcade.webp,Gaming,Gaming,loudborders,Neon Arcade.webp,keep,no,copy,Gaming\loudborders\Neon Arcade.webp,
Gaming/loudborders/No Pause Zone.webp,Gaming,Gaming,loudborders,No Pause Zone.webp,keep,no,copy,Gaming\loudborders\No Pause Zone.webp,
Gaming/loudborders/Old School Gamer.webp,Gaming,Gaming,loudborders,Old School Gamer.webp,keep,no,copy,Gaming\loudborders\Old School Gamer.webp,
Gaming/loudborders/Pixel Endgame.webp,Gaming,Gaming,loudborders,Pixel Endgame.webp,keep,no,copy,Gaming\loudborders\Pixel Endgame.webp,
Gaming/loudborders/Pixel Invasion.webp,Gaming,Gaming,loudborders,Pixel Invasion.webp,keep,no,copy,Gaming\loudborders\Pixel Invasion.webp,
Gaming/loudborders/Pixel Nostalgia.webp,Gaming,Gaming,loudborders,Pixel Nostalgia.webp,keep,no,copy,Gaming\loudborders\Pixel Nostalgia.webp,
Gaming/loudborders/Pixel-Drift.webp,Gaming,Gaming,loudborders,Pixel-Drift.webp,keep,no,copy,Gaming\loudborders\Pixel-Drift.webp,
Gaming/loudborders/Pizza & Pixels.webp,Gaming,Gaming,loudborders,Pizza & Pixels.webp,keep,no,copy,Gaming\loudborders\Pizza & Pixels.webp,
Gaming/loudborders/Roll the Odds.webp,Gaming,Gaming,loudborders,Roll the Odds.webp,keep,no,copy,Gaming\loudborders\Roll the Odds.webp,
Gaming/loudborders/Shadow Swing.webp,Gaming,Gaming,loudborders,Shadow Swing.webp,keep,no,copy,Gaming\loudborders\Shadow Swing.webp,
Gaming/loudborders/Shadow Web.webp,Gaming,Gaming,loudborders,Shadow Web.webp,keep,no,copy,Gaming\loudborders\Shadow Web.webp,
Gaming/loudborders/Shelby Smoke.webp,Gaming,Gaming,loudborders,Shelby Smoke.webp,keep,no,copy,Gaming\loudborders\Shelby Smoke.webp,
Gaming/loudborders/Sinister Gaze.webp,Gaming,Gaming,loudborders,Sinister Gaze.webp,keep,no,copy,Gaming\loudborders\Sinister Gaze.webp,
Gaming/loudborders/Skull Doctrine.webp,Gaming,Gaming,loudborders,Skull Doctrine.webp,keep,no,copy,Gaming\loudborders\Skull Doctrine.webp,
Gaming/loudborders/Snoop Luxe.webp,Gaming,Gaming,loudborders,Snoop Luxe.webp,keep,no,copy,Gaming\loudborders\Snoop Luxe.webp,
Gaming/loudborders/Splash-Play.webp,Gaming,Gaming,loudborders,Splash-Play.webp,keep,no,copy,Gaming\loudborders\Splash-Play.webp,
Gaming/loudborders/Squid Order.webp,Gaming,Gaming,loudborders,Squid Order.webp,keep,no,copy,Gaming\loudborders\Squid Order.webp,
Gaming/loudborders/Street Monk.webp,Gaming,Gaming,loudborders,Street Monk.webp,keep,no,copy,Gaming\loudborders\Street Monk.webp,
Gaming/sparkstore/Call of Duty 'Ghost's Crimson Specter' Frame.webp,Gaming,Gaming,sparkstore,Call of Duty 'Ghost's Crimson Specter' Frame.webp,keep,no,copy,Gaming\sparkstore\Call of Duty 'Ghost's Crimson Specter' Frame.webp,
Gaming/sparkstore/Call of Duty 'Ghost's Oath' Frame.webp,Gaming,Gaming,sparkstore,Call of Duty 'Ghost's Oath' Frame.webp,dismiss,no,copy,dismissed\Gaming\sparkstore\Call of Duty 'Ghost's Oath' Frame.webp,
Gaming/sparkstore/Fortnite 'Chaos at the Nexus' Frame.webp,Gaming,Gaming,sparkstore,Fortnite 'Chaos at the Nexus' Frame.webp,dismiss,no,copy,dismissed\Gaming\sparkstore\Fortnite 'Chaos at the Nexus' Frame.webp,
Gaming/sparkstore/Fortnite 'Phantom Fighter' Frame.webp,Gaming,Gaming,sparkstore,Fortnite 'Phantom Fighter' Frame.webp,dismiss,no,copy,dismissed\Gaming\sparkstore\Fortnite 'Phantom Fighter' Frame.webp,
Gaming/sparkstore/God of War 'Epic Battle' Frame.webp,Gaming,Gaming,sparkstore,God of War 'Epic Battle' Frame.webp,dismiss,no,copy,dismissed\Gaming\sparkstore\God of War 'Epic Battle' Frame.webp,
Gaming/sparkstore/God of War 'Spartan Fury' Frame.webp,Gaming,Gaming,sparkstore,God of War 'Spartan Fury' Frame.webp,keep,no,copy,Gaming\sparkstore\God of War 'Spartan Fury' Frame.webp,
Gaming/sparkstore/GTA 'Rockstar' Frame.webp,Gaming,Gaming,sparkstore,GTA 'Rockstar' Frame.webp,dismiss,no,copy,dismissed\Gaming\sparkstore\GTA 'Rockstar' Frame.webp,
Gaming/sparkstore/League of Legends Akali 'Neon Rebel' Frame.webp,Gaming,Gaming,sparkstore,League of Legends Akali 'Neon Rebel' Frame.webp,dismiss,no,copy,dismissed\Gaming\sparkstore\League of Legends Akali 'Neon Rebel' Frame.webp,
Gaming/sparkstore/League of Legends Akali 'Veiled in the Wild' Frame.webp,Gaming,Gaming,sparkstore,League of Legends Akali 'Veiled in the Wild' Frame.webp,dismiss,no,copy,dismissed\Gaming\sparkstore\League of Legends Akali 'Veiled in the Wild' Frame.webp,
Gaming/sparkstore/League of Legends Akali 'Windborne Watcher' Frame.webp,Gaming,Gaming,sparkstore,League of Legends Akali 'Windborne Watcher' Frame.webp,dismiss,no,copy,dismissed\Gaming\sparkstore\League of Legends Akali 'Windborne Watcher' Frame.webp,
Gaming/sparkstore/League of Legends Ekko 'Digital Soul' Frame.webp,Gaming,Gaming,sparkstore,League of Legends Ekko 'Digital Soul' Frame.webp,dismiss,no,copy,dismissed\Gaming\sparkstore\League of Legends Ekko 'Digital Soul' Frame.webp,
Gaming/sparkstore/League of Legends Ekko 'True Damage' Frame.webp,Gaming,Gaming,sparkstore,League of Legends Ekko 'True Damage' Frame.webp,dismiss,no,copy,dismissed\Gaming\sparkstore\League of Legends Ekko 'True Damage' Frame.webp,
Gaming/sparkstore/League of Legends Lee Sin 'Airborne Assault' Frame.webp,Gaming,Gaming,sparkstore,League of Legends Lee Sin 'Airborne Assault' Frame.webp,dismiss,no,copy,dismissed\Gaming\sparkstore\League of Legends Lee Sin 'Airborne Assault' Frame.webp,
Gaming/sparkstore/League of Legends Lee Sin 'The Blind Monk' Frame.webp,Gaming,Gaming,sparkstore,League of Legends Lee Sin 'The Blind Monk' Frame.webp,dismiss,no,copy,dismissed\Gaming\sparkstore\League of Legends Lee Sin 'The Blind Monk' Frame.webp,
Gaming/sparkstore/League of Legends Vi 'Techno Rebel' Frame.webp,Gaming,Gaming,sparkstore,League of Legends Vi 'Techno Rebel' Frame.webp,dismiss,no,copy,dismissed\Gaming\sparkstore\League of Legends Vi 'Techno Rebel' Frame.webp,
Gaming/sparkstore/League of Legends Yasuo 'Martial Prowess' Frame.webp,Gaming,Gaming,sparkstore,League of Legends Yasuo 'Martial Prowess' Frame.webp,dismiss,no,copy,dismissed\Gaming\sparkstore\League of Legends Yasuo 'Martial Prowess' Frame.webp,
Gaming/sparkstore/League of Legends Yasuo 'Will to Conquer' Frame.webp,Gaming,Gaming,sparkstore,League of Legends Yasuo 'Will to Conquer' Frame.webp,dismiss,no,copy,dismissed\Gaming\sparkstore\League of Legends Yasuo 'Will to Conquer' Frame.webp,
Gaming/sparkstore/The Last of Us 'Ellie' Frame.webp,Gaming,Gaming,sparkstore,The Last of Us 'Ellie' Frame.webp,dismiss,no,copy,dismissed\Gaming\sparkstore\The Last of Us 'Ellie' Frame.webp,
Gaming/sparkstore/The Last of Us 'Spear' Frame.webp,Gaming,Gaming,sparkstore,The Last of Us 'Spear' Frame.webp,dismiss,no,copy,dismissed\Gaming\sparkstore\The Last of Us 'Spear' Frame.webp,
Motivational/frameium/1.webp,Motivational,Motivational,frameium,1.webp,dismiss,no,copy,dismissed\Motivational\frameium\1.webp,
Motivational/frameium/2.webp,Motivational,Motivational,frameium,2.webp,dismiss,no,copy,dismissed\Motivational\frameium\2.webp,
Motivational/frameium/3.webp,Motivational,Motivational,frameium,3.webp,dismiss,no,copy,dismissed\Motivational\frameium\3.webp,
Motivational/frameium/4.webp,Motivational,Motivational,frameium,4.webp,dismiss,no,copy,dismissed\Motivational\frameium\4.webp,
Motivational/frameium/5.webp,Motivational,Motivational,frameium,5.webp,keep,no,copy,Motivational\frameium\5.webp,
Motivational/frameium/6.webp,Motivational,Motivational,frameium,6.webp,keep,no,copy,Motivational\frameium\6.webp,
Motivational/frameium/7.webp,Motivational,Motivational,frameium,7.webp,dismiss,no,copy,dismissed\Motivational\frameium\7.webp,
Motivational/frameium/8.webp,Motivational,Motivational,frameium,8.webp,dismiss,no,copy,dismissed\Motivational\frameium\8.webp,
Motivational/frameium/9.webp,Motivational,Motivational,frameium,9.webp,dismiss,no,copy,dismissed\Motivational\frameium\9.webp,
Motivational/frameium/10.webp,Motivational,Motivational,frameium,10.webp,keep,no,copy,Motivational\frameium\10.webp,
Motivational/frameium/15.webp,Motivational,Motivational,frameium,15.webp,keep,no,copy,Motivational\frameium\15.webp,
Motivational/frameium/16.webp,Motivational,Motivational,frameium,16.webp,keep,no,copy,Motivational\frameium\16.webp,
Motivational/frameium/17.webp,Motivational,Motivational,frameium,17.webp,keep,no,copy,Motivational\frameium\17.webp,
Motivational/frameium/FCK WHAT THEY THINK.webp,Motivational,Motivational,frameium,FCK WHAT THEY THINK.webp,keep,no,copy,Motivational\frameium\FCK WHAT THEY THINK.webp,
Motivational/frameium/Islamic-4.webp,Motivational,Motivational,frameium,Islamic-4.webp,keep,no,copy,Motivational\frameium\Islamic-4.webp,
Motivational/frameium/Islamic-5.webp,Motivational,Motivational,frameium,Islamic-5.webp,keep,no,copy,Motivational\frameium\Islamic-5.webp,
Motivational/frameium/Islamic-6.webp,Motivational,Motivational,frameium,Islamic-6.webp,keep,no,copy,Motivational\frameium\Islamic-6.webp,
Motivational/frameium/Islamic-7.webp,Motivational,Motivational,frameium,Islamic-7.webp,keep,no,copy,Motivational\frameium\Islamic-7.webp,
Motivational/frameium/Islamic-8.webp,Motivational,Motivational,frameium,Islamic-8.webp,keep,no,copy,Motivational\frameium\Islamic-8.webp,
Motivational/frameium/Islamic-9.webp,Motivational,Motivational,frameium,Islamic-9.webp,keep,no,copy,Motivational\frameium\Islamic-9.webp,
Motivational/frameium/Islamic-10.webp,Motivational,Motivational,frameium,Islamic-10.webp,keep,no,copy,Motivational\frameium\Islamic-10.webp,
Motivational/frameium/Islamic-11.webp,Motivational,Motivational,frameium,Islamic-11.webp,keep,no,copy,Motivational\frameium\Islamic-11.webp,
Motivational/frameium/Life Isn't Perfect.webp,Motivational,Motivational,frameium,Life Isn't Perfect.webp,keep,no,copy,Motivational\frameium\Life Isn't Perfect.webp,
Motivational/frameium/Money-1.webp,Motivational,Motivational,frameium,Money-1.webp,keep,no,copy,Motivational\frameium\Money-1.webp,
Motivational/frameium/Money-3.webp,Motivational,Motivational,frameium,Money-3.webp,keep,no,copy,Motivational\frameium\Money-3.webp,
Motivational/frameium/Money-4.webp,Motivational,Motivational,frameium,Money-4.webp,keep,no,copy,Motivational\frameium\Money-4.webp,
Motivational/frameium/Money-5.webp,Motivational,Motivational,frameium,Money-5.webp,keep,no,copy,Motivational\frameium\Money-5.webp,
Motivational/frameium/Money-7.webp,Motivational,Motivational,frameium,Money-7.webp,keep,no,copy,Motivational\frameium\Money-7.webp,
Motivational/frameium/Money-8.webp,Motivational,Motivational,frameium,Money-8.webp,keep,no,copy,Motivational\frameium\Money-8.webp,
Motivational/frameium/Money-9.webp,Motivational,Motivational,frameium,Money-9.webp,dismiss,no,copy,dismissed\Motivational\frameium\Money-9.webp,
Motivational/frameium/Money.webp,Motivational,Motivational,frameium,Money.webp,keep,no,copy,Motivational\frameium\Money.webp,
Motivational/frameium/quotes-1.webp,Motivational,Motivational,frameium,quotes-1.webp,keep,no,copy,Motivational\frameium\quotes-1.webp,
Motivational/frameium/quotes-2.webp,Motivational,Motivational,frameium,quotes-2.webp,keep,no,copy,Motivational\frameium\quotes-2.webp,
Motivational/frameium/quotes-6.webp,Motivational,Motivational,frameium,quotes-6.webp,keep,no,copy,Motivational\frameium\quotes-6.webp,
Motivational/frameium/quotes-15.webp,Motivational,Motivational,frameium,quotes-15.webp,keep,no,copy,Motivational\frameium\quotes-15.webp,
Motivational/frameium/quotes-17.webp,Motivational,Motivational,frameium,quotes-17.webp,keep,no,copy,Motivational\frameium\quotes-17.webp,
Motivational/loudborders/Actfirst.webp,Motivational,Motivational,loudborders,Actfirst.webp,keep,no,copy,Motivational\loudborders\Actfirst.webp,
Motivational/loudborders/Action Over Words.webp,Motivational,Motivational,loudborders,Action Over Words.webp,keep,no,copy,Motivational\loudborders\Action Over Words.webp,
Motivational/loudborders/After Hardship.webp,Motivational,Motivational,loudborders,After Hardship.webp,keep,no,copy,Motivational\loudborders\After Hardship.webp,
Motivational/loudborders/Almighty Verse.webp,Motivational,Motivational,loudborders,Almighty Verse.webp,keep,no,copy,Motivational\loudborders\Almighty Verse.webp,
Motivational/loudborders/Are You WiFi.webp,Motivational,Motivational,loudborders,Are You WiFi.webp,keep,no,copy,Motivational\loudborders\Are You WiFi.webp,
Motivational/loudborders/Baseera [AR].webp,Motivational,Motivational,loudborders,Baseera [AR].webp,keep,no,copy,Motivational\loudborders\Baseera [AR].webp,
Motivational/loudborders/Be Authentic.webp,Motivational,Motivational,loudborders,Be Authentic.webp,keep,no,copy,Motivational\loudborders\Be Authentic.webp,
Motivational/loudborders/Be Different.webp,Motivational,Motivational,loudborders,Be Different.webp,keep,no,copy,Motivational\loudborders\Be Different.webp,
Motivational/loudborders/Beyond Comfort.webp,Motivational,Motivational,loudborders,Beyond Comfort.webp,keep,no,copy,Motivational\loudborders\Beyond Comfort.webp,
Motivational/loudborders/Beyond the Box.webp,Motivational,Motivational,loudborders,Beyond the Box.webp,keep,no,copy,Motivational\loudborders\Beyond the Box.webp,
Motivational/loudborders/Blah Overload.webp,Motivational,Motivational,loudborders,Blah Overload.webp,keep,no,copy,Motivational\loudborders\Blah Overload.webp,
Motivational/loudborders/Bling Buddies.webp,Motivational,Motivational,loudborders,Bling Buddies.webp,keep,no,copy,Motivational\loudborders\Bling Buddies.webp,
Motivational/loudborders/Blur the Noise.webp,Motivational,Motivational,loudborders,Blur the Noise.webp,keep,no,copy,Motivational\loudborders\Blur the Noise.webp,
Motivational/loudborders/Bold Love.webp,Motivational,Motivational,loudborders,Bold Love.webp,keep,no,copy,Motivational\loudborders\Bold Love.webp,
Motivational/loudborders/Bold Stroke [AR].webp,Motivational,Motivational,loudborders,Bold Stroke [AR].webp,keep,no,copy,Motivational\loudborders\Bold Stroke [AR].webp,
Motivational/loudborders/Break the First Barrier.webp,Motivational,Motivational,loudborders,Break the First Barrier.webp,keep,no,copy,Motivational\loudborders\Break the First Barrier.webp,
Motivational/loudborders/Breaking Free.webp,Motivational,Motivational,loudborders,Breaking Free.webp,keep,no,copy,Motivational\loudborders\Breaking Free.webp,
Motivational/loudborders/Bright Sparks.webp,Motivational,Motivational,loudborders,Bright Sparks.webp,keep,no,copy,Motivational\loudborders\Bright Sparks.webp,
Motivational/loudborders/Bugs’ Hustle.webp,Motivational,Motivational,loudborders,Bugs’ Hustle.webp,keep,no,copy,Motivational\loudborders\Bugs’ Hustle.webp,
Motivational/loudborders/Build-Rise.webp,Motivational,Motivational,loudborders,Build-Rise.webp,keep,no,copy,Motivational\loudborders\Build-Rise.webp,
Motivational/loudborders/Chaos Call.webp,Motivational,Motivational,loudborders,Chaos Call.webp,keep,no,copy,Motivational\loudborders\Chaos Call.webp,
Motivational/loudborders/Choose the Right Path.webp,Motivational,Motivational,loudborders,Choose the Right Path.webp,keep,no,copy,Motivational\loudborders\Choose the Right Path.webp,
Motivational/loudborders/Closet Manifesto.webp,Motivational,Motivational,loudborders,Closet Manifesto.webp,keep,no,copy,Motivational\loudborders\Closet Manifesto.webp,
Motivational/loudborders/Commitment 247365.webp,Motivational,Motivational,loudborders,Commitment 247365.webp,keep,no,copy,Motivational\loudborders\Commitment 247365.webp,
Motivational/loudborders/Courageous Heights.webp,Motivational,Motivational,loudborders,Courageous Heights.webp,keep,no,copy,Motivational\loudborders\Courageous Heights.webp,
Motivational/loudborders/Crimson Grace [AR].webp,Motivational,Motivational,loudborders,Crimson Grace [AR].webp,keep,no,copy,Motivational\loudborders\Crimson Grace [AR].webp,
Motivational/loudborders/Crypto Diggers.webp,Motivational,Motivational,loudborders,Crypto Diggers.webp,keep,no,copy,Motivational\loudborders\Crypto Diggers.webp,
Motivational/loudborders/Daily Affirmations.webp,Motivational,Motivational,loudborders,Daily Affirmations.webp,keep,no,copy,Motivational\loudborders\Daily Affirmations.webp,
Motivational/loudborders/Diamond Mind.webp,Motivational,Motivational,loudborders,Diamond Mind.webp,keep,no,copy,Motivational\loudborders\Diamond Mind.webp,
Motivational/loudborders/Discipline Curve.webp,Motivational,Motivational,loudborders,Discipline Curve.webp,keep,no,copy,Motivational\loudborders\Discipline Curve.webp,
Motivational/loudborders/Divine Wisdom.webp,Motivational,Motivational,loudborders,Divine Wisdom.webp,keep,no,copy,Motivational\loudborders\Divine Wisdom.webp,
Motivational/loudborders/Do It Now.webp,Motivational,Motivational,loudborders,Do It Now.webp,keep,no,copy,Motivational\loudborders\Do It Now.webp,
Motivational/loudborders/Do Today.webp,Motivational,Motivational,loudborders,Do Today.webp,keep,no,copy,Motivational\loudborders\Do Today.webp,
Motivational/loudborders/Doable Dreams.webp,Motivational,Motivational,loudborders,Doable Dreams.webp,keep,no,copy,Motivational\loudborders\Doable Dreams.webp,
Motivational/loudborders/Don't Give Up.webp,Motivational,Motivational,loudborders,Don't Give Up.webp,keep,no,copy,Motivational\loudborders\Don't Give Up.webp,
Motivational/loudborders/Don't Look Back.webp,Motivational,Motivational,loudborders,Don't Look Back.webp,keep,no,copy,Motivational\loudborders\Don't Look Back.webp,
Motivational/loudborders/Don't Stop.webp,Motivational,Motivational,loudborders,Don't Stop.webp,keep,no,copy,Motivational\loudborders\Don't Stop.webp,
Motivational/loudborders/Don’t Be.webp,Motivational,Motivational,loudborders,Don’t Be.webp,keep,no,copy,Motivational\loudborders\Don’t Be.webp,
Motivational/loudborders/Dream-Lanes.webp,Motivational,Motivational,loudborders,Dream-Lanes.webp,keep,no,copy,Motivational\loudborders\Dream-Lanes.webp,
Motivational/loudborders/Dreamcall.webp,Motivational,Motivational,loudborders,Dreamcall.webp,keep,no,copy,Motivational\loudborders\Dreamcall.webp,
Motivational/loudborders/Duality.webp,Motivational,Motivational,loudborders,Duality.webp,keep,no,copy,Motivational\loudborders\Duality.webp,
Motivational/loudborders/Earn Your Comfort.webp,Motivational,Motivational,loudborders,Earn Your Comfort.webp,keep,no,copy,Motivational\loudborders\Earn Your Comfort.webp,
Motivational/loudborders/Echoes of Letters [AR].webp,Motivational,Motivational,loudborders,Echoes of Letters [AR].webp,keep,no,copy,Motivational\loudborders\Echoes of Letters [AR].webp,
Motivational/loudborders/Echoes of Wisdom [AR].webp,Motivational,Motivational,loudborders,Echoes of Wisdom [AR].webp,keep,no,copy,Motivational\loudborders\Echoes of Wisdom [AR].webp,
Motivational/loudborders/Effort and Rewards [AR].webp,Motivational,Motivational,loudborders,Effort and Rewards [AR].webp,keep,no,copy,Motivational\loudborders\Effort and Rewards [AR].webp,
Motivational/loudborders/Effort Meets Strategy.webp,Motivational,Motivational,loudborders,Effort Meets Strategy.webp,keep,no,copy,Motivational\loudborders\Effort Meets Strategy.webp,
Motivational/loudborders/Elevate Mindset.webp,Motivational,Motivational,loudborders,Elevate Mindset.webp,keep,no,copy,Motivational\loudborders\Elevate Mindset.webp,
Motivational/loudborders/Fail Forward.webp,Motivational,Motivational,loudborders,Fail Forward.webp,keep,no,copy,Motivational\loudborders\Fail Forward.webp,
Motivational/loudborders/Fair Ground.webp,Motivational,Motivational,loudborders,Fair Ground.webp,keep,no,copy,Motivational\loudborders\Fair Ground.webp,
Motivational/loudborders/Fear Drive.webp,Motivational,Motivational,loudborders,Fear Drive.webp,keep,no,copy,Motivational\loudborders\Fear Drive.webp,
Motivational/loudborders/Fearless Frenzy.webp,Motivational,Motivational,loudborders,Fearless Frenzy.webp,keep,no,copy,Motivational\loudborders\Fearless Frenzy.webp,
Motivational/loudborders/Femme Force.webp,Motivational,Motivational,loudborders,Femme Force.webp,keep,no,copy,Motivational\loudborders\Femme Force.webp,
Motivational/loudborders/Fix Within [AR].webp,Motivational,Motivational,loudborders,Fix Within [AR].webp,keep,no,copy,Motivational\loudborders\Fix Within [AR].webp,
Motivational/loudborders/Flirty Check.webp,Motivational,Motivational,loudborders,Flirty Check.webp,keep,no,copy,Motivational\loudborders\Flirty Check.webp,
Motivational/loudborders/Focus & Flourish.webp,Motivational,Motivational,loudborders,Focus & Flourish.webp,keep,no,copy,Motivational\loudborders\Focus & Flourish.webp,
Motivational/loudborders/Fries Over Fitness.webp,Motivational,Motivational,loudborders,Fries Over Fitness.webp,keep,no,copy,Motivational\loudborders\Fries Over Fitness.webp,
Motivational/loudborders/Funflow.webp,Motivational,Motivational,loudborders,Funflow.webp,keep,no,copy,Motivational\loudborders\Funflow.webp,
Motivational/loudborders/Game-Glow.webp,Motivational,Motivational,loudborders,Game-Glow.webp,dismiss,no,copy,dismissed\Motivational\loudborders\Game-Glow.webp,
Motivational/loudborders/Gamer's Paradise.webp,Motivational,Motivational,loudborders,Gamer's Paradise.webp,keep,no,copy,Motivational\loudborders\Gamer's Paradise.webp,
Motivational/loudborders/Gilded Grenade.webp,Motivational,Motivational,loudborders,Gilded Grenade.webp,keep,no,copy,Motivational\loudborders\Gilded Grenade.webp,
Motivational/loudborders/Giving Boundaries.webp,Motivational,Motivational,loudborders,Giving Boundaries.webp,keep,no,copy,Motivational\loudborders\Giving Boundaries.webp,
Motivational/loudborders/Goalpath.webp,Motivational,Motivational,loudborders,Goalpath.webp,keep,no,copy,Motivational\loudborders\Goalpath.webp,
Motivational/loudborders/Graffiti Cheer.webp,Motivational,Motivational,loudborders,Graffiti Cheer.webp,keep,no,copy,Motivational\loudborders\Graffiti Cheer.webp,
Motivational/loudborders/Great Things Take Time!.webp,Motivational,Motivational,loudborders,Great Things Take Time!.webp,keep,no,copy,Motivational\loudborders\Great Things Take Time!.webp,
Motivational/loudborders/Habit Growth.webp,Motivational,Motivational,loudborders,Habit Growth.webp,keep,no,copy,Motivational\loudborders\Habit Growth.webp,
Motivational/loudborders/Hal Min Sa'il Fa-U'teeh.webp,Motivational,Motivational,loudborders,Hal Min Sa'il Fa-U'teeh.webp,keep,no,copy,Motivational\loudborders\Hal Min Sa'il Fa-U'teeh.webp,
Motivational/loudborders/Heartbeat 888.webp,Motivational,Motivational,loudborders,Heartbeat 888.webp,keep,no,copy,Motivational\loudborders\Heartbeat 888.webp,
Motivational/loudborders/Heavenly Shelter.webp,Motivational,Motivational,loudborders,Heavenly Shelter.webp,keep,no,copy,Motivational\loudborders\Heavenly Shelter.webp,
Motivational/loudborders/Hidden Balance.webp,Motivational,Motivational,loudborders,Hidden Balance.webp,keep,no,copy,Motivational\loudborders\Hidden Balance.webp,
Motivational/loudborders/Humble Prayer [AR].webp,Motivational,Motivational,loudborders,Humble Prayer [AR].webp,keep,no,copy,Motivational\loudborders\Humble Prayer [AR].webp,
Motivational/loudborders/Hus.tle.webp,Motivational,Motivational,loudborders,Hus.tle.webp,keep,no,copy,Motivational\loudborders\Hus.tle.webp,
Motivational/loudborders/Iconic Pages.webp,Motivational,Motivational,loudborders,Iconic Pages.webp,keep,no,copy,Motivational\loudborders\Iconic Pages.webp,
Motivational/loudborders/Instant Success Myth.webp,Motivational,Motivational,loudborders,Instant Success Myth.webp,keep,no,copy,Motivational\loudborders\Instant Success Myth.webp,
Motivational/loudborders/Introvert Power.webp,Motivational,Motivational,loudborders,Introvert Power.webp,keep,no,copy,Motivational\loudborders\Introvert Power.webp,
Motivational/loudborders/Inverted Perfection.webp,Motivational,Motivational,loudborders,Inverted Perfection.webp,dismiss,no,copy,dismissed\Motivational\loudborders\Inverted Perfection.webp,
Motivational/loudborders/Just Be Yourself.webp,Motivational,Motivational,loudborders,Just Be Yourself.webp,keep,no,copy,Motivational\loudborders\Just Be Yourself.webp,
Motivational/loudborders/Later Kills.webp,Motivational,Motivational,loudborders,Later Kills.webp,keep,no,copy,Motivational\loudborders\Later Kills.webp,
Motivational/loudborders/Life in Frames.webp,Motivational,Motivational,loudborders,Life in Frames.webp,keep,no,copy,Motivational\loudborders\Life in Frames.webp,
Motivational/loudborders/Limitless Bloom.webp,Motivational,Motivational,loudborders,Limitless Bloom.webp,keep,no,copy,Motivational\loudborders\Limitless Bloom.webp,
Motivational/loudborders/Limitless You.webp,Motivational,Motivational,loudborders,Limitless You.webp,keep,no,copy,Motivational\loudborders\Limitless You.webp,
Motivational/loudborders/Loaded Dice.webp,Motivational,Motivational,loudborders,Loaded Dice.webp,keep,no,copy,Motivational\loudborders\Loaded Dice.webp,
Motivational/loudborders/Loop Thoughts.webp,Motivational,Motivational,loudborders,Loop Thoughts.webp,keep,no,copy,Motivational\loudborders\Loop Thoughts.webp,
Motivational/loudborders/Lost Adventure.webp,Motivational,Motivational,loudborders,Lost Adventure.webp,keep,no,copy,Motivational\loudborders\Lost Adventure.webp,
Motivational/loudborders/Love Is Blind.webp,Motivational,Motivational,loudborders,Love Is Blind.webp,keep,no,copy,Motivational\loudborders\Love Is Blind.webp,
Motivational/loudborders/Lucky Digits.webp,Motivational,Motivational,loudborders,Lucky Digits.webp,keep,no,copy,Motivational\loudborders\Lucky Digits.webp,
Motivational/loudborders/Matta5rsh 3leh.webp,Motivational,Motivational,loudborders,Matta5rsh 3leh.webp,keep,no,copy,Motivational\loudborders\Matta5rsh 3leh.webp,
Motivational/loudborders/Micro Thought.webp,Motivational,Motivational,loudborders,Micro Thought.webp,keep,no,copy,Motivational\loudborders\Micro Thought.webp,
Motivational/loudborders/Mind in Overdrive.webp,Motivational,Motivational,loudborders,Mind in Overdrive.webp,keep,no,copy,Motivational\loudborders\Mind in Overdrive.webp,
Motivational/loudborders/Mirror Trust.webp,Motivational,Motivational,loudborders,Mirror Trust.webp,keep,no,copy,Motivational\loudborders\Mirror Trust.webp,
Motivational/loudborders/Mixtape of Memory.webp,Motivational,Motivational,loudborders,Mixtape of Memory.webp,keep,no,copy,Motivational\loudborders\Mixtape of Memory.webp,
Motivational/loudborders/Money Maker.webp,Motivational,Motivational,loudborders,Money Maker.webp,keep,no,copy,Motivational\loudborders\Money Maker.webp,
Motivational/loudborders/Money Memories.webp,Motivational,Motivational,loudborders,Money Memories.webp,keep,no,copy,Motivational\loudborders\Money Memories.webp,
Motivational/loudborders/Money Tap.webp,Motivational,Motivational,loudborders,Money Tap.webp,keep,no,copy,Motivational\loudborders\Money Tap.webp,
Motivational/loudborders/Motivation Blur.webp,Motivational,Motivational,loudborders,Motivation Blur.webp,keep,no,copy,Motivational\loudborders\Motivation Blur.webp,
Motivational/loudborders/Moving Forward.webp,Motivational,Motivational,loudborders,Moving Forward.webp,keep,no,copy,Motivational\loudborders\Moving Forward.webp,
Motivational/loudborders/Never Back.webp,Motivational,Motivational,loudborders,Never Back.webp,keep,no,copy,Motivational\loudborders\Never Back.webp,
Motivational/loudborders/No Limits Mindset.webp,Motivational,Motivational,loudborders,No Limits Mindset.webp,keep,no,copy,Motivational\loudborders\No Limits Mindset.webp,
Motivational/loudborders/No Quit Zone.webp,Motivational,Motivational,loudborders,No Quit Zone.webp,keep,no,copy,Motivational\loudborders\No Quit Zone.webp,
Motivational/loudborders/Opportunity Peak.webp,Motivational,Motivational,loudborders,Opportunity Peak.webp,keep,no,copy,Motivational\loudborders\Opportunity Peak.webp,
Motivational/loudborders/Path to Self-Discovery [AR].webp,Motivational,Motivational,loudborders,Path to Self-Discovery [AR].webp,keep,no,copy,Motivational\loudborders\Path to Self-Discovery [AR].webp,
Motivational/loudborders/Path Worthy.webp,Motivational,Motivational,loudborders,Path Worthy.webp,keep,no,copy,Motivational\loudborders\Path Worthy.webp,
Motivational/loudborders/Payback Dreams.webp,Motivational,Motivational,loudborders,Payback Dreams.webp,keep,no,copy,Motivational\loudborders\Payback Dreams.webp,
Motivational/loudborders/Positive Script.webp,Motivational,Motivational,loudborders,Positive Script.webp,keep,no,copy,Motivational\loudborders\Positive Script.webp,
Motivational/loudborders/Prayer Silence.webp,Motivational,Motivational,loudborders,Prayer Silence.webp,keep,no,copy,Motivational\loudborders\Prayer Silence.webp,
Motivational/loudborders/Promise of Increase.webp,Motivational,Motivational,loudborders,Promise of Increase.webp,keep,no,copy,Motivational\loudborders\Promise of Increase.webp,
Motivational/loudborders/Pushforward.webp,Motivational,Motivational,loudborders,Pushforward.webp,keep,no,copy,Motivational\loudborders\Pushforward.webp,
Motivational/loudborders/Rabbit Riches.webp,Motivational,Motivational,loudborders,Rabbit Riches.webp,keep,no,copy,Motivational\loudborders\Rabbit Riches.webp,
Motivational/loudborders/Relentless Hustle.webp,Motivational,Motivational,loudborders,Relentless Hustle.webp,keep,no,copy,Motivational\loudborders\Relentless Hustle.webp,
Motivational/loudborders/Risk & Reward.webp,Motivational,Motivational,loudborders,Risk & Reward.webp,keep,no,copy,Motivational\loudborders\Risk & Reward.webp,
Motivational/loudborders/Risk or Regret.webp,Motivational,Motivational,loudborders,Risk or Regret.webp,keep,no,copy,Motivational\loudborders\Risk or Regret.webp,
Motivational/loudborders/Roll for Change.webp,Motivational,Motivational,loudborders,Roll for Change.webp,keep,no,copy,Motivational\loudborders\Roll for Change.webp,
Motivational/loudborders/Rules to Thrive.webp,Motivational,Motivational,loudborders,Rules to Thrive.webp,keep,no,copy,Motivational\loudborders\Rules to Thrive.webp,
Motivational/loudborders/Scoot & Smile.webp,Motivational,Motivational,loudborders,Scoot & Smile.webp,keep,no,copy,Motivational\loudborders\Scoot & Smile.webp,
Motivational/loudborders/Self Throne.webp,Motivational,Motivational,loudborders,Self Throne.webp,keep,no,copy,Motivational\loudborders\Self Throne.webp,
Motivational/loudborders/She Conquer.webp,Motivational,Motivational,loudborders,She Conquer.webp,keep,no,copy,Motivational\loudborders\She Conquer.webp,
Motivational/loudborders/She’s Got This.webp,Motivational,Motivational,loudborders,She’s Got This.webp,keep,no,copy,Motivational\loudborders\She’s Got This.webp,
Motivational/loudborders/Shgar El 3shm Dr7 M3lesh.webp,Motivational,Motivational,loudborders,Shgar El 3shm Dr7 M3lesh.webp,keep,no,copy,Motivational\loudborders\Shgar El 3shm Dr7 M3lesh.webp,
Motivational/loudborders/Shine Bright.webp,Motivational,Motivational,loudborders,Shine Bright.webp,keep,no,copy,Motivational\loudborders\Shine Bright.webp,
Motivational/loudborders/Silent Wisdom.webp,Motivational,Motivational,loudborders,Silent Wisdom.webp,keep,no,copy,Motivational\loudborders\Silent Wisdom.webp,
Motivational/loudborders/Soulful Reminders.webp,Motivational,Motivational,loudborders,Soulful Reminders.webp,keep,no,copy,Motivational\loudborders\Soulful Reminders.webp,
Motivational/loudborders/Spotlight On.webp,Motivational,Motivational,loudborders,Spotlight On.webp,keep,no,copy,Motivational\loudborders\Spotlight On.webp,
Motivational/loudborders/Success Site.webp,Motivational,Motivational,loudborders,Success Site.webp,keep,no,copy,Motivational\loudborders\Success Site.webp,
Motivational/loudborders/Success Switch.webp,Motivational,Motivational,loudborders,Success Switch.webp,keep,no,copy,Motivational\loudborders\Success Switch.webp,
Motivational/loudborders/Success Whispers.webp,Motivational,Motivational,loudborders,Success Whispers.webp,keep,no,copy,Motivational\loudborders\Success Whispers.webp,
Motivational/loudborders/Switch On Creativity.webp,Motivational,Motivational,loudborders,Switch On Creativity.webp,keep,no,copy,Motivational\loudborders\Switch On Creativity.webp,
Motivational/loudborders/Take the Risk.webp,Motivational,Motivational,loudborders,Take the Risk.webp,keep,no,copy,Motivational\loudborders\Take the Risk.webp,
Motivational/loudborders/The Chill Out Room.webp,Motivational,Motivational,loudborders,The Chill Out Room.webp,keep,no,copy,Motivational\loudborders\The Chill Out Room.webp,
Motivational/loudborders/The Hustler’s Manifesto.webp,Motivational,Motivational,loudborders,The Hustler’s Manifesto.webp,keep,no,copy,Motivational\loudborders\The Hustler’s Manifesto.webp,
Motivational/loudborders/The Last Outlaws.webp,Motivational,Motivational,loudborders,The Last Outlaws.webp,keep,no,copy,Motivational\loudborders\The Last Outlaws.webp,
Motivational/loudborders/This Is Life.webp,Motivational,Motivational,loudborders,This Is Life.webp,keep,no,copy,Motivational\loudborders\This Is Life.webp,
Motivational/loudborders/Ticking Motivation.webp,Motivational,Motivational,loudborders,Ticking Motivation.webp,keep,no,copy,Motivational\loudborders\Ticking Motivation.webp,
Motivational/loudborders/Time Crafter.webp,Motivational,Motivational,loudborders,Time Crafter.webp,keep,no,copy,Motivational\loudborders\Time Crafter.webp,
Motivational/loudborders/Tokyo Strata.webp,Motivational,Motivational,loudborders,Tokyo Strata.webp,keep,no,copy,Motivational\loudborders\Tokyo Strata.webp,
Motivational/loudborders/True Beat.webp,Motivational,Motivational,loudborders,True Beat.webp,keep,no,copy,Motivational\loudborders\True Beat.webp,
Motivational/loudborders/Trust Flow.webp,Motivational,Motivational,loudborders,Trust Flow.webp,keep,no,copy,Motivational\loudborders\Trust Flow.webp,
Motivational/loudborders/Trust the Process.webp,Motivational,Motivational,loudborders,Trust the Process.webp,keep,no,copy,Motivational\loudborders\Trust the Process.webp,
Motivational/loudborders/Under CTRL.webp,Motivational,Motivational,loudborders,Under CTRL.webp,keep,no,copy,Motivational\loudborders\Under CTRL.webp,
Motivational/loudborders/Unity Strength.webp,Motivational,Motivational,loudborders,Unity Strength.webp,keep,no,copy,Motivational\loudborders\Unity Strength.webp,
Motivational/loudborders/Unyielding Spirit [AR].webp,Motivational,Motivational,loudborders,Unyielding Spirit [AR].webp,keep,no,copy,Motivational\loudborders\Unyielding Spirit [AR].webp,
Motivational/loudborders/Ups and Downs.webp,Motivational,Motivational,loudborders,Ups and Downs.webp,keep,no,copy,Motivational\loudborders\Ups and Downs.webp,
Motivational/loudborders/Versus Self.webp,Motivational,Motivational,loudborders,Versus Self.webp,keep,no,copy,Motivational\loudborders\Versus Self.webp,
Motivational/loudborders/Victory Drop.webp,Motivational,Motivational,loudborders,Victory Drop.webp,keep,no,copy,Motivational\loudborders\Victory Drop.webp,
Motivational/loudborders/Wander Joy.webp,Motivational,Motivational,loudborders,Wander Joy.webp,keep,no,copy,Motivational\loudborders\Wander Joy.webp,
Motivational/loudborders/Weatherbound.webp,Motivational,Motivational,loudborders,Weatherbound.webp,keep,no,copy,Motivational\loudborders\Weatherbound.webp,
Motivational/loudborders/Wobble Love.webp,Motivational,Motivational,loudborders,Wobble Love.webp,keep,no,copy,Motivational\loudborders\Wobble Love.webp,
Motivational/loudborders/Work for It.webp,Motivational,Motivational,loudborders,Work for It.webp,keep,no,copy,Motivational\loudborders\Work for It.webp,
Motivational/loudborders/You Can Do It!.webp,Motivational,Motivational,loudborders,You Can Do It!.webp,keep,no,copy,Motivational\loudborders\You Can Do It!.webp,
Motivational/loudborders/You're Doing Amazing Sweetie.webp,Motivational,Motivational,loudborders,You're Doing Amazing Sweetie.webp,keep,no,copy,Motivational\loudborders\You're Doing Amazing Sweetie.webp,
Motivational/posterplace/Built Different.webp,Motivational,Motivational,posterplace,Built Different.webp,keep,no,copy,Motivational\posterplace\Built Different.webp,
Motivational/posterplace/Built Not Born.webp,Motivational,Motivational,posterplace,Built Not Born.webp,keep,no,copy,Motivational\posterplace\Built Not Born.webp,
Motivational/posterplace/Golden Hour Thoughts.webp,Motivational,Motivational,posterplace,Golden Hour Thoughts.webp,keep,no,copy,Motivational\posterplace\Golden Hour Thoughts.webp,
Motivational/posterplace/Keep Going.webp,Motivational,Motivational,posterplace,Keep Going.webp,keep,no,copy,Motivational\posterplace\Keep Going.webp,
Motivational/posterplace/Kill The Boy.webp,Motivational,Motivational,posterplace,Kill The Boy.webp,keep,no,copy,Motivational\posterplace\Kill The Boy.webp,
Motivational/posterplace/Lock In.webp,Motivational,Motivational,posterplace,Lock In.webp,keep,no,copy,Motivational\posterplace\Lock In.webp,
Motivational/posterplace/Power In Restraint.webp,Motivational,Motivational,posterplace,Power In Restraint.webp,keep,no,copy,Motivational\posterplace\Power In Restraint.webp,
Motivational/posterplace/Risk Rich.webp,Motivational,Motivational,posterplace,Risk Rich.webp,keep,no,copy,Motivational\posterplace\Risk Rich.webp,
Motivational/posterplace/There Is No Tomorrow.webp,Motivational,Motivational,posterplace,There Is No Tomorrow.webp,keep,no,copy,Motivational\posterplace\There Is No Tomorrow.webp,
Motivational/posterplace/You & The Goal.webp,Motivational,Motivational,posterplace,You & The Goal.webp,keep,no,copy,Motivational\posterplace\You & The Goal.webp,
Motivational/posterplace/YOU vs YOU.webp,Motivational,Motivational,posterplace,YOU vs YOU.webp,keep,no,copy,Motivational\posterplace\YOU vs YOU.webp,
Motivational/printiteg/Discipline Over Motivation Frame.webp,Motivational,Motivational,printiteg,Discipline Over Motivation Frame.webp,keep,no,copy,Motivational\printiteg\Discipline Over Motivation Frame.webp,
Motivational/printiteg/Just Do It Frame.webp,Motivational,Motivational,printiteg,Just Do It Frame.webp,keep,no,copy,Motivational\printiteg\Just Do It Frame.webp,
Motivational/printiteg/No Rich Parents Just Hard Work Frame.webp,Motivational,Motivational,printiteg,No Rich Parents Just Hard Work Frame.webp,keep,no,copy,Motivational\printiteg\No Rich Parents Just Hard Work Frame.webp,
Motivational/printiteg/No Risk No Story Frame (2).webp,Motivational,Motivational,printiteg,No Risk No Story Frame (2).webp,keep,no,copy,Motivational\printiteg\No Risk No Story Frame (2).webp,
Motivational/printiteg/No Risk No Story Frame.webp,Motivational,Motivational,printiteg,No Risk No Story Frame.webp,keep,no,copy,Motivational\printiteg\No Risk No Story Frame.webp,
Motivational/printiteg/Peace Bro Frame.webp,Motivational,Motivational,printiteg,Peace Bro Frame.webp,keep,no,copy,Motivational\printiteg\Peace Bro Frame.webp,
Motivational/printiteg/Risk Is Better Than Regret Frame.webp,Motivational,Motivational,printiteg,Risk Is Better Than Regret Frame.webp,keep,no,copy,Motivational\printiteg\Risk Is Better Than Regret Frame.webp,
Motivational/printiteg/The Magic Is In The Reps Frame.webp,Motivational,Motivational,printiteg,The Magic Is In The Reps Frame.webp,keep,no,copy,Motivational\printiteg\The Magic Is In The Reps Frame.webp,
Motivational/printiteg/Trust The Process Frame.webp,Motivational,Motivational,printiteg,Trust The Process Frame.webp,keep,no,copy,Motivational\printiteg\Trust The Process Frame.webp,
Motivational/printiteg/VVD Mindset Frame.webp,Motivational,Motivational,printiteg,VVD Mindset Frame.webp,keep,no,copy,Motivational\printiteg\VVD Mindset Frame.webp,
Motivational/printiteg/What If It All Works Out Frame.webp,Motivational,Motivational,printiteg,What If It All Works Out Frame.webp,dismiss,no,copy,dismissed\Motivational\printiteg\What If It All Works Out Frame.webp,
Motivational/printiteg/Winning Isn't For Everyone Frame.webp,Motivational,Motivational,printiteg,Winning Isn't For Everyone Frame.webp,keep,no,copy,Motivational\printiteg\Winning Isn't For Everyone Frame.webp,
Motivational/printiteg/Yesterday You Said Tomorrow Frame.webp,Motivational,Motivational,printiteg,Yesterday You Said Tomorrow Frame.webp,keep,no,copy,Motivational\printiteg\Yesterday You Said Tomorrow Frame.webp,
Motivational/sparkstore/Allow Yourself To Be Happy Frame.webp,Motivational,Motivational,sparkstore,Allow Yourself To Be Happy Frame.webp,keep,no,copy,Motivational\sparkstore\Allow Yourself To Be Happy Frame.webp,
Motivational/sparkstore/Allow Yourself To Break The Rules Frame.webp,Motivational,Motivational,sparkstore,Allow Yourself To Break The Rules Frame.webp,keep,no,copy,Motivational\sparkstore\Allow Yourself To Break The Rules Frame.webp,
Motivational/sparkstore/Arabic Quote 'Asfour Da3eef' Frame.webp,Motivational,Motivational,sparkstore,Arabic Quote 'Asfour Da3eef' Frame.webp,dismiss,no,copy,dismissed\Motivational\sparkstore\Arabic Quote 'Asfour Da3eef' Frame.webp,
Motivational/sparkstore/Arabic Quote 'Battalna Elly Y3attalna' Frame.webp,Motivational,Motivational,sparkstore,Arabic Quote 'Battalna Elly Y3attalna' Frame.webp,dismiss,no,copy,dismissed\Motivational\sparkstore\Arabic Quote 'Battalna Elly Y3attalna' Frame.webp,
Motivational/sparkstore/Arabic Quote 'E3mel Refresh' Frame.webp,Motivational,Motivational,sparkstore,Arabic Quote 'E3mel Refresh' Frame.webp,dismiss,no,copy,dismissed\Motivational\sparkstore\Arabic Quote 'E3mel Refresh' Frame.webp,
Motivational/sparkstore/Arabic Quote 'Eh Ya Batal' Frame.webp,Motivational,Motivational,sparkstore,Arabic Quote 'Eh Ya Batal' Frame.webp,dismiss,no,copy,dismissed\Motivational\sparkstore\Arabic Quote 'Eh Ya Batal' Frame.webp,
Motivational/sparkstore/Arabic Quote 'Kon Shakhs Wade7' Frame.webp,Motivational,Motivational,sparkstore,Arabic Quote 'Kon Shakhs Wade7' Frame.webp,dismiss,no,copy,dismissed\Motivational\sparkstore\Arabic Quote 'Kon Shakhs Wade7' Frame.webp,
Motivational/sparkstore/Arabic Quote 'Ma7adesh Fahem 7aga' Frame.webp,Motivational,Motivational,sparkstore,Arabic Quote 'Ma7adesh Fahem 7aga' Frame.webp,dismiss,no,copy,dismissed\Motivational\sparkstore\Arabic Quote 'Ma7adesh Fahem 7aga' Frame.webp,
Motivational/sparkstore/Don't Worry About Tomorrow Frame.webp,Motivational,Motivational,sparkstore,Don't Worry About Tomorrow Frame.webp,keep,no,copy,Motivational\sparkstore\Don't Worry About Tomorrow Frame.webp,
Motivational/sparkstore/Go Easy On Yourself Frame.webp,Motivational,Motivational,sparkstore,Go Easy On Yourself Frame.webp,keep,no,copy,Motivational\sparkstore\Go Easy On Yourself Frame.webp,
Motivational/sparkstore/Inspire Yourself Frame.webp,Motivational,Motivational,sparkstore,Inspire Yourself Frame.webp,keep,no,copy,Motivational\sparkstore\Inspire Yourself Frame.webp,
Motivational/sparkstore/Just Be Kind Frame.webp,Motivational,Motivational,sparkstore,Just Be Kind Frame.webp,keep,no,copy,Motivational\sparkstore\Just Be Kind Frame.webp,
Motivational/sparkstore/Life Is Sweet Frame.webp,Motivational,Motivational,sparkstore,Life Is Sweet Frame.webp,keep,no,copy,Motivational\sparkstore\Life Is Sweet Frame.webp,
Motivational/sparkstore/Make The World Better Again Frame.webp,Motivational,Motivational,sparkstore,Make The World Better Again Frame.webp,keep,no,copy,Motivational\sparkstore\Make The World Better Again Frame.webp,
Motivational/sparkstore/Mindset 'Aerial Ambition' Frame.webp,Motivational,Motivational,sparkstore,Mindset 'Aerial Ambition' Frame.webp,keep,no,copy,Motivational\sparkstore\Mindset 'Aerial Ambition' Frame.webp,
Motivational/sparkstore/Mindset 'Aim High' Frame.webp,Motivational,Motivational,sparkstore,Mindset 'Aim High' Frame.webp,keep,no,copy,Motivational\sparkstore\Mindset 'Aim High' Frame.webp,
Motivational/sparkstore/Mindset 'All or Nothing' Frame.webp,Motivational,Motivational,sparkstore,Mindset 'All or Nothing' Frame.webp,keep,no,copy,Motivational\sparkstore\Mindset 'All or Nothing' Frame.webp,
Motivational/sparkstore/Mindset 'Always The Best' Frame.webp,Motivational,Motivational,sparkstore,Mindset 'Always The Best' Frame.webp,keep,no,copy,Motivational\sparkstore\Mindset 'Always The Best' Frame.webp,
Motivational/sparkstore/Mindset 'Be Impossible' Frame.webp,Motivational,Motivational,sparkstore,Mindset 'Be Impossible' Frame.webp,keep,no,copy,Motivational\sparkstore\Mindset 'Be Impossible' Frame.webp,
Motivational/sparkstore/Mindset 'Be Nice' Frame.webp,Motivational,Motivational,sparkstore,Mindset 'Be Nice' Frame.webp,keep,no,copy,Motivational\sparkstore\Mindset 'Be Nice' Frame.webp,
Motivational/sparkstore/Mindset 'Bury The Excuses' Frame.webp,Motivational,Motivational,sparkstore,Mindset 'Bury The Excuses' Frame.webp,dismiss,no,copy,dismissed\Motivational\sparkstore\Mindset 'Bury The Excuses' Frame.webp,
Motivational/sparkstore/Mindset 'By Any Means' Frame.webp,Motivational,Motivational,sparkstore,Mindset 'By Any Means' Frame.webp,dismiss,no,copy,dismissed\Motivational\sparkstore\Mindset 'By Any Means' Frame.webp,
Motivational/sparkstore/Mindset 'Calm Vision' Frame.webp,Motivational,Motivational,sparkstore,Mindset 'Calm Vision' Frame.webp,dismiss,no,copy,dismissed\Motivational\sparkstore\Mindset 'Calm Vision' Frame.webp,
Motivational/sparkstore/Mindset 'Conquer' Frame.webp,Motivational,Motivational,sparkstore,Mindset 'Conquer' Frame.webp,dismiss,no,copy,dismissed\Motivational\sparkstore\Mindset 'Conquer' Frame.webp,
Motivational/sparkstore/Mindset 'Divine Connection' Frame.webp,Motivational,Motivational,sparkstore,Mindset 'Divine Connection' Frame.webp,keep,no,copy,Motivational\sparkstore\Mindset 'Divine Connection' Frame.webp,
Motivational/sparkstore/Mindset 'Divine Performance' Frame.webp,Motivational,Motivational,sparkstore,Mindset 'Divine Performance' Frame.webp,keep,no,copy,Motivational\sparkstore\Mindset 'Divine Performance' Frame.webp,
Motivational/sparkstore/Mindset 'Doesn’t Matter' Frame.webp,Motivational,Motivational,sparkstore,Mindset 'Doesn’t Matter' Frame.webp,keep,no,copy,Motivational\sparkstore\Mindset 'Doesn’t Matter' Frame.webp,
Motivational/sparkstore/Mindset 'Doing My Best' Frame.webp,Motivational,Motivational,sparkstore,Mindset 'Doing My Best' Frame.webp,keep,no,copy,Motivational\sparkstore\Mindset 'Doing My Best' Frame.webp,
Motivational/sparkstore/Mindset 'Dominate' Frame.webp,Motivational,Motivational,sparkstore,Mindset 'Dominate' Frame.webp,keep,no,copy,Motivational\sparkstore\Mindset 'Dominate' Frame.webp,
Motivational/sparkstore/Mindset 'Dream Big Manifesto' Frame.webp,Motivational,Motivational,sparkstore,Mindset 'Dream Big Manifesto' Frame.webp,keep,no,copy,Motivational\sparkstore\Mindset 'Dream Big Manifesto' Frame.webp,
Motivational/sparkstore/Mindset 'Driven to Succeed' Frame.webp,Motivational,Motivational,sparkstore,Mindset 'Driven to Succeed' Frame.webp,keep,no,copy,Motivational\sparkstore\Mindset 'Driven to Succeed' Frame.webp,
Motivational/sparkstore/Mindset 'FCK Weakness' Frame.webp,Motivational,Motivational,sparkstore,Mindset 'FCK Weakness' Frame.webp,keep,no,copy,Motivational\sparkstore\Mindset 'FCK Weakness' Frame.webp,
Motivational/sparkstore/Mindset 'Fck What They Think' Frame.webp,Motivational,Motivational,sparkstore,Mindset 'Fck What They Think' Frame.webp,dismiss,no,copy,dismissed\Motivational\sparkstore\Mindset 'Fck What They Think' Frame.webp,
Motivational/sparkstore/Mindset 'Fight for Chance' Frame.webp,Motivational,Motivational,sparkstore,Mindset 'Fight for Chance' Frame.webp,keep,no,copy,Motivational\sparkstore\Mindset 'Fight for Chance' Frame.webp,
Motivational/sparkstore/Mindset 'Fight' Frame.webp,Motivational,Motivational,sparkstore,Mindset 'Fight' Frame.webp,keep,no,copy,Motivational\sparkstore\Mindset 'Fight' Frame.webp,
Motivational/sparkstore/Mindset 'Focus on Improving' Frame.webp,Motivational,Motivational,sparkstore,Mindset 'Focus on Improving' Frame.webp,dismiss,no,copy,dismissed\Motivational\sparkstore\Mindset 'Focus on Improving' Frame.webp,
Motivational/sparkstore/Mindset 'Found a Way' Frame.webp,Motivational,Motivational,sparkstore,Mindset 'Found a Way' Frame.webp,keep,no,copy,Motivational\sparkstore\Mindset 'Found a Way' Frame.webp,
Motivational/sparkstore/Mindset 'Get Rich' Frame.webp,Motivational,Motivational,sparkstore,Mindset 'Get Rich' Frame.webp,keep,no,copy,Motivational\sparkstore\Mindset 'Get Rich' Frame.webp,
Motivational/sparkstore/Mindset 'Go Big' Frame.webp,Motivational,Motivational,sparkstore,Mindset 'Go Big' Frame.webp,keep,no,copy,Motivational\sparkstore\Mindset 'Go Big' Frame.webp,
Motivational/sparkstore/Mindset 'Great Power' Frame.webp,Motivational,Motivational,sparkstore,Mindset 'Great Power' Frame.webp,keep,no,copy,Motivational\sparkstore\Mindset 'Great Power' Frame.webp,
Motivational/sparkstore/Mindset 'Guided by Faith' Frame.webp,Motivational,Motivational,sparkstore,Mindset 'Guided by Faith' Frame.webp,keep,no,copy,Motivational\sparkstore\Mindset 'Guided by Faith' Frame.webp,
Motivational/sparkstore/Mindset 'Hard Work' Frame.webp,Motivational,Motivational,sparkstore,Mindset 'Hard Work' Frame.webp,dismiss,no,copy,dismissed\Motivational\sparkstore\Mindset 'Hard Work' Frame.webp,
Motivational/sparkstore/Mindset 'I Am The Greatest' Frame.webp,Motivational,Motivational,sparkstore,Mindset 'I Am The Greatest' Frame.webp,dismiss,no,copy,dismissed\Motivational\sparkstore\Mindset 'I Am The Greatest' Frame.webp,
Motivational/sparkstore/Mindset 'I Win' Frame.webp,Motivational,Motivational,sparkstore,Mindset 'I Win' Frame.webp,dismiss,no,copy,dismissed\Motivational\sparkstore\Mindset 'I Win' Frame.webp,
Motivational/sparkstore/Mindset 'I'm Chosen' Frame.webp,Motivational,Motivational,sparkstore,Mindset 'I'm Chosen' Frame.webp,dismiss,no,copy,dismissed\Motivational\sparkstore\Mindset 'I'm Chosen' Frame.webp,
Motivational/sparkstore/Mindset 'If Not Me' Frame.webp,Motivational,Motivational,sparkstore,Mindset 'If Not Me' Frame.webp,dismiss,no,copy,dismissed\Motivational\sparkstore\Mindset 'If Not Me' Frame.webp,
Motivational/sparkstore/Mindset 'In Your Control' Frame.webp,Motivational,Motivational,sparkstore,Mindset 'In Your Control' Frame.webp,dismiss,no,copy,dismissed\Motivational\sparkstore\Mindset 'In Your Control' Frame.webp,
Motivational/sparkstore/Mindset 'I’m Crazy' Frame.webp,Motivational,Motivational,sparkstore,Mindset 'I’m Crazy' Frame.webp,dismiss,no,copy,dismissed\Motivational\sparkstore\Mindset 'I’m Crazy' Frame.webp,
Motivational/sparkstore/Mindset 'Just Me' Frame.webp,Motivational,Motivational,sparkstore,Mindset 'Just Me' Frame.webp,keep,no,copy,Motivational\sparkstore\Mindset 'Just Me' Frame.webp,
Motivational/sparkstore/Mindset 'Life Lessons' Frame.webp,Motivational,Motivational,sparkstore,Mindset 'Life Lessons' Frame.webp,keep,no,copy,Motivational\sparkstore\Mindset 'Life Lessons' Frame.webp,
Motivational/sparkstore/Mindset 'Limitless Mind' Frame.webp,Motivational,Motivational,sparkstore,Mindset 'Limitless Mind' Frame.webp,dismiss,no,copy,dismissed\Motivational\sparkstore\Mindset 'Limitless Mind' Frame.webp,
Motivational/sparkstore/Mindset 'Make It Happen' Frame.webp,Motivational,Motivational,sparkstore,Mindset 'Make It Happen' Frame.webp,keep,no,copy,Motivational\sparkstore\Mindset 'Make It Happen' Frame.webp,
Motivational/sparkstore/Mindset 'Make Them Proud' Frame.webp,Motivational,Motivational,sparkstore,Mindset 'Make Them Proud' Frame.webp,keep,no,copy,Motivational\sparkstore\Mindset 'Make Them Proud' Frame.webp,
Motivational/sparkstore/Mindset 'Maximize Potential' Frame.webp,Motivational,Motivational,sparkstore,Mindset 'Maximize Potential' Frame.webp,dismiss,no,copy,dismissed\Motivational\sparkstore\Mindset 'Maximize Potential' Frame.webp,
Motivational/sparkstore/Mindset 'Nike's Necessity' Frame.webp,Motivational,Motivational,sparkstore,Mindset 'Nike's Necessity' Frame.webp,keep,no,copy,Motivational\sparkstore\Mindset 'Nike's Necessity' Frame.webp,
Motivational/sparkstore/Mindset 'No Risk' Frame.webp,Motivational,Motivational,sparkstore,Mindset 'No Risk' Frame.webp,keep,no,copy,Motivational\sparkstore\Mindset 'No Risk' Frame.webp,
Motivational/sparkstore/Mindset 'No Time for Fake People' Frame.webp,Motivational,Motivational,sparkstore,Mindset 'No Time for Fake People' Frame.webp,keep,no,copy,Motivational\sparkstore\Mindset 'No Time for Fake People' Frame.webp,
Motivational/sparkstore/Mindset 'Obsession Beats Talent' Frame.webp,Motivational,Motivational,sparkstore,Mindset 'Obsession Beats Talent' Frame.webp,keep,no,copy,Motivational\sparkstore\Mindset 'Obsession Beats Talent' Frame.webp,
Motivational/sparkstore/Mindset 'Outwork Everyone' Frame.webp,Motivational,Motivational,sparkstore,Mindset 'Outwork Everyone' Frame.webp,keep,no,copy,Motivational\sparkstore\Mindset 'Outwork Everyone' Frame.webp,
Motivational/sparkstore/Mindset 'Past Regrets' Frame.webp,Motivational,Motivational,sparkstore,Mindset 'Past Regrets' Frame.webp,dismiss,no,copy,dismissed\Motivational\sparkstore\Mindset 'Past Regrets' Frame.webp,
Motivational/sparkstore/Mindset 'Pressure is a Privilege' Frame.webp,Motivational,Motivational,sparkstore,Mindset 'Pressure is a Privilege' Frame.webp,keep,no,copy,Motivational\sparkstore\Mindset 'Pressure is a Privilege' Frame.webp,
Motivational/sparkstore/Mindset 'Pressure Makes Diamonds' Frame.webp,Motivational,Motivational,sparkstore,Mindset 'Pressure Makes Diamonds' Frame.webp,keep,no,copy,Motivational\sparkstore\Mindset 'Pressure Makes Diamonds' Frame.webp,
Motivational/sparkstore/Mindset 'Primal Domination' Frame.webp,Motivational,Motivational,sparkstore,Mindset 'Primal Domination' Frame.webp,keep,no,copy,Motivational\sparkstore\Mindset 'Primal Domination' Frame.webp,
Motivational/sparkstore/Mindset 'Progression's Pain' Frame.webp,Motivational,Motivational,sparkstore,Mindset 'Progression's Pain' Frame.webp,keep,no,copy,Motivational\sparkstore\Mindset 'Progression's Pain' Frame.webp,
Motivational/sparkstore/Mindset 'Prove Them Wrong' Frame.webp,Motivational,Motivational,sparkstore,Mindset 'Prove Them Wrong' Frame.webp,keep,no,copy,Motivational\sparkstore\Mindset 'Prove Them Wrong' Frame.webp,
Motivational/sparkstore/Mindset 'Psychological Athleticism' Frame.webp,Motivational,Motivational,sparkstore,Mindset 'Psychological Athleticism' Frame.webp,keep,no,copy,Motivational\sparkstore\Mindset 'Psychological Athleticism' Frame.webp,
Motivational/sparkstore/Mindset 'Road to Self-Mastery' Frame.webp,Motivational,Motivational,sparkstore,Mindset 'Road to Self-Mastery' Frame.webp,keep,no,copy,Motivational\sparkstore\Mindset 'Road to Self-Mastery' Frame.webp,
Motivational/sparkstore/Mindset 'Slow Motion' Frame.webp,Motivational,Motivational,sparkstore,Mindset 'Slow Motion' Frame.webp,keep,no,copy,Motivational\sparkstore\Mindset 'Slow Motion' Frame.webp,
Motivational/sparkstore/Mindset 'Stop Doubting Yourself' Frame.webp,Motivational,Motivational,sparkstore,Mindset 'Stop Doubting Yourself' Frame.webp,dismiss,no,copy,dismissed\Motivational\sparkstore\Mindset 'Stop Doubting Yourself' Frame.webp,
Motivational/sparkstore/Mindset 'Thank and Trust' Frame.webp,Motivational,Motivational,sparkstore,Mindset 'Thank and Trust' Frame.webp,dismiss,no,copy,dismissed\Motivational\sparkstore\Mindset 'Thank and Trust' Frame.webp,
Motivational/sparkstore/Mindset 'The Gratitude Gambit' Frame.webp,Motivational,Motivational,sparkstore,Mindset 'The Gratitude Gambit' Frame.webp,keep,no,copy,Motivational\sparkstore\Mindset 'The Gratitude Gambit' Frame.webp,
Motivational/sparkstore/Mindset 'The Hustler's Edge' Frame.webp,Motivational,Motivational,sparkstore,Mindset 'The Hustler's Edge' Frame.webp,keep,no,copy,Motivational\sparkstore\Mindset 'The Hustler's Edge' Frame.webp,
Motivational/sparkstore/Mindset 'The Limitless Shadow' Frame.webp,Motivational,Motivational,sparkstore,Mindset 'The Limitless Shadow' Frame.webp,keep,no,copy,Motivational\sparkstore\Mindset 'The Limitless Shadow' Frame.webp,
Motivational/sparkstore/Mindset 'The Obsession Factor' Frame.webp,Motivational,Motivational,sparkstore,Mindset 'The Obsession Factor' Frame.webp,keep,no,copy,Motivational\sparkstore\Mindset 'The Obsession Factor' Frame.webp,
Motivational/sparkstore/Mindset 'The Personal Comeback' Frame.webp,Motivational,Motivational,sparkstore,Mindset 'The Personal Comeback' Frame.webp,keep,no,copy,Motivational\sparkstore\Mindset 'The Personal Comeback' Frame.webp,
Motivational/sparkstore/Mindset 'The Relentless Call' Frame.webp,Motivational,Motivational,sparkstore,Mindset 'The Relentless Call' Frame.webp,keep,no,copy,Motivational\sparkstore\Mindset 'The Relentless Call' Frame.webp,
Motivational/sparkstore/Mindset 'The Relentless Fighter' Frame.webp,Motivational,Motivational,sparkstore,Mindset 'The Relentless Fighter' Frame.webp,keep,no,copy,Motivational\sparkstore\Mindset 'The Relentless Fighter' Frame.webp,
Motivational/sparkstore/Mindset 'The Winged Victor' Frame.webp,Motivational,Motivational,sparkstore,Mindset 'The Winged Victor' Frame.webp,keep,no,copy,Motivational\sparkstore\Mindset 'The Winged Victor' Frame.webp,
Motivational/sparkstore/Mindset 'Unleash Your Greatness' Frame.webp,Motivational,Motivational,sparkstore,Mindset 'Unleash Your Greatness' Frame.webp,keep,no,copy,Motivational\sparkstore\Mindset 'Unleash Your Greatness' Frame.webp,
Motivational/sparkstore/Mindset 'Unyielding Resolve' Frame.webp,Motivational,Motivational,sparkstore,Mindset 'Unyielding Resolve' Frame.webp,keep,no,copy,Motivational\sparkstore\Mindset 'Unyielding Resolve' Frame.webp,
Motivational/sparkstore/Mindset 'Veni Vidi Vici' Frame.webp,Motivational,Motivational,sparkstore,Mindset 'Veni Vidi Vici' Frame.webp,keep,no,copy,Motivational\sparkstore\Mindset 'Veni Vidi Vici' Frame.webp,
Motivational/sparkstore/Mindset 'Victory's Embrace' Frame.webp,Motivational,Motivational,sparkstore,Mindset 'Victory's Embrace' Frame.webp,keep,no,copy,Motivational\sparkstore\Mindset 'Victory's Embrace' Frame.webp,
Motivational/sparkstore/Mindset 'Wake Up' Frame.webp,Motivational,Motivational,sparkstore,Mindset 'Wake Up' Frame.webp,dismiss,no,copy,dismissed\Motivational\sparkstore\Mindset 'Wake Up' Frame.webp,
Motivational/sparkstore/Mindset 'Want Magic' Frame.webp,Motivational,Motivational,sparkstore,Mindset 'Want Magic' Frame.webp,keep,no,copy,Motivational\sparkstore\Mindset 'Want Magic' Frame.webp,
Motivational/sparkstore/Mindset 'We’re So Back' Frame.webp,Motivational,Motivational,sparkstore,Mindset 'We’re So Back' Frame.webp,keep,no,copy,Motivational\sparkstore\Mindset 'We’re So Back' Frame.webp,
Motivational/sparkstore/Mindset 'Whatever It Takes' Frame.webp,Motivational,Motivational,sparkstore,Mindset 'Whatever It Takes' Frame.webp,keep,no,copy,Motivational\sparkstore\Mindset 'Whatever It Takes' Frame.webp,
Motivational/sparkstore/Mindset 'You vs You' Frame.webp,Motivational,Motivational,sparkstore,Mindset 'You vs You' Frame.webp,keep,no,copy,Motivational\sparkstore\Mindset 'You vs You' Frame.webp,
Motivational/sparkstore/Mindset ‘Unleash Your Potential’ Frame.webp,Motivational,Motivational,sparkstore,Mindset ‘Unleash Your Potential’ Frame.webp,keep,no,copy,Motivational\sparkstore\Mindset ‘Unleash Your Potential’ Frame.webp,
Motivational/sparkstore/Money 'Deadly Currency' Frame.webp,Motivational,Motivational,sparkstore,Money 'Deadly Currency' Frame.webp,keep,no,copy,Motivational\sparkstore\Money 'Deadly Currency' Frame.webp,
Motivational/sparkstore/Money 'Skeletal Cash' Frame.webp,Motivational,Motivational,sparkstore,Money 'Skeletal Cash' Frame.webp,keep,no,copy,Motivational\sparkstore\Money 'Skeletal Cash' Frame.webp,
Motivational/sparkstore/Self Love Isn't Selfish Frame.webp,Motivational,Motivational,sparkstore,Self Love Isn't Selfish Frame.webp,dismiss,no,copy,dismissed\Motivational\sparkstore\Self Love Isn't Selfish Frame.webp,
Movies & Series/frameium/AVENGERS (2).webp,Movies & Series,Movies & Series,frameium,AVENGERS (2).webp,dismiss,no,copy,dismissed\Movies & Series\frameium\AVENGERS (2).webp,
Movies & Series/frameium/AVENGERS.webp,Movies & Series,Movies & Series,frameium,AVENGERS.webp,dismiss,no,copy,dismissed\Movies & Series\frameium\AVENGERS.webp,
Movies & Series/frameium/BACK TO THE FUTURE (2).webp,Movies & Series,Movies & Series,frameium,BACK TO THE FUTURE (2).webp,dismiss,no,copy,dismissed\Movies & Series\frameium\BACK TO THE FUTURE (2).webp,
Movies & Series/frameium/BACK TO THE FUTURE.webp,Movies & Series,Movies & Series,frameium,BACK TO THE FUTURE.webp,dismiss,no,copy,dismissed\Movies & Series\frameium\BACK TO THE FUTURE.webp,
Movies & Series/frameium/Breaking Bad (2).webp,Movies & Series,Movies & Series,frameium,Breaking Bad (2).webp,keep,no,copy,Movies & Series\frameium\Breaking Bad (2).webp,
Movies & Series/frameium/Breaking Bad.webp,Movies & Series,Movies & Series,frameium,Breaking Bad.webp,keep,no,copy,Movies & Series\frameium\Breaking Bad.webp,
Movies & Series/frameium/CHERNOBYL (2).webp,Movies & Series,Movies & Series,frameium,CHERNOBYL (2).webp,keep,no,copy,Movies & Series\frameium\CHERNOBYL (2).webp,
Movies & Series/frameium/CHERNOBYL.webp,Movies & Series,Movies & Series,frameium,CHERNOBYL.webp,keep,no,copy,Movies & Series\frameium\CHERNOBYL.webp,
Movies & Series/frameium/CLARKSON'S FARM.webp,Movies & Series,Movies & Series,frameium,CLARKSON'S FARM.webp,dismiss,no,copy,dismissed\Movies & Series\frameium\CLARKSON'S FARM.webp,
Movies & Series/frameium/DARK.webp,Movies & Series,Movies & Series,frameium,DARK.webp,dismiss,no,copy,dismissed\Movies & Series\frameium\DARK.webp,
Movies & Series/frameium/DEXTER (2).webp,Movies & Series,Movies & Series,frameium,DEXTER (2).webp,keep,no,copy,Movies & Series\frameium\DEXTER (2).webp,
Movies & Series/frameium/DEXTER (3).webp,Movies & Series,Movies & Series,frameium,DEXTER (3).webp,keep,no,copy,Movies & Series\frameium\DEXTER (3).webp,
Movies & Series/frameium/DEXTER (4).webp,Movies & Series,Movies & Series,frameium,DEXTER (4).webp,keep,no,copy,Movies & Series\frameium\DEXTER (4).webp,
Movies & Series/frameium/DEXTER (5).webp,Movies & Series,Movies & Series,frameium,DEXTER (5).webp,keep,no,copy,Movies & Series\frameium\DEXTER (5).webp,
Movies & Series/frameium/DEXTER.webp,Movies & Series,Movies & Series,frameium,DEXTER.webp,keep,no,copy,Movies & Series\frameium\DEXTER.webp,
Movies & Series/frameium/Forrest Gump (2).webp,Movies & Series,Movies & Series,frameium,Forrest Gump (2).webp,keep,no,copy,Movies & Series\frameium\Forrest Gump (2).webp,
Movies & Series/frameium/Forrest Gump.webp,Movies & Series,Movies & Series,frameium,Forrest Gump.webp,keep,no,copy,Movies & Series\frameium\Forrest Gump.webp,
Movies & Series/frameium/GAME OF THRONES GOT (2).webp,Movies & Series,Movies & Series,frameium,GAME OF THRONES GOT (2).webp,dismiss,no,copy,dismissed\Movies & Series\frameium\GAME OF THRONES GOT (2).webp,
Movies & Series/frameium/GAME OF THRONES GOT (3).webp,Movies & Series,Movies & Series,frameium,GAME OF THRONES GOT (3).webp,dismiss,no,copy,dismissed\Movies & Series\frameium\GAME OF THRONES GOT (3).webp,
Movies & Series/frameium/GAME OF THRONES GOT (4).webp,Movies & Series,Movies & Series,frameium,GAME OF THRONES GOT (4).webp,dismiss,no,copy,dismissed\Movies & Series\frameium\GAME OF THRONES GOT (4).webp,
Movies & Series/frameium/GAME OF THRONES GOT (5).webp,Movies & Series,Movies & Series,frameium,GAME OF THRONES GOT (5).webp,dismiss,no,copy,dismissed\Movies & Series\frameium\GAME OF THRONES GOT (5).webp,
Movies & Series/frameium/GAME OF THRONES GOT (6).webp,Movies & Series,Movies & Series,frameium,GAME OF THRONES GOT (6).webp,dismiss,no,copy,dismissed\Movies & Series\frameium\GAME OF THRONES GOT (6).webp,
Movies & Series/frameium/GAME OF THRONES GOT (7).webp,Movies & Series,Movies & Series,frameium,GAME OF THRONES GOT (7).webp,dismiss,no,copy,dismissed\Movies & Series\frameium\GAME OF THRONES GOT (7).webp,
Movies & Series/frameium/GAME OF THRONES GOT.webp,Movies & Series,Movies & Series,frameium,GAME OF THRONES GOT.webp,dismiss,no,copy,dismissed\Movies & Series\frameium\GAME OF THRONES GOT.webp,
Movies & Series/frameium/GoodFellas.webp,Movies & Series,Movies & Series,frameium,GoodFellas.webp,keep,no,copy,Movies & Series\frameium\GoodFellas.webp,
Movies & Series/frameium/HANNIBAL.webp,Movies & Series,Movies & Series,frameium,HANNIBAL.webp,keep,no,copy,Movies & Series\frameium\HANNIBAL.webp,
Movies & Series/frameium/INCEPTION (2).webp,Movies & Series,Movies & Series,frameium,INCEPTION (2).webp,keep,no,copy,Movies & Series\frameium\INCEPTION (2).webp,
Movies & Series/frameium/INCEPTION.webp,Movies & Series,Movies & Series,frameium,INCEPTION.webp,keep,no,copy,Movies & Series\frameium\INCEPTION.webp,
Movies & Series/frameium/MOBLAND.webp,Movies & Series,Movies & Series,frameium,MOBLAND.webp,keep,no,copy,Movies & Series\frameium\MOBLAND.webp,
Movies & Series/frameium/MR ROBOT (2).webp,Movies & Series,Movies & Series,frameium,MR ROBOT (2).webp,keep,no,copy,Movies & Series\frameium\MR ROBOT (2).webp,
Movies & Series/frameium/MR ROBOT.webp,Movies & Series,Movies & Series,frameium,MR ROBOT.webp,dismiss,no,copy,dismissed\Movies & Series\frameium\MR ROBOT.webp,
Movies & Series/frameium/PEAKY BLINDERS (2).webp,Movies & Series,Movies & Series,frameium,PEAKY BLINDERS (2).webp,keep,no,copy,Movies & Series\frameium\PEAKY BLINDERS (2).webp,
Movies & Series/frameium/PEAKY BLINDERS (3).webp,Movies & Series,Movies & Series,frameium,PEAKY BLINDERS (3).webp,keep,no,copy,Movies & Series\frameium\PEAKY BLINDERS (3).webp,
Movies & Series/frameium/PEAKY BLINDERS.webp,Movies & Series,Movies & Series,frameium,PEAKY BLINDERS.webp,keep,no,copy,Movies & Series\frameium\PEAKY BLINDERS.webp,
Movies & Series/frameium/PULP FICTION (2).webp,Movies & Series,Movies & Series,frameium,PULP FICTION (2).webp,dismiss,no,copy,dismissed\Movies & Series\frameium\PULP FICTION (2).webp,
Movies & Series/frameium/PULP FICTION.webp,Movies & Series,Movies & Series,frameium,PULP FICTION.webp,dismiss,no,copy,dismissed\Movies & Series\frameium\PULP FICTION.webp,
Movies & Series/frameium/SCHINDLER'S LIST.webp,Movies & Series,Movies & Series,frameium,SCHINDLER'S LIST.webp,dismiss,no,copy,dismissed\Movies & Series\frameium\SCHINDLER'S LIST.webp,
Movies & Series/frameium/SCORPION (2).webp,Movies & Series,Movies & Series,frameium,SCORPION (2).webp,dismiss,no,copy,dismissed\Movies & Series\frameium\SCORPION (2).webp,
Movies & Series/frameium/SCORPION.webp,Movies & Series,Movies & Series,frameium,SCORPION.webp,dismiss,no,copy,dismissed\Movies & Series\frameium\SCORPION.webp,
Movies & Series/frameium/SEVEN (2).webp,Movies & Series,Movies & Series,frameium,SEVEN (2).webp,dismiss,no,copy,dismissed\Movies & Series\frameium\SEVEN (2).webp,
Movies & Series/frameium/SEVEN.webp,Movies & Series,Movies & Series,frameium,SEVEN.webp,keep,no,copy,Movies & Series\frameium\SEVEN.webp,
Movies & Series/frameium/SHERLOCK (2).webp,Movies & Series,Movies & Series,frameium,SHERLOCK (2).webp,keep,no,copy,Movies & Series\frameium\SHERLOCK (2).webp,
Movies & Series/frameium/SHERLOCK.webp,Movies & Series,Movies & Series,frameium,SHERLOCK.webp,dismiss,no,copy,dismissed\Movies & Series\frameium\SHERLOCK.webp,
Movies & Series/frameium/SQUID GAME (2).webp,Movies & Series,Movies & Series,frameium,SQUID GAME (2).webp,keep,no,copy,Movies & Series\frameium\SQUID GAME (2).webp,
Movies & Series/frameium/SQUID GAME.webp,Movies & Series,Movies & Series,frameium,SQUID GAME.webp,keep,no,copy,Movies & Series\frameium\SQUID GAME.webp,
Movies & Series/frameium/Stranger Things (2).webp,Movies & Series,Movies & Series,frameium,Stranger Things (2).webp,dismiss,no,copy,dismissed\Movies & Series\frameium\Stranger Things (2).webp,
Movies & Series/frameium/Stranger Things (3).webp,Movies & Series,Movies & Series,frameium,Stranger Things (3).webp,dismiss,no,copy,dismissed\Movies & Series\frameium\Stranger Things (3).webp,
Movies & Series/frameium/Stranger Things (4).webp,Movies & Series,Movies & Series,frameium,Stranger Things (4).webp,dismiss,no,copy,dismissed\Movies & Series\frameium\Stranger Things (4).webp,
Movies & Series/frameium/Stranger Things (5).webp,Movies & Series,Movies & Series,frameium,Stranger Things (5).webp,dismiss,no,copy,dismissed\Movies & Series\frameium\Stranger Things (5).webp,
Movies & Series/frameium/Stranger Things (6).webp,Movies & Series,Movies & Series,frameium,Stranger Things (6).webp,dismiss,no,copy,dismissed\Movies & Series\frameium\Stranger Things (6).webp,
Movies & Series/frameium/Stranger Things.webp,Movies & Series,Movies & Series,frameium,Stranger Things.webp,dismiss,no,copy,dismissed\Movies & Series\frameium\Stranger Things.webp,
Movies & Series/frameium/SUITS.webp,Movies & Series,Movies & Series,frameium,SUITS.webp,dismiss,no,copy,dismissed\Movies & Series\frameium\SUITS.webp,
Movies & Series/frameium/THE BOYS (2).webp,Movies & Series,Movies & Series,frameium,THE BOYS (2).webp,dismiss,no,copy,dismissed\Movies & Series\frameium\THE BOYS (2).webp,
Movies & Series/frameium/THE BOYS (3).webp,Movies & Series,Movies & Series,frameium,THE BOYS (3).webp,dismiss,no,copy,dismissed\Movies & Series\frameium\THE BOYS (3).webp,
Movies & Series/frameium/THE BOYS.webp,Movies & Series,Movies & Series,frameium,THE BOYS.webp,dismiss,no,copy,dismissed\Movies & Series\frameium\THE BOYS.webp,
Movies & Series/frameium/THE DARK NIGHT (2).webp,Movies & Series,Movies & Series,frameium,THE DARK NIGHT (2).webp,keep,no,copy,Movies & Series\frameium\THE DARK NIGHT (2).webp,
Movies & Series/frameium/THE DARK NIGHT (3).webp,Movies & Series,Movies & Series,frameium,THE DARK NIGHT (3).webp,keep,no,copy,Movies & Series\frameium\THE DARK NIGHT (3).webp,
Movies & Series/frameium/THE DARK NIGHT.webp,Movies & Series,Movies & Series,frameium,THE DARK NIGHT.webp,keep,no,copy,Movies & Series\frameium\THE DARK NIGHT.webp,
Movies & Series/frameium/THE GODFATHER (2).webp,Movies & Series,Movies & Series,frameium,THE GODFATHER (2).webp,keep,no,copy,Movies & Series\frameium\THE GODFATHER (2).webp,
Movies & Series/frameium/The Godfather (3).webp,Movies & Series,Movies & Series,frameium,The Godfather (3).webp,keep,no,copy,Movies & Series\frameium\The Godfather (3).webp,
Movies & Series/frameium/The Godfather (4).webp,Movies & Series,Movies & Series,frameium,The Godfather (4).webp,keep,no,copy,Movies & Series\frameium\The Godfather (4).webp,
Movies & Series/frameium/THE GODFATHER.webp,Movies & Series,Movies & Series,frameium,THE GODFATHER.webp,keep,no,copy,Movies & Series\frameium\THE GODFATHER.webp,
Movies & Series/frameium/The Good Doctor.webp,Movies & Series,Movies & Series,frameium,The Good Doctor.webp,keep,no,copy,Movies & Series\frameium\The Good Doctor.webp,
Movies & Series/frameium/The good The bad and The ugly (2).webp,Movies & Series,Movies & Series,frameium,The good The bad and The ugly (2).webp,keep,no,copy,Movies & Series\frameium\The good The bad and The ugly (2).webp,
Movies & Series/frameium/THE GOOD THE BAD AND THE UGLY.webp,Movies & Series,Movies & Series,frameium,THE GOOD THE BAD AND THE UGLY.webp,dismiss,no,copy,dismissed\Movies & Series\frameium\THE GOOD THE BAD AND THE UGLY.webp,
Movies & Series/frameium/The Green Mile.webp,Movies & Series,Movies & Series,frameium,The Green Mile.webp,dismiss,no,copy,dismissed\Movies & Series\frameium\The Green Mile.webp,
Movies & Series/frameium/THE LAST OF US (2).webp,Movies & Series,Movies & Series,frameium,THE LAST OF US (2).webp,keep,no,copy,Movies & Series\frameium\THE LAST OF US (2).webp,
Movies & Series/frameium/THE LAST OF US.webp,Movies & Series,Movies & Series,frameium,THE LAST OF US.webp,dismiss,no,copy,dismissed\Movies & Series\frameium\THE LAST OF US.webp,
Movies & Series/frameium/THE LORD OF THE RINGS (2).webp,Movies & Series,Movies & Series,frameium,THE LORD OF THE RINGS (2).webp,dismiss,no,copy,dismissed\Movies & Series\frameium\THE LORD OF THE RINGS (2).webp,
Movies & Series/frameium/The Lord Of The Rings (3).webp,Movies & Series,Movies & Series,frameium,The Lord Of The Rings (3).webp,dismiss,no,copy,dismissed\Movies & Series\frameium\The Lord Of The Rings (3).webp,
Movies & Series/frameium/The Lord Of The Rings (4).webp,Movies & Series,Movies & Series,frameium,The Lord Of The Rings (4).webp,dismiss,no,copy,dismissed\Movies & Series\frameium\The Lord Of The Rings (4).webp,
Movies & Series/frameium/The Lord Of The Rings (5).webp,Movies & Series,Movies & Series,frameium,The Lord Of The Rings (5).webp,dismiss,no,copy,dismissed\Movies & Series\frameium\The Lord Of The Rings (5).webp,
Movies & Series/frameium/THE LORD OF THE RINGS.webp,Movies & Series,Movies & Series,frameium,THE LORD OF THE RINGS.webp,dismiss,no,copy,dismissed\Movies & Series\frameium\THE LORD OF THE RINGS.webp,
Movies & Series/frameium/THE MATRIX (2).webp,Movies & Series,Movies & Series,frameium,THE MATRIX (2).webp,keep,no,copy,Movies & Series\frameium\THE MATRIX (2).webp,
Movies & Series/frameium/THE MATRIX (3).webp,Movies & Series,Movies & Series,frameium,THE MATRIX (3).webp,dismiss,no,copy,dismissed\Movies & Series\frameium\THE MATRIX (3).webp,
Movies & Series/frameium/THE MATRIX.webp,Movies & Series,Movies & Series,frameium,THE MATRIX.webp,keep,no,copy,Movies & Series\frameium\THE MATRIX.webp,
Movies & Series/frameium/The Odyssey (2).webp,Movies & Series,Movies & Series,frameium,The Odyssey (2).webp,keep,no,copy,Movies & Series\frameium\The Odyssey (2).webp,
Movies & Series/frameium/The Odyssey.webp,Movies & Series,Movies & Series,frameium,The Odyssey.webp,keep,no,copy,Movies & Series\frameium\The Odyssey.webp,
Movies & Series/frameium/THE PENGUIN (2).webp,Movies & Series,Movies & Series,frameium,THE PENGUIN (2).webp,dismiss,no,copy,dismissed\Movies & Series\frameium\THE PENGUIN (2).webp,
Movies & Series/frameium/THE PENGUIN.webp,Movies & Series,Movies & Series,frameium,THE PENGUIN.webp,dismiss,no,copy,dismissed\Movies & Series\frameium\THE PENGUIN.webp,
Movies & Series/frameium/The Queen's Gambit (2).webp,Movies & Series,Movies & Series,frameium,The Queen's Gambit (2).webp,dismiss,no,copy,dismissed\Movies & Series\frameium\The Queen's Gambit (2).webp,
Movies & Series/frameium/THE QUEEN'S GAMBIT.webp,Movies & Series,Movies & Series,frameium,THE QUEEN'S GAMBIT.webp,dismiss,no,copy,dismissed\Movies & Series\frameium\THE QUEEN'S GAMBIT.webp,
Movies & Series/frameium/The Shawshank Redemption.webp,Movies & Series,Movies & Series,frameium,The Shawshank Redemption.webp,dismiss,no,copy,dismissed\Movies & Series\frameium\The Shawshank Redemption.webp,
Movies & Series/frameium/The Sopranos (2).webp,Movies & Series,Movies & Series,frameium,The Sopranos (2).webp,dismiss,no,copy,dismissed\Movies & Series\frameium\The Sopranos (2).webp,
Movies & Series/frameium/The Sopranos.webp,Movies & Series,Movies & Series,frameium,The Sopranos.webp,dismiss,no,copy,dismissed\Movies & Series\frameium\The Sopranos.webp,
Movies & Series/frameium/WEDENSDAY.webp,Movies & Series,Movies & Series,frameium,WEDENSDAY.webp,dismiss,no,copy,dismissed\Movies & Series\frameium\WEDENSDAY.webp,
Movies & Series/frameium/WEDNESDAY (2).webp,Movies & Series,Movies & Series,frameium,WEDNESDAY (2).webp,dismiss,no,copy,dismissed\Movies & Series\frameium\WEDNESDAY (2).webp,
Movies & Series/frameium/WEDNESDAY.webp,Movies & Series,Movies & Series,frameium,WEDNESDAY.webp,dismiss,no,copy,dismissed\Movies & Series\frameium\WEDNESDAY.webp,
Movies & Series/loudborders/Cinema Classic.webp,Movies & Series,Movies & Series,loudborders,Cinema Classic.webp,keep,no,copy,Movies & Series\loudborders\Cinema Classic.webp,
Movies & Series/posterplace/7.webp,Movies & Series,Movies & Series,posterplace,7.webp,keep,no,copy,Movies & Series\posterplace\7.webp,
Movies & Series/posterplace/1917 II.webp,Movies & Series,Movies & Series,posterplace,1917 II.webp,keep,no,copy,Movies & Series\posterplace\1917 II.webp,
Movies & Series/posterplace/1967.webp,Movies & Series,Movies & Series,posterplace,1967.webp,keep,no,copy,Movies & Series\posterplace\1967.webp,
Movies & Series/posterplace/Arcane (League of Legends).webp,Movies & Series,Movies & Series,posterplace,Arcane (League of Legends).webp,dismiss,no,copy,dismissed\Movies & Series\posterplace\Arcane (League of Legends).webp,
Movies & Series/posterplace/Arcane Polaroid Poster.webp,Movies & Series,Movies & Series,posterplace,Arcane Polaroid Poster.webp,keep,no,copy,Movies & Series\posterplace\Arcane Polaroid Poster.webp,
Movies & Series/posterplace/B99.webp,Movies & Series,Movies & Series,posterplace,B99.webp,keep,no,copy,Movies & Series\posterplace\B99.webp,
Movies & Series/posterplace/Batman Begins.webp,Movies & Series,Movies & Series,posterplace,Batman Begins.webp,keep,no,copy,Movies & Series\posterplace\Batman Begins.webp,
Movies & Series/posterplace/Batman.webp,Movies & Series,Movies & Series,posterplace,Batman.webp,keep,no,copy,Movies & Series\posterplace\Batman.webp,
Movies & Series/posterplace/Better Call Saul.webp,Movies & Series,Movies & Series,posterplace,Better Call Saul.webp,keep,no,copy,Movies & Series\posterplace\Better Call Saul.webp,
Movies & Series/posterplace/Bjorn Ironside.webp,Movies & Series,Movies & Series,posterplace,Bjorn Ironside.webp,dismiss,no,copy,dismissed\Movies & Series\posterplace\Bjorn Ironside.webp,
Movies & Series/posterplace/Breaking Bad.webp,Movies & Series,Movies & Series,posterplace,Breaking Bad.webp,keep,no,copy,Movies & Series\posterplace\Breaking Bad.webp,
Movies & Series/posterplace/Cat & Mouse.webp,Movies & Series,Movies & Series,posterplace,Cat & Mouse.webp,dismiss,no,copy,dismissed\Movies & Series\posterplace\Cat & Mouse.webp,
Movies & Series/posterplace/Contact.webp,Movies & Series,Movies & Series,posterplace,Contact.webp,dismiss,no,copy,dismissed\Movies & Series\posterplace\Contact.webp,
Movies & Series/posterplace/Dark Knight Polaroid Poster.webp,Movies & Series,Movies & Series,posterplace,Dark Knight Polaroid Poster.webp,keep,no,copy,Movies & Series\posterplace\Dark Knight Polaroid Poster.webp,
Movies & Series/posterplace/Donatello.webp,Movies & Series,Movies & Series,posterplace,Donatello.webp,keep,no,copy,Movies & Series\posterplace\Donatello.webp,
Movies & Series/posterplace/Dune.webp,Movies & Series,Movies & Series,posterplace,Dune.webp,keep,no,copy,Movies & Series\posterplace\Dune.webp,
Movies & Series/posterplace/Dunkirk.webp,Movies & Series,Movies & Series,posterplace,Dunkirk.webp,keep,no,copy,Movies & Series\posterplace\Dunkirk.webp,
Movies & Series/posterplace/El Casino.webp,Movies & Series,Movies & Series,posterplace,El Casino.webp,keep,no,copy,Movies & Series\posterplace\El Casino.webp,
Movies & Series/posterplace/Euphoria.webp,Movies & Series,Movies & Series,posterplace,Euphoria.webp,dismiss,no,copy,dismissed\Movies & Series\posterplace\Euphoria.webp,
Movies & Series/posterplace/F1.webp,Movies & Series,Movies & Series,posterplace,F1.webp,keep,no,copy,Movies & Series\posterplace\F1.webp,
Movies & Series/posterplace/Goodfellas II.webp,Movies & Series,Movies & Series,posterplace,Goodfellas II.webp,keep,no,copy,Movies & Series\posterplace\Goodfellas II.webp,
Movies & Series/posterplace/Goodfellas.webp,Movies & Series,Movies & Series,posterplace,Goodfellas.webp,keep,no,copy,Movies & Series\posterplace\Goodfellas.webp,
Movies & Series/posterplace/Heisenberg.webp,Movies & Series,Movies & Series,posterplace,Heisenberg.webp,keep,no,copy,Movies & Series\posterplace\Heisenberg.webp,
Movies & Series/posterplace/Inception (2).webp,Movies & Series,Movies & Series,posterplace,Inception (2).webp,keep,no,copy,Movies & Series\posterplace\Inception (2).webp,
Movies & Series/posterplace/Inception.webp,Movies & Series,Movies & Series,posterplace,Inception.webp,keep,no,copy,Movies & Series\posterplace\Inception.webp,
Movies & Series/posterplace/Isle Of Dogs.webp,Movies & Series,Movies & Series,posterplace,Isle Of Dogs.webp,keep,no,copy,Movies & Series\posterplace\Isle Of Dogs.webp,
Movies & Series/posterplace/Joker II.webp,Movies & Series,Movies & Series,posterplace,Joker II.webp,keep,no,copy,Movies & Series\posterplace\Joker II.webp,
Movies & Series/posterplace/Joker III.webp,Movies & Series,Movies & Series,posterplace,Joker III.webp,keep,no,copy,Movies & Series\posterplace\Joker III.webp,
Movies & Series/posterplace/Joker.webp,Movies & Series,Movies & Series,posterplace,Joker.webp,keep,no,copy,Movies & Series\posterplace\Joker.webp,
Movies & Series/posterplace/Kill Bill.webp,Movies & Series,Movies & Series,posterplace,Kill Bill.webp,keep,no,copy,Movies & Series\posterplace\Kill Bill.webp,
Movies & Series/posterplace/Leonardo.webp,Movies & Series,Movies & Series,posterplace,Leonardo.webp,keep,no,copy,Movies & Series\posterplace\Leonardo.webp,
Movies & Series/posterplace/Limited Partners.webp,Movies & Series,Movies & Series,posterplace,Limited Partners.webp,keep,no,copy,Movies & Series\posterplace\Limited Partners.webp,
Movies & Series/posterplace/Logan.webp,Movies & Series,Movies & Series,posterplace,Logan.webp,keep,no,copy,Movies & Series\posterplace\Logan.webp,
Movies & Series/posterplace/Margot's Bathtub.webp,Movies & Series,Movies & Series,posterplace,Margot's Bathtub.webp,dismiss,no,copy,dismissed\Movies & Series\posterplace\Margot's Bathtub.webp,
Movies & Series/posterplace/Michelangelo.webp,Movies & Series,Movies & Series,posterplace,Michelangelo.webp,keep,no,copy,Movies & Series\posterplace\Michelangelo.webp,
Movies & Series/posterplace/Nothing.webp,Movies & Series,Movies & Series,posterplace,Nothing.webp,keep,no,copy,Movies & Series\posterplace\Nothing.webp,
Movies & Series/posterplace/Peaky Blinders.webp,Movies & Series,Movies & Series,posterplace,Peaky Blinders.webp,keep,no,copy,Movies & Series\posterplace\Peaky Blinders.webp,
Movies & Series/posterplace/Peanuts.webp,Movies & Series,Movies & Series,posterplace,Peanuts.webp,keep,no,copy,Movies & Series\posterplace\Peanuts.webp,
Movies & Series/posterplace/Pizza Turtles.webp,Movies & Series,Movies & Series,posterplace,Pizza Turtles.webp,keep,no,copy,Movies & Series\posterplace\Pizza Turtles.webp,
Movies & Series/posterplace/Popeye.webp,Movies & Series,Movies & Series,posterplace,Popeye.webp,keep,no,copy,Movies & Series\posterplace\Popeye.webp,
Movies & Series/posterplace/POTC Curse Of The Black Pearl.webp,Movies & Series,Movies & Series,posterplace,POTC Curse Of The Black Pearl.webp,keep,no,copy,Movies & Series\posterplace\POTC Curse Of The Black Pearl.webp,
Movies & Series/posterplace/Prison Break.webp,Movies & Series,Movies & Series,posterplace,Prison Break.webp,keep,no,copy,Movies & Series\posterplace\Prison Break.webp,
Movies & Series/posterplace/Put A Happy Face On.webp,Movies & Series,Movies & Series,posterplace,Put A Happy Face On.webp,keep,no,copy,Movies & Series\posterplace\Put A Happy Face On.webp,
Movies & Series/posterplace/Raiders Of The Lost Ark.webp,Movies & Series,Movies & Series,posterplace,Raiders Of The Lost Ark.webp,keep,no,copy,Movies & Series\posterplace\Raiders Of The Lost Ark.webp,
Movies & Series/posterplace/Rainbow Theatre.webp,Movies & Series,Movies & Series,posterplace,Rainbow Theatre.webp,dismiss,no,copy,dismissed\Movies & Series\posterplace\Rainbow Theatre.webp,
Movies & Series/posterplace/Raphael.webp,Movies & Series,Movies & Series,posterplace,Raphael.webp,keep,no,copy,Movies & Series\posterplace\Raphael.webp,
Movies & Series/posterplace/Shutter Island.webp,Movies & Series,Movies & Series,posterplace,Shutter Island.webp,keep,no,copy,Movies & Series\posterplace\Shutter Island.webp,
Movies & Series/posterplace/Skyfall 007.webp,Movies & Series,Movies & Series,posterplace,Skyfall 007.webp,keep,no,copy,Movies & Series\posterplace\Skyfall 007.webp,
Movies & Series/posterplace/Sons Of Anarchy Polaroid Poster.webp,Movies & Series,Movies & Series,posterplace,Sons Of Anarchy Polaroid Poster.webp,keep,no,copy,Movies & Series\posterplace\Sons Of Anarchy Polaroid Poster.webp,
Movies & Series/posterplace/Sons Of Anarchy.webp,Movies & Series,Movies & Series,posterplace,Sons Of Anarchy.webp,keep,no,copy,Movies & Series\posterplace\Sons Of Anarchy.webp,
Movies & Series/posterplace/Star Wars II.webp,Movies & Series,Movies & Series,posterplace,Star Wars II.webp,keep,no,copy,Movies & Series\posterplace\Star Wars II.webp,
Movies & Series/posterplace/Star Wars.webp,Movies & Series,Movies & Series,posterplace,Star Wars.webp,keep,no,copy,Movies & Series\posterplace\Star Wars.webp,
Movies & Series/posterplace/Suits l.webp,Movies & Series,Movies & Series,posterplace,Suits l.webp,keep,no,copy,Movies & Series\posterplace\Suits l.webp,
Movies & Series/posterplace/Suits ll.webp,Movies & Series,Movies & Series,posterplace,Suits ll.webp,keep,no,copy,Movies & Series\posterplace\Suits ll.webp,
Movies & Series/posterplace/Super Heroes.webp,Movies & Series,Movies & Series,posterplace,Super Heroes.webp,keep,no,copy,Movies & Series\posterplace\Super Heroes.webp,
Movies & Series/posterplace/Taxi II.webp,Movies & Series,Movies & Series,posterplace,Taxi II.webp,keep,no,copy,Movies & Series\posterplace\Taxi II.webp,
Movies & Series/posterplace/Taxi.webp,Movies & Series,Movies & Series,posterplace,Taxi.webp,keep,no,copy,Movies & Series\posterplace\Taxi.webp,
Movies & Series/posterplace/The Batman.webp,Movies & Series,Movies & Series,posterplace,The Batman.webp,dismiss,no,copy,dismissed\Movies & Series\posterplace\The Batman.webp,
Movies & Series/posterplace/The Butterfly Effect.webp,Movies & Series,Movies & Series,posterplace,The Butterfly Effect.webp,keep,no,copy,Movies & Series\posterplace\The Butterfly Effect.webp,
Movies & Series/posterplace/The Destroyer of Worlds.webp,Movies & Series,Movies & Series,posterplace,The Destroyer of Worlds.webp,keep,no,copy,Movies & Series\posterplace\The Destroyer of Worlds.webp,
Movies & Series/posterplace/The Godfather l.webp,Movies & Series,Movies & Series,posterplace,The Godfather l.webp,keep,no,copy,Movies & Series\posterplace\The Godfather l.webp,
Movies & Series/posterplace/The Godfather ll.webp,Movies & Series,Movies & Series,posterplace,The Godfather ll.webp,keep,no,copy,Movies & Series\posterplace\The Godfather ll.webp,
Movies & Series/posterplace/The Goonies.webp,Movies & Series,Movies & Series,posterplace,The Goonies.webp,keep,no,copy,Movies & Series\posterplace\The Goonies.webp,
Movies & Series/posterplace/The Great Alfie Solomons.webp,Movies & Series,Movies & Series,posterplace,The Great Alfie Solomons.webp,keep,no,copy,Movies & Series\posterplace\The Great Alfie Solomons.webp,
Movies & Series/posterplace/The Great Ragnar.webp,Movies & Series,Movies & Series,posterplace,The Great Ragnar.webp,keep,no,copy,Movies & Series\posterplace\The Great Ragnar.webp,
Movies & Series/posterplace/The Great Thomas Shelby.webp,Movies & Series,Movies & Series,posterplace,The Great Thomas Shelby.webp,keep,no,copy,Movies & Series\posterplace\The Great Thomas Shelby.webp,
Movies & Series/posterplace/The Hogwarts Express.webp,Movies & Series,Movies & Series,posterplace,The Hogwarts Express.webp,keep,no,copy,Movies & Series\posterplace\The Hogwarts Express.webp,
Movies & Series/posterplace/The Incredible Rick.webp,Movies & Series,Movies & Series,posterplace,The Incredible Rick.webp,keep,no,copy,Movies & Series\posterplace\The Incredible Rick.webp,
Movies & Series/posterplace/The Invisible Man.webp,Movies & Series,Movies & Series,posterplace,The Invisible Man.webp,keep,no,copy,Movies & Series\posterplace\The Invisible Man.webp,
Movies & Series/posterplace/The Parasite.webp,Movies & Series,Movies & Series,posterplace,The Parasite.webp,keep,no,copy,Movies & Series\posterplace\The Parasite.webp,
Movies & Series/posterplace/The Sea Was Angry.webp,Movies & Series,Movies & Series,posterplace,The Sea Was Angry.webp,keep,no,copy,Movies & Series\posterplace\The Sea Was Angry.webp,
Movies & Series/posterplace/The Shawshank Redemption l.webp,Movies & Series,Movies & Series,posterplace,The Shawshank Redemption l.webp,keep,no,copy,Movies & Series\posterplace\The Shawshank Redemption l.webp,
Movies & Series/posterplace/The Shawshank Redemption ll.webp,Movies & Series,Movies & Series,posterplace,The Shawshank Redemption ll.webp,keep,no,copy,Movies & Series\posterplace\The Shawshank Redemption ll.webp,
Movies & Series/posterplace/The Shawshank Redemption lll.webp,Movies & Series,Movies & Series,posterplace,The Shawshank Redemption lll.webp,keep,no,copy,Movies & Series\posterplace\The Shawshank Redemption lll.webp,
Movies & Series/posterplace/The Simpsons (Summer Shindig).webp,Movies & Series,Movies & Series,posterplace,The Simpsons (Summer Shindig).webp,keep,no,copy,Movies & Series\posterplace\The Simpsons (Summer Shindig).webp,
Movies & Series/posterplace/The Simpsons.webp,Movies & Series,Movies & Series,posterplace,The Simpsons.webp,keep,no,copy,Movies & Series\posterplace\The Simpsons.webp,
Movies & Series/posterplace/The Sopranos.webp,Movies & Series,Movies & Series,posterplace,The Sopranos.webp,keep,no,copy,Movies & Series\posterplace\The Sopranos.webp,
Movies & Series/posterplace/The Truman Show.webp,Movies & Series,Movies & Series,posterplace,The Truman Show.webp,keep,no,copy,Movies & Series\posterplace\The Truman Show.webp,
Movies & Series/posterplace/The Twilight Zone.webp,Movies & Series,Movies & Series,posterplace,The Twilight Zone.webp,keep,no,copy,Movies & Series\posterplace\The Twilight Zone.webp,
Movies & Series/posterplace/The Wise Lannister.webp,Movies & Series,Movies & Series,posterplace,The Wise Lannister.webp,keep,no,copy,Movies & Series\posterplace\The Wise Lannister.webp,
Movies & Series/posterplace/Whiplash lll.webp,Movies & Series,Movies & Series,posterplace,Whiplash lll.webp,keep,no,copy,Movies & Series\posterplace\Whiplash lll.webp,
Movies & Series/posterplace/Whiplash.webp,Movies & Series,Movies & Series,posterplace,Whiplash.webp,keep,no,copy,Movies & Series\posterplace\Whiplash.webp,
Movies & Series/posterplace/Why So Serious (Polaroid Poster).webp,Movies & Series,Movies & Series,posterplace,Why So Serious (Polaroid Poster).webp,keep,no,copy,Movies & Series\posterplace\Why So Serious (Polaroid Poster).webp,
Movies & Series/posterplace/Why So Serious.webp,Movies & Series,Movies & Series,posterplace,Why So Serious.webp,keep,no,copy,Movies & Series\posterplace\Why So Serious.webp,
Movies & Series/sparkstore/Game of Thrones 'All Men Must Die' Frame.webp,Movies & Series,Movies & Series,sparkstore,Game of Thrones 'All Men Must Die' Frame.webp,keep,no,copy,Movies & Series\sparkstore\Game of Thrones 'All Men Must Die' Frame.webp,
Movies & Series/sparkstore/Game of Thrones 'Bloody Crown' Frame.webp,Movies & Series,Movies & Series,sparkstore,Game of Thrones 'Bloody Crown' Frame.webp,keep,no,copy,Movies & Series\sparkstore\Game of Thrones 'Bloody Crown' Frame.webp,
Movies & Series/sparkstore/Game of Thrones 'Born in Fire' Frame.webp,Movies & Series,Movies & Series,sparkstore,Game of Thrones 'Born in Fire' Frame.webp,keep,no,copy,Movies & Series\sparkstore\Game of Thrones 'Born in Fire' Frame.webp,
Movies & Series/sparkstore/Game of Thrones 'Fire and Blood' Frame.webp,Movies & Series,Movies & Series,sparkstore,Game of Thrones 'Fire and Blood' Frame.webp,dismiss,no,copy,dismissed\Movies & Series\sparkstore\Game of Thrones 'Fire and Blood' Frame.webp,
Movies & Series/sparkstore/Game of Thrones 'Not Today' Frame.webp,Movies & Series,Movies & Series,sparkstore,Game of Thrones 'Not Today' Frame.webp,dismiss,no,copy,dismissed\Movies & Series\sparkstore\Game of Thrones 'Not Today' Frame.webp,
Movies & Series/sparkstore/Game of Thrones 'Obey Khaleesi' Frame.webp,Movies & Series,Movies & Series,sparkstore,Game of Thrones 'Obey Khaleesi' Frame.webp,dismiss,no,copy,dismissed\Movies & Series\sparkstore\Game of Thrones 'Obey Khaleesi' Frame.webp,
Movies & Series/sparkstore/Game of Thrones 'Shadows and Snow' Frame.webp,Movies & Series,Movies & Series,sparkstore,Game of Thrones 'Shadows and Snow' Frame.webp,keep,no,copy,Movies & Series\sparkstore\Game of Thrones 'Shadows and Snow' Frame.webp,
Movies & Series/sparkstore/Game of Thrones 'Tyrion' Frame.webp,Movies & Series,Movies & Series,sparkstore,Game of Thrones 'Tyrion' Frame.webp,dismiss,no,copy,dismissed\Movies & Series\sparkstore\Game of Thrones 'Tyrion' Frame.webp,
Movies & Series/sparkstore/Game of Thrones 'Valar Morghulis' Frame.webp,Movies & Series,Movies & Series,sparkstore,Game of Thrones 'Valar Morghulis' Frame.webp,dismiss,no,copy,dismissed\Movies & Series\sparkstore\Game of Thrones 'Valar Morghulis' Frame.webp,
Movies & Series/sparkstore/Harry Potter 'Always' Frame.webp,Movies & Series,Movies & Series,sparkstore,Harry Potter 'Always' Frame.webp,dismiss,no,copy,dismissed\Movies & Series\sparkstore\Harry Potter 'Always' Frame.webp,
Movies & Series/sparkstore/Harry Potter 'Doe Patronus' Frame.webp,Movies & Series,Movies & Series,sparkstore,Harry Potter 'Doe Patronus' Frame.webp,dismiss,no,copy,dismissed\Movies & Series\sparkstore\Harry Potter 'Doe Patronus' Frame.webp,
Movies & Series/sparkstore/Harry Potter 'Hogwarts Houses' Frame.webp,Movies & Series,Movies & Series,sparkstore,Harry Potter 'Hogwarts Houses' Frame.webp,dismiss,no,copy,dismissed\Movies & Series\sparkstore\Harry Potter 'Hogwarts Houses' Frame.webp,
Movies & Series/sparkstore/Harry Potter 'Order of the Phoenix' Frame.webp,Movies & Series,Movies & Series,sparkstore,Harry Potter 'Order of the Phoenix' Frame.webp,dismiss,no,copy,dismissed\Movies & Series\sparkstore\Harry Potter 'Order of the Phoenix' Frame.webp,
Movies & Series/sparkstore/Harry Potter 'Prisoner of Azkaban' Frame.webp,Movies & Series,Movies & Series,sparkstore,Harry Potter 'Prisoner of Azkaban' Frame.webp,keep,no,copy,Movies & Series\sparkstore\Harry Potter 'Prisoner of Azkaban' Frame.webp,
Movies & Series/sparkstore/Harry Potter 'The Boy Who Lived' Frame.webp,Movies & Series,Movies & Series,sparkstore,Harry Potter 'The Boy Who Lived' Frame.webp,keep,no,copy,Movies & Series\sparkstore\Harry Potter 'The Boy Who Lived' Frame.webp,
Movies & Series/sparkstore/Harry Potter 'The Chosen One' Frame.webp,Movies & Series,Movies & Series,sparkstore,Harry Potter 'The Chosen One' Frame.webp,keep,no,copy,Movies & Series\sparkstore\Harry Potter 'The Chosen One' Frame.webp,
Movies & Series/sparkstore/Harry Potter 'Wizards' Frame.webp,Movies & Series,Movies & Series,sparkstore,Harry Potter 'Wizards' Frame.webp,dismiss,no,copy,dismissed\Movies & Series\sparkstore\Harry Potter 'Wizards' Frame.webp,
Movies & Series/sparkstore/John Wick 'Assassin King' Frame.webp,Movies & Series,Movies & Series,sparkstore,John Wick 'Assassin King' Frame.webp,dismiss,no,copy,dismissed\Movies & Series\sparkstore\John Wick 'Assassin King' Frame.webp,
Movies & Series/sparkstore/John Wick 'Baba Yaga' Frame.webp,Movies & Series,Movies & Series,sparkstore,John Wick 'Baba Yaga' Frame.webp,dismiss,no,copy,dismissed\Movies & Series\sparkstore\John Wick 'Baba Yaga' Frame.webp,
Movies & Series/sparkstore/John Wick 'Blood Oath' Frame.webp,Movies & Series,Movies & Series,sparkstore,John Wick 'Blood Oath' Frame.webp,dismiss,no,copy,dismissed\Movies & Series\sparkstore\John Wick 'Blood Oath' Frame.webp,
Movies & Series/sparkstore/John Wick 'Darkness and Determination' Frame.webp,Movies & Series,Movies & Series,sparkstore,John Wick 'Darkness and Determination' Frame.webp,dismiss,no,copy,dismissed\Movies & Series\sparkstore\John Wick 'Darkness and Determination' Frame.webp,
Movies & Series/sparkstore/John Wick 'Midnight Mythos' Frame.webp,Movies & Series,Movies & Series,sparkstore,John Wick 'Midnight Mythos' Frame.webp,dismiss,no,copy,dismissed\Movies & Series\sparkstore\John Wick 'Midnight Mythos' Frame.webp,
Movies & Series/sparkstore/John Wick 'Retribution' Frame.webp,Movies & Series,Movies & Series,sparkstore,John Wick 'Retribution' Frame.webp,dismiss,no,copy,dismissed\Movies & Series\sparkstore\John Wick 'Retribution' Frame.webp,
Movies & Series/sparkstore/John Wick 'The Legend of Wick' Frame.webp,Movies & Series,Movies & Series,sparkstore,John Wick 'The Legend of Wick' Frame.webp,dismiss,no,copy,dismissed\Movies & Series\sparkstore\John Wick 'The Legend of Wick' Frame.webp,
Movies & Series/sparkstore/John Wick 'The Red Reckoning' Frame.webp,Movies & Series,Movies & Series,sparkstore,John Wick 'The Red Reckoning' Frame.webp,dismiss,no,copy,dismissed\Movies & Series\sparkstore\John Wick 'The Red Reckoning' Frame.webp,
Movies & Series/sparkstore/John Wick 'Wicked' Frame.webp,Movies & Series,Movies & Series,sparkstore,John Wick 'Wicked' Frame.webp,dismiss,no,copy,dismissed\Movies & Series\sparkstore\John Wick 'Wicked' Frame.webp,
Movies & Series/sparkstore/Peaky Blinders 'Birmingham's Finest' Frame.webp,Movies & Series,Movies & Series,sparkstore,Peaky Blinders 'Birmingham's Finest' Frame.webp,dismiss,no,copy,dismissed\Movies & Series\sparkstore\Peaky Blinders 'Birmingham's Finest' Frame.webp,
Movies & Series/sparkstore/Peaky Blinders 'Empire of Smoke' Frame.webp,Movies & Series,Movies & Series,sparkstore,Peaky Blinders 'Empire of Smoke' Frame.webp,dismiss,no,copy,dismissed\Movies & Series\sparkstore\Peaky Blinders 'Empire of Smoke' Frame.webp,
Movies & Series/sparkstore/Peaky Blinders 'Reimagined In Arabic' Frame.webp,Movies & Series,Movies & Series,sparkstore,Peaky Blinders 'Reimagined In Arabic' Frame.webp,keep,no,copy,Movies & Series\sparkstore\Peaky Blinders 'Reimagined In Arabic' Frame.webp,
Movies & Series/sparkstore/Peaky Blinders 'Suits and Schemes' Frame.webp,Movies & Series,Movies & Series,sparkstore,Peaky Blinders 'Suits and Schemes' Frame.webp,keep,no,copy,Movies & Series\sparkstore\Peaky Blinders 'Suits and Schemes' Frame.webp,
Movies & Series/sparkstore/Peaky Blinders 'The Garrison's Glory' Frame.webp,Movies & Series,Movies & Series,sparkstore,Peaky Blinders 'The Garrison's Glory' Frame.webp,keep,no,copy,Movies & Series\sparkstore\Peaky Blinders 'The Garrison's Glory' Frame.webp,
Movies & Series/sparkstore/Peaky Blinders 'The Order of The Peaky Blinders' Frame.webp,Movies & Series,Movies & Series,sparkstore,Peaky Blinders 'The Order of The Peaky Blinders' Frame.webp,dismiss,no,copy,dismissed\Movies & Series\sparkstore\Peaky Blinders 'The Order of The Peaky Blinders' Frame.webp,
Movies & Series/sparkstore/Peaky Blinders 'The Razor's Edge' Frame.webp,Movies & Series,Movies & Series,sparkstore,Peaky Blinders 'The Razor's Edge' Frame.webp,dismiss,no,copy,dismissed\Movies & Series\sparkstore\Peaky Blinders 'The Razor's Edge' Frame.webp,
Movies & Series/sparkstore/Peaky Blinders 'The Shelby Legacy' Frame.webp,Movies & Series,Movies & Series,sparkstore,Peaky Blinders 'The Shelby Legacy' Frame.webp,dismiss,no,copy,dismissed\Movies & Series\sparkstore\Peaky Blinders 'The Shelby Legacy' Frame.webp,
Movies & Series/sparkstore/Peaky Blinders 'Twilight of Shelby' Frame.webp,Movies & Series,Movies & Series,sparkstore,Peaky Blinders 'Twilight of Shelby' Frame.webp,dismiss,no,copy,dismissed\Movies & Series\sparkstore\Peaky Blinders 'Twilight of Shelby' Frame.webp,
Movies & Series/sparkstore/Star Wars 'Echoes of the Empire' Frame.webp,Movies & Series,Movies & Series,sparkstore,Star Wars 'Echoes of the Empire' Frame.webp,dismiss,no,copy,dismissed\Movies & Series\sparkstore\Star Wars 'Echoes of the Empire' Frame.webp,
Movies & Series/sparkstore/Star Wars 'R2D2' Frame.webp,Movies & Series,Movies & Series,sparkstore,Star Wars 'R2D2' Frame.webp,dismiss,no,copy,dismissed\Movies & Series\sparkstore\Star Wars 'R2D2' Frame.webp,
Movies & Series/sparkstore/Star Wars 'Rebellion's Silhouette' Frame.webp,Movies & Series,Movies & Series,sparkstore,Star Wars 'Rebellion's Silhouette' Frame.webp,dismiss,no,copy,dismissed\Movies & Series\sparkstore\Star Wars 'Rebellion's Silhouette' Frame.webp,
Movies & Series/sparkstore/Star Wars 'Silhouette of a Jedi' Frame.webp,Movies & Series,Movies & Series,sparkstore,Star Wars 'Silhouette of a Jedi' Frame.webp,dismiss,no,copy,dismissed\Movies & Series\sparkstore\Star Wars 'Silhouette of a Jedi' Frame.webp,
Movies & Series/sparkstore/Star Wars 'The Empire Needs You' Frame.webp,Movies & Series,Movies & Series,sparkstore,Star Wars 'The Empire Needs You' Frame.webp,dismiss,no,copy,dismissed\Movies & Series\sparkstore\Star Wars 'The Empire Needs You' Frame.webp,
Movies & Series/sparkstore/Star Wars 'The Empire's Shadow' Frame.webp,Movies & Series,Movies & Series,sparkstore,Star Wars 'The Empire's Shadow' Frame.webp,dismiss,no,copy,dismissed\Movies & Series\sparkstore\Star Wars 'The Empire's Shadow' Frame.webp,
Movies & Series/sparkstore/Star Wars 'The Epic Encounter' Frame.webp,Movies & Series,Movies & Series,sparkstore,Star Wars 'The Epic Encounter' Frame.webp,dismiss,no,copy,dismissed\Movies & Series\sparkstore\Star Wars 'The Epic Encounter' Frame.webp,
Movies & Series/sparkstore/Star Wars 'The Stormtrooper's Stare' Frame.webp,Movies & Series,Movies & Series,sparkstore,Star Wars 'The Stormtrooper's Stare' Frame.webp,keep,no,copy,Movies & Series\sparkstore\Star Wars 'The Stormtrooper's Stare' Frame.webp,
Movies & Series/sparkstore/Star Wars 'Yoda's Legacy' Frame.webp,Movies & Series,Movies & Series,sparkstore,Star Wars 'Yoda's Legacy' Frame.webp,keep,no,copy,Movies & Series\sparkstore\Star Wars 'Yoda's Legacy' Frame.webp,
Movies & Series/sparkstore/The Godfather 'Bloody Flower' Frame.webp,Movies & Series,Movies & Series,sparkstore,The Godfather 'Bloody Flower' Frame.webp,keep,no,copy,Movies & Series\sparkstore\The Godfather 'Bloody Flower' Frame.webp,
Movies & Series/sparkstore/The Godfather 'Criminal Dynasty' Frame.webp,Movies & Series,Movies & Series,sparkstore,The Godfather 'Criminal Dynasty' Frame.webp,dismiss,no,copy,dismissed\Movies & Series\sparkstore\The Godfather 'Criminal Dynasty' Frame.webp,
Movies & Series/sparkstore/The Godfather 'Great Men' Frame.webp,Movies & Series,Movies & Series,sparkstore,The Godfather 'Great Men' Frame.webp,dismiss,no,copy,dismissed\Movies & Series\sparkstore\The Godfather 'Great Men' Frame.webp,
Movies & Series/sparkstore/The Godfather 'Mafia Majesty' Frame.webp,Movies & Series,Movies & Series,sparkstore,The Godfather 'Mafia Majesty' Frame.webp,dismiss,no,copy,dismissed\Movies & Series\sparkstore\The Godfather 'Mafia Majesty' Frame.webp,
Movies & Series/sparkstore/The Godfather 'The Knight' Frame.webp,Movies & Series,Movies & Series,sparkstore,The Godfather 'The Knight' Frame.webp,dismiss,no,copy,dismissed\Movies & Series\sparkstore\The Godfather 'The Knight' Frame.webp,
Movies & Series/sparkstore/The Godfather 'The Mob Monarch' Frame.webp,Movies & Series,Movies & Series,sparkstore,The Godfather 'The Mob Monarch' Frame.webp,dismiss,no,copy,dismissed\Movies & Series\sparkstore\The Godfather 'The Mob Monarch' Frame.webp,
Movies & Series/sparkstore/The Godfather 'The Patriarch's Presence' Frame.webp,Movies & Series,Movies & Series,sparkstore,The Godfather 'The Patriarch's Presence' Frame.webp,dismiss,no,copy,dismissed\Movies & Series\sparkstore\The Godfather 'The Patriarch's Presence' Frame.webp,
Movies & Series/sparkstore/The Godfather 'Underworld Empire' Frame.webp,Movies & Series,Movies & Series,sparkstore,The Godfather 'Underworld Empire' Frame.webp,dismiss,no,copy,dismissed\Movies & Series\sparkstore\The Godfather 'Underworld Empire' Frame.webp,
Movies & Series/sparkstore/The Walking Dead 'Crimson Surviva' Frame.webp,Movies & Series,Movies & Series,sparkstore,The Walking Dead 'Crimson Surviva' Frame.webp,dismiss,no,copy,dismissed\Movies & Series\sparkstore\The Walking Dead 'Crimson Surviva' Frame.webp,
Movies & Series/sparkstore/The Walking Dead 'Decay and Despair' Frame.webp,Movies & Series,Movies & Series,sparkstore,The Walking Dead 'Decay and Despair' Frame.webp,dismiss,no,copy,dismissed\Movies & Series\sparkstore\The Walking Dead 'Decay and Despair' Frame.webp,
Movies & Series/sparkstore/The Walking Dead 'Endure & Survive' Frame.webp,Movies & Series,Movies & Series,sparkstore,The Walking Dead 'Endure & Survive' Frame.webp,dismiss,no,copy,dismissed\Movies & Series\sparkstore\The Walking Dead 'Endure & Survive' Frame.webp,
Movies & Series/sparkstore/The Walking Dead 'Grips of the Undead' Frame.webp,Movies & Series,Movies & Series,sparkstore,The Walking Dead 'Grips of the Undead' Frame.webp,dismiss,no,copy,dismissed\Movies & Series\sparkstore\The Walking Dead 'Grips of the Undead' Frame.webp,
Movies & Series/sparkstore/The Walking Dead 'Shadows of Survival' Frame.webp,Movies & Series,Movies & Series,sparkstore,The Walking Dead 'Shadows of Survival' Frame.webp,dismiss,no,copy,dismissed\Movies & Series\sparkstore\The Walking Dead 'Shadows of Survival' Frame.webp,
Movies & Series/sparkstore/The Walking Dead 'Silhouettes of Survival' Frame.webp,Movies & Series,Movies & Series,sparkstore,The Walking Dead 'Silhouettes of Survival' Frame.webp,dismiss,no,copy,dismissed\Movies & Series\sparkstore\The Walking Dead 'Silhouettes of Survival' Frame.webp,
Movies & Series/sparkstore/The Walking Dead 'Survivor's Stand' Frame.webp,Movies & Series,Movies & Series,sparkstore,The Walking Dead 'Survivor's Stand' Frame.webp,dismiss,no,copy,dismissed\Movies & Series\sparkstore\The Walking Dead 'Survivor's Stand' Frame.webp,
Movies & Series/sparkstore/The Walking Dead 'The Shape of Desolation' Frame.webp,Movies & Series,Movies & Series,sparkstore,The Walking Dead 'The Shape of Desolation' Frame.webp,dismiss,no,copy,dismissed\Movies & Series\sparkstore\The Walking Dead 'The Shape of Desolation' Frame.webp,
Movies & Series/sparkstore/The Walking Dead 'Undead Uprising' Frame.webp,Movies & Series,Movies & Series,sparkstore,The Walking Dead 'Undead Uprising' Frame.webp,dismiss,no,copy,dismissed\Movies & Series\sparkstore\The Walking Dead 'Undead Uprising' Frame.webp,
Movies & Series/sparkstore/The Walking Dead 'Zombie Outbreak' Frame.webp,Movies & Series,Movies & Series,sparkstore,The Walking Dead 'Zombie Outbreak' Frame.webp,dismiss,no,copy,dismissed\Movies & Series\sparkstore\The Walking Dead 'Zombie Outbreak' Frame.webp,
Music/frameium/2Pac - GREATEST HITS.webp,Music,Music,frameium,2Pac - GREATEST HITS.webp,keep,no,copy,Music\frameium\2Pac - GREATEST HITS.webp,
Music/frameium/21 savage.webp,Music,Music,frameium,21 savage.webp,keep,no,copy,Music\frameium\21 savage.webp,
Music/frameium/ABYUSIF RAS SHITAN.webp,Music,Music,frameium,ABYUSIF RAS SHITAN.webp,keep,no,copy,Music\frameium\ABYUSIF RAS SHITAN.webp,
Music/frameium/Abyusif.webp,Music,Music,frameium,Abyusif.webp,keep,no,copy,Music\frameium\Abyusif.webp,
Music/frameium/AMR DIAB Ahla W Ahla.webp,Music,Music,frameium,AMR DIAB Ahla W Ahla.webp,keep,no,copy,Music\frameium\AMR DIAB Ahla W Ahla.webp,
Music/frameium/AMR DIAB EBTADENA.webp,Music,Music,frameium,AMR DIAB EBTADENA.webp,keep,no,copy,Music\frameium\AMR DIAB EBTADENA.webp,
Music/frameium/AMR DIAB KAMMEL KALAMAK.webp,Music,Music,frameium,AMR DIAB KAMMEL KALAMAK.webp,keep,no,copy,Music\frameium\AMR DIAB KAMMEL KALAMAK.webp,
Music/frameium/Arctic monkeys.webp,Music,Music,frameium,Arctic monkeys.webp,keep,no,copy,Music\frameium\Arctic monkeys.webp,
Music/frameium/Billie Eilish (2).webp,Music,Music,frameium,Billie Eilish (2).webp,dismiss,no,copy,dismissed\Music\frameium\Billie Eilish (2).webp,
Music/frameium/Billie eilish (3).webp,Music,Music,frameium,Billie eilish (3).webp,keep,no,copy,Music\frameium\Billie eilish (3).webp,
Music/frameium/CAIROKEE EL SEKA SHEMAL.webp,Music,Music,frameium,CAIROKEE EL SEKA SHEMAL.webp,keep,no,copy,Music\frameium\CAIROKEE EL SEKA SHEMAL.webp,
Music/frameium/CAIROKEE NAS W NAS.webp,Music,Music,frameium,CAIROKEE NAS W NAS.webp,keep,no,copy,Music\frameium\CAIROKEE NAS W NAS.webp,
Music/frameium/CAIROKEE NOQTA BEDA.webp,Music,Music,frameium,CAIROKEE NOQTA BEDA.webp,keep,no,copy,Music\frameium\CAIROKEE NOQTA BEDA.webp,
Music/frameium/CAIROKEE ROMA.webp,Music,Music,frameium,CAIROKEE ROMA.webp,keep,no,copy,Music\frameium\CAIROKEE ROMA.webp,
Music/frameium/CAIROKEE THE UGLY DUCKLINGS.webp,Music,Music,frameium,CAIROKEE THE UGLY DUCKLINGS.webp,keep,no,copy,Music\frameium\CAIROKEE THE UGLY DUCKLINGS.webp,
Music/frameium/chris brown - breezy.webp,Music,Music,frameium,chris brown - breezy.webp,keep,no,copy,Music\frameium\chris brown - breezy.webp,
Music/frameium/Currents- Tame Impala.webp,Music,Music,frameium,Currents- Tame Impala.webp,keep,no,copy,Music\frameium\Currents- Tame Impala.webp,
Music/frameium/Customize Your Album (Copy).webp,Music,Music,frameium,Customize Your Album (Copy).webp,keep,no,copy,Music\frameium\Customize Your Album (Copy).webp,
Music/frameium/Don toliver (2).webp,Music,Music,frameium,Don toliver (2).webp,keep,no,copy,Music\frameium\Don toliver (2).webp,
Music/frameium/Don toliver.webp,Music,Music,frameium,Don toliver.webp,keep,no,copy,Music\frameium\Don toliver.webp,
Music/frameium/drake - her loss.webp,Music,Music,frameium,drake - her loss.webp,keep,no,copy,Music\frameium\drake - her loss.webp,
Music/frameium/DRAKE - ICEMAN.webp,Music,Music,frameium,DRAKE - ICEMAN.webp,keep,no,copy,Music\frameium\DRAKE - ICEMAN.webp,
Music/frameium/DRAKE - VIEWS.webp,Music,Music,frameium,DRAKE - VIEWS.webp,keep,no,copy,Music\frameium\DRAKE - VIEWS.webp,
Music/frameium/DRAKE NOTHING WAS THE SAME.webp,Music,Music,frameium,DRAKE NOTHING WAS THE SAME.webp,keep,no,copy,Music\frameium\DRAKE NOTHING WAS THE SAME.webp,
Music/frameium/Eminem.webp,Music,Music,frameium,Eminem.webp,keep,no,copy,Music\frameium\Eminem.webp,
Music/frameium/FLOWER BOY TYLER THE CREATOR.webp,Music,Music,frameium,FLOWER BOY TYLER THE CREATOR.webp,keep,no,copy,Music\frameium\FLOWER BOY TYLER THE CREATOR.webp,
Music/frameium/frank ocean - blonde.webp,Music,Music,frameium,frank ocean - blonde.webp,keep,no,copy,Music\frameium\frank ocean - blonde.webp,
Music/frameium/Frank ocean blond.webp,Music,Music,frameium,Frank ocean blond.webp,keep,no,copy,Music\frameium\Frank ocean blond.webp,
Music/frameium/future & metro boomin - we don t trust you.webp,Music,Music,frameium,future & metro boomin - we don t trust you.webp,keep,no,copy,Music\frameium\future & metro boomin - we don t trust you.webp,
Music/frameium/Future.webp,Music,Music,frameium,Future.webp,keep,no,copy,Music\frameium\Future.webp,
Music/frameium/J. cole.webp,Music,Music,frameium,J. cole.webp,keep,no,copy,Music\frameium\J. cole.webp,
Music/frameium/Kendrick lamar (2).webp,Music,Music,frameium,Kendrick lamar (2).webp,keep,no,copy,Music\frameium\Kendrick lamar (2).webp,
Music/frameium/kendrick lamar - DAMN.webp,Music,Music,frameium,kendrick lamar - DAMN.webp,keep,no,copy,Music\frameium\kendrick lamar - DAMN.webp,
Music/frameium/Kendrick lamar.webp,Music,Music,frameium,Kendrick lamar.webp,keep,no,copy,Music\frameium\Kendrick lamar.webp,
Music/frameium/LANA DEL REY BORN TO DIE.webp,Music,Music,frameium,LANA DEL REY BORN TO DIE.webp,dismiss,no,copy,dismissed\Music\frameium\LANA DEL REY BORN TO DIE.webp,
Music/frameium/LANA DEL REY DID YOU KNOW THAT THERE'S A TUNNEL UNDER OCEAN BLVD.webp,Music,Music,frameium,LANA DEL REY DID YOU KNOW THAT THERE'S A TUNNEL UNDER OCEAN BLVD.webp,dismiss,no,copy,dismissed\Music\frameium\LANA DEL REY DID YOU KNOW THAT THERE'S A TUNNEL UNDER OCEAN BLVD.webp,
Music/frameium/Marwan moussa.webp,Music,Music,frameium,Marwan moussa.webp,dismiss,no,copy,dismissed\Music\frameium\Marwan moussa.webp,
Music/frameium/Marwan Pablo (2).webp,Music,Music,frameium,Marwan Pablo (2).webp,keep,no,copy,Music\frameium\Marwan Pablo (2).webp,
Music/frameium/Marwan Pablo (3).webp,Music,Music,frameium,Marwan Pablo (3).webp,keep,no,copy,Music\frameium\Marwan Pablo (3).webp,
Music/frameium/Marwan Pablo (4).webp,Music,Music,frameium,Marwan Pablo (4).webp,keep,no,copy,Music\frameium\Marwan Pablo (4).webp,
Music/frameium/Marwan Pablo (5).webp,Music,Music,frameium,Marwan Pablo (5).webp,keep,no,copy,Music\frameium\Marwan Pablo (5).webp,
Music/frameium/Marwan Pablo (6).webp,Music,Music,frameium,Marwan Pablo (6).webp,keep,no,copy,Music\frameium\Marwan Pablo (6).webp,
Music/frameium/Marwan Pablo (7).webp,Music,Music,frameium,Marwan Pablo (7).webp,keep,no,copy,Music\frameium\Marwan Pablo (7).webp,
Music/frameium/marwan pablo - en7raf.webp,Music,Music,frameium,marwan pablo - en7raf.webp,keep,no,copy,Music\frameium\marwan pablo - en7raf.webp,
Music/frameium/marwan pablo - the last piece of art.webp,Music,Music,frameium,marwan pablo - the last piece of art.webp,keep,no,copy,Music\frameium\marwan pablo - the last piece of art.webp,
Music/frameium/MARWAN PABLO&ABUYSIF 7OB&KASHATA.webp,Music,Music,frameium,MARWAN PABLO&ABUYSIF 7OB&KASHATA.webp,keep,no,copy,Music\frameium\MARWAN PABLO&ABUYSIF 7OB&KASHATA.webp,
Music/frameium/Marwan Pablo.webp,Music,Music,frameium,Marwan Pablo.webp,keep,no,copy,Music\frameium\Marwan Pablo.webp,
Music/frameium/Metro boomin.webp,Music,Music,frameium,Metro boomin.webp,keep,no,copy,Music\frameium\Metro boomin.webp,
Music/frameium/Mousv (2).webp,Music,Music,frameium,Mousv (2).webp,keep,no,copy,Music\frameium\Mousv (2).webp,
Music/frameium/Mousv (3).webp,Music,Music,frameium,Mousv (3).webp,keep,no,copy,Music\frameium\Mousv (3).webp,
Music/frameium/Mousv.webp,Music,Music,frameium,Mousv.webp,keep,no,copy,Music\frameium\Mousv.webp,
Music/frameium/Placebo - Lege Cy.webp,Music,Music,frameium,Placebo - Lege Cy.webp,keep,no,copy,Music\frameium\Placebo - Lege Cy.webp,
Music/frameium/The weeknd (2).webp,Music,Music,frameium,The weeknd (2).webp,keep,no,copy,Music\frameium\The weeknd (2).webp,
Music/frameium/The weeknd (3).webp,Music,Music,frameium,The weeknd (3).webp,keep,no,copy,Music\frameium\The weeknd (3).webp,
Music/frameium/the weeknd - starboy.webp,Music,Music,frameium,the weeknd - starboy.webp,keep,no,copy,Music\frameium\the weeknd - starboy.webp,
Music/frameium/The weeknd.webp,Music,Music,frameium,The weeknd.webp,keep,no,copy,Music\frameium\The weeknd.webp,
Music/frameium/Travis scott (2).webp,Music,Music,frameium,Travis scott (2).webp,keep,no,copy,Music\frameium\Travis scott (2).webp,
Music/frameium/travis scott - astroworld.webp,Music,Music,frameium,travis scott - astroworld.webp,keep,no,copy,Music\frameium\travis scott - astroworld.webp,
Music/frameium/TRAVIS SCOTT BIRDS IN THE TRAP.webp,Music,Music,frameium,TRAVIS SCOTT BIRDS IN THE TRAP.webp,dismiss,no,copy,dismissed\Music\frameium\TRAVIS SCOTT BIRDS IN THE TRAP.webp,
Music/frameium/TRAVIS SCOTT JACKBOYS.webp,Music,Music,frameium,TRAVIS SCOTT JACKBOYS.webp,keep,no,copy,Music\frameium\TRAVIS SCOTT JACKBOYS.webp,
Music/frameium/Travis scott.webp,Music,Music,frameium,Travis scott.webp,dismiss,no,copy,dismissed\Music\frameium\Travis scott.webp,
Music/frameium/TUL8TE NAREIN.webp,Music,Music,frameium,TUL8TE NAREIN.webp,keep,no,copy,Music\frameium\TUL8TE NAREIN.webp,
Music/frameium/TUL8TE TESH SHABAB.webp,Music,Music,frameium,TUL8TE TESH SHABAB.webp,keep,no,copy,Music\frameium\TUL8TE TESH SHABAB.webp,
Music/frameium/Wegz (2).webp,Music,Music,frameium,Wegz (2).webp,keep,no,copy,Music\frameium\Wegz (2).webp,
Music/frameium/Wegz (3).webp,Music,Music,frameium,Wegz (3).webp,keep,no,copy,Music\frameium\Wegz (3).webp,
Music/frameium/wegz - aqareb.webp,Music,Music,frameium,wegz - aqareb.webp,keep,no,copy,Music\frameium\wegz - aqareb.webp,
Music/frameium/WEGZ AQAREB.webp,Music,Music,frameium,WEGZ AQAREB.webp,keep,no,copy,Music\frameium\WEGZ AQAREB.webp,
Music/frameium/WEGZ.webp,Music,Music,frameium,WEGZ.webp,keep,no,copy,Music\frameium\WEGZ.webp,
Music/frameium/XXXTENTACION.webp,Music,Music,frameium,XXXTENTACION.webp,keep,no,copy,Music\frameium\XXXTENTACION.webp,
Music/frameium/ZIAD ZAZA BALINI.webp,Music,Music,frameium,ZIAD ZAZA BALINI.webp,keep,no,copy,Music\frameium\ZIAD ZAZA BALINI.webp,
Music/loudborders/Action Crap!.webp,Music,Music,loudborders,Action Crap!.webp,keep,no,copy,Music\loudborders\Action Crap!.webp,
Music/loudborders/Serenedrape.webp,Music,Music,loudborders,Serenedrape.webp,keep,no,copy,Music\loudborders\Serenedrape.webp,
Music/loudborders/Thinking Trap.webp,Music,Music,loudborders,Thinking Trap.webp,keep,no,copy,Music\loudborders\Thinking Trap.webp,
Music/posterplace/Abbey Road.webp,Music,Music,posterplace,Abbey Road.webp,keep,no,copy,Music\posterplace\Abbey Road.webp,
Music/posterplace/After Hours.webp,Music,Music,posterplace,After Hours.webp,keep,no,copy,Music\posterplace\After Hours.webp,
Music/posterplace/Andrew McMahon (In The Wilderness).webp,Music,Music,posterplace,Andrew McMahon (In The Wilderness).webp,keep,no,copy,Music\posterplace\Andrew McMahon (In The Wilderness).webp,
Music/posterplace/Andrew McMahon (Zombies In America Tour).webp,Music,Music,posterplace,Andrew McMahon (Zombies In America Tour).webp,keep,no,copy,Music\posterplace\Andrew McMahon (Zombies In America Tour).webp,
Music/posterplace/Astro-world.webp,Music,Music,posterplace,Astro-world.webp,keep,no,copy,Music\posterplace\Astro-world.webp,
Music/posterplace/Childish Gambino (This Is America).webp,Music,Music,posterplace,Childish Gambino (This Is America).webp,keep,no,copy,Music\posterplace\Childish Gambino (This Is America).webp,
Music/posterplace/Circles.webp,Music,Music,posterplace,Circles.webp,keep,no,copy,Music\posterplace\Circles.webp,
Music/posterplace/Damn'.webp,Music,Music,posterplace,Damn'.webp,keep,no,copy,Music\posterplace\Damn'.webp,
Music/posterplace/Dolly Parton.webp,Music,Music,posterplace,Dolly Parton.webp,keep,no,copy,Music\posterplace\Dolly Parton.webp,
Music/posterplace/GNX by Kendrick (Edition 1.0).webp,Music,Music,posterplace,GNX by Kendrick (Edition 1.0).webp,keep,no,copy,Music\posterplace\GNX by Kendrick (Edition 1.0).webp,
Music/posterplace/GNX by Kendrick (Edition 2.0).webp,Music,Music,posterplace,GNX by Kendrick (Edition 2.0).webp,keep,no,copy,Music\posterplace\GNX by Kendrick (Edition 2.0).webp,
Music/posterplace/Hozier.webp,Music,Music,posterplace,Hozier.webp,keep,no,copy,Music\posterplace\Hozier.webp,
Music/posterplace/Jimena Gonik.webp,Music,Music,posterplace,Jimena Gonik.webp,keep,no,copy,Music\posterplace\Jimena Gonik.webp,
Music/posterplace/Johnny Cash.webp,Music,Music,posterplace,Johnny Cash.webp,keep,no,copy,Music\posterplace\Johnny Cash.webp,
Music/posterplace/Johnny Swim.webp,Music,Music,posterplace,Johnny Swim.webp,keep,no,copy,Music\posterplace\Johnny Swim.webp,
Music/posterplace/Look Mom I Can Fly.webp,Music,Music,posterplace,Look Mom I Can Fly.webp,keep,no,copy,Music\posterplace\Look Mom I Can Fly.webp,
Music/posterplace/Metro Boomin (We Don't Trust You).webp,Music,Music,posterplace,Metro Boomin (We Don't Trust You).webp,keep,no,copy,Music\posterplace\Metro Boomin (We Don't Trust You).webp,
Music/posterplace/Metro Boomin (We Still Don't Trust You).webp,Music,Music,posterplace,Metro Boomin (We Still Don't Trust You).webp,keep,no,copy,Music\posterplace\Metro Boomin (We Still Don't Trust You).webp,
Music/posterplace/Not Like Us Super Bowl Edition.webp,Music,Music,posterplace,Not Like Us Super Bowl Edition.webp,keep,no,copy,Music\posterplace\Not Like Us Super Bowl Edition.webp,
Music/posterplace/St. Stephen.webp,Music,Music,posterplace,St. Stephen.webp,keep,no,copy,Music\posterplace\St. Stephen.webp,
Music/posterplace/Starboy.webp,Music,Music,posterplace,Starboy.webp,keep,no,copy,Music\posterplace\Starboy.webp,
Music/posterplace/We Still Don't Trust You II.webp,Music,Music,posterplace,We Still Don't Trust You II.webp,keep,no,copy,Music\posterplace\We Still Don't Trust You II.webp,
Music/posterplace/Young Metro.webp,Music,Music,posterplace,Young Metro.webp,keep,no,copy,Music\posterplace\Young Metro.webp,
Music/printiteg/Drake Frame.webp,Music,Music,printiteg,Drake Frame.webp,keep,no,copy,Music\printiteg\Drake Frame.webp,
Music/printiteg/Heart Record Frame.webp,Music,Music,printiteg,Heart Record Frame.webp,keep,no,copy,Music\printiteg\Heart Record Frame.webp,
Music/printiteg/SZA SOS Frame.webp,Music,Music,printiteg,SZA SOS Frame.webp,dismiss,no,copy,dismissed\Music\printiteg\SZA SOS Frame.webp,
Music/printiteg/Travis Scott Frame (2).webp,Music,Music,printiteg,Travis Scott Frame (2).webp,keep,no,copy,Music\printiteg\Travis Scott Frame (2).webp,
Music/printiteg/Travis Scott Frame.webp,Music,Music,printiteg,Travis Scott Frame.webp,keep,no,copy,Music\printiteg\Travis Scott Frame.webp,
Music/printiteg/Vinyl Frame.webp,Music,Music,printiteg,Vinyl Frame.webp,keep,no,copy,Music\printiteg\Vinyl Frame.webp,
Music/sparkstore/Billie Eilish 'Bad Guy' Frame.webp,Music,Music,sparkstore,Billie Eilish 'Bad Guy' Frame.webp,dismiss,no,copy,dismissed\Music\sparkstore\Billie Eilish 'Bad Guy' Frame.webp,
Music/sparkstore/Billie Eilish 'Monochrome Mystique' Frame.webp,Music,Music,sparkstore,Billie Eilish 'Monochrome Mystique' Frame.webp,dismiss,no,copy,dismissed\Music\sparkstore\Billie Eilish 'Monochrome Mystique' Frame.webp,
Music/sparkstore/Billie Eilish 'Urban Vibes' Frame.webp,Music,Music,sparkstore,Billie Eilish 'Urban Vibes' Frame.webp,dismiss,no,copy,dismissed\Music\sparkstore\Billie Eilish 'Urban Vibes' Frame.webp,
Music/sparkstore/Cairokee 'Ana Negm' Frame.webp,Music,Music,sparkstore,Cairokee 'Ana Negm' Frame.webp,keep,no,copy,Music\sparkstore\Cairokee 'Ana Negm' Frame.webp,
Music/sparkstore/Cairokee 'Electric Vibes of the Cairo Band' Frame.webp,Music,Music,sparkstore,Cairokee 'Electric Vibes of the Cairo Band' Frame.webp,keep,no,copy,Music\sparkstore\Cairokee 'Electric Vibes of the Cairo Band' Frame.webp,
Music/sparkstore/Cairokee 'Liberty in Music' Frame.webp,Music,Music,sparkstore,Cairokee 'Liberty in Music' Frame.webp,keep,no,copy,Music\sparkstore\Cairokee 'Liberty in Music' Frame.webp,
Music/sparkstore/Cairokee 'Lion Emblem Design' Frame.webp,Music,Music,sparkstore,Cairokee 'Lion Emblem Design' Frame.webp,keep,no,copy,Music\sparkstore\Cairokee 'Lion Emblem Design' Frame.webp,
Music/sparkstore/Cairokee 'Striking Contrast' Frame.webp,Music,Music,sparkstore,Cairokee 'Striking Contrast' Frame.webp,keep,no,copy,Music\sparkstore\Cairokee 'Striking Contrast' Frame.webp,
Music/sparkstore/Cairokee 'Strumming Solitude' Frame.webp,Music,Music,sparkstore,Cairokee 'Strumming Solitude' Frame.webp,keep,no,copy,Music\sparkstore\Cairokee 'Strumming Solitude' Frame.webp,
Music/sparkstore/Cairokee 'The Star' Frame.webp,Music,Music,sparkstore,Cairokee 'The Star' Frame.webp,keep,no,copy,Music\sparkstore\Cairokee 'The Star' Frame.webp,
Music/sparkstore/Drake 'Certified Lover Boy' Frame.webp,Music,Music,sparkstore,Drake 'Certified Lover Boy' Frame.webp,dismiss,no,copy,dismissed\Music\sparkstore\Drake 'Certified Lover Boy' Frame.webp,
Music/sparkstore/Drake 'Donda Vs. CLB Vending Machine' Frame.webp,Music,Music,sparkstore,Drake 'Donda Vs. CLB Vending Machine' Frame.webp,dismiss,no,copy,dismissed\Music\sparkstore\Drake 'Donda Vs. CLB Vending Machine' Frame.webp,
Music/sparkstore/Drake 'Fake People' Frame.webp,Music,Music,sparkstore,Drake 'Fake People' Frame.webp,dismiss,no,copy,dismissed\Music\sparkstore\Drake 'Fake People' Frame.webp,
Music/sparkstore/Drake 'For All the Dogs' Frame.webp,Music,Music,sparkstore,Drake 'For All the Dogs' Frame.webp,dismiss,no,copy,dismissed\Music\sparkstore\Drake 'For All the Dogs' Frame.webp,
Music/sparkstore/Drake 'Halftone' Frame.webp,Music,Music,sparkstore,Drake 'Halftone' Frame.webp,keep,no,copy,Music\sparkstore\Drake 'Halftone' Frame.webp,
Music/sparkstore/Drake 'NOCTA' Frame.webp,Music,Music,sparkstore,Drake 'NOCTA' Frame.webp,dismiss,no,copy,dismissed\Music\sparkstore\Drake 'NOCTA' Frame.webp,
Music/sparkstore/Drake 'Nothing Was The Same' Frame.webp,Music,Music,sparkstore,Drake 'Nothing Was The Same' Frame.webp,dismiss,no,copy,dismissed\Music\sparkstore\Drake 'Nothing Was The Same' Frame.webp,
Music/sparkstore/Drake 'OVO' Frame.webp,Music,Music,sparkstore,Drake 'OVO' Frame.webp,dismiss,no,copy,dismissed\Music\sparkstore\Drake 'OVO' Frame.webp,
Music/sparkstore/Drake 'The Essence of Drake' Frame.webp,Music,Music,sparkstore,Drake 'The Essence of Drake' Frame.webp,dismiss,no,copy,dismissed\Music\sparkstore\Drake 'The Essence of Drake' Frame.webp,
Music/sparkstore/Eminem 'Boombox' Frame.webp,Music,Music,sparkstore,Eminem 'Boombox' Frame.webp,dismiss,no,copy,dismissed\Music\sparkstore\Eminem 'Boombox' Frame.webp,
Music/sparkstore/Eminem 'Graffiti' Frame.webp,Music,Music,sparkstore,Eminem 'Graffiti' Frame.webp,dismiss,no,copy,dismissed\Music\sparkstore\Eminem 'Graffiti' Frame.webp,
Music/sparkstore/Eminem 'Live in Red' Frame.webp,Music,Music,sparkstore,Eminem 'Live in Red' Frame.webp,dismiss,no,copy,dismissed\Music\sparkstore\Eminem 'Live in Red' Frame.webp,
Music/sparkstore/Eminem 'My Name Is' Frame.webp,Music,Music,sparkstore,Eminem 'My Name Is' Frame.webp,dismiss,no,copy,dismissed\Music\sparkstore\Eminem 'My Name Is' Frame.webp,
Music/sparkstore/Eminem 'Without Me' Frame.webp,Music,Music,sparkstore,Eminem 'Without Me' Frame.webp,dismiss,no,copy,dismissed\Music\sparkstore\Eminem 'Without Me' Frame.webp,
Music/sparkstore/Frank Ocean 'Nostalgic Sunset' Frame.webp,Music,Music,sparkstore,Frank Ocean 'Nostalgic Sunset' Frame.webp,dismiss,no,copy,dismissed\Music\sparkstore\Frank Ocean 'Nostalgic Sunset' Frame.webp,
Music/sparkstore/J Cole 'KOD' Frame.webp,Music,Music,sparkstore,J Cole 'KOD' Frame.webp,dismiss,no,copy,dismissed\Music\sparkstore\J Cole 'KOD' Frame.webp,
Music/sparkstore/Kanye West 'Beings of Light' Frame.webp,Music,Music,sparkstore,Kanye West 'Beings of Light' Frame.webp,dismiss,no,copy,dismissed\Music\sparkstore\Kanye West 'Beings of Light' Frame.webp,
Music/sparkstore/Kanye West 'Explosive Genius' Frame.webp,Music,Music,sparkstore,Kanye West 'Explosive Genius' Frame.webp,dismiss,no,copy,dismissed\Music\sparkstore\Kanye West 'Explosive Genius' Frame.webp,
Music/sparkstore/Kanye West 'Facts' Frame.webp,Music,Music,sparkstore,Kanye West 'Facts' Frame.webp,dismiss,no,copy,dismissed\Music\sparkstore\Kanye West 'Facts' Frame.webp,
Music/sparkstore/Kanye West 'Graduation' Frame.webp,Music,Music,sparkstore,Kanye West 'Graduation' Frame.webp,dismiss,no,copy,dismissed\Music\sparkstore\Kanye West 'Graduation' Frame.webp,
Music/sparkstore/Kanye West 'Halftone' Frame.webp,Music,Music,sparkstore,Kanye West 'Halftone' Frame.webp,dismiss,no,copy,dismissed\Music\sparkstore\Kanye West 'Halftone' Frame.webp,
Music/sparkstore/Kanye West 'Incognito' Frame.webp,Music,Music,sparkstore,Kanye West 'Incognito' Frame.webp,dismiss,no,copy,dismissed\Music\sparkstore\Kanye West 'Incognito' Frame.webp,
Music/sparkstore/Kanye West 'Life of Pablo' Frame.webp,Music,Music,sparkstore,Kanye West 'Life of Pablo' Frame.webp,dismiss,no,copy,dismissed\Music\sparkstore\Kanye West 'Life of Pablo' Frame.webp,
Music/sparkstore/Kanye West 'Lucky Me I See Ghosts' Frame.webp,Music,Music,sparkstore,Kanye West 'Lucky Me I See Ghosts' Frame.webp,dismiss,no,copy,dismissed\Music\sparkstore\Kanye West 'Lucky Me I See Ghosts' Frame.webp,
Music/sparkstore/Kanye West 'Mind of Gold' Frame.webp,Music,Music,sparkstore,Kanye West 'Mind of Gold' Frame.webp,dismiss,no,copy,dismissed\Music\sparkstore\Kanye West 'Mind of Gold' Frame.webp,
Music/sparkstore/Kanye West 'Ode to Donda' Frame.webp,Music,Music,sparkstore,Kanye West 'Ode to Donda' Frame.webp,dismiss,no,copy,dismissed\Music\sparkstore\Kanye West 'Ode to Donda' Frame.webp,
Music/sparkstore/Kanye West 'Platform of Achievement' Frame.webp,Music,Music,sparkstore,Kanye West 'Platform of Achievement' Frame.webp,dismiss,no,copy,dismissed\Music\sparkstore\Kanye West 'Platform of Achievement' Frame.webp,
Music/sparkstore/Kanye West 'Radial Achievement' Frame.webp,Music,Music,sparkstore,Kanye West 'Radial Achievement' Frame.webp,dismiss,no,copy,dismissed\Music\sparkstore\Kanye West 'Radial Achievement' Frame.webp,
Music/sparkstore/Kendrick Lamar 'Crown of Thorns' Frame.webp,Music,Music,sparkstore,Kendrick Lamar 'Crown of Thorns' Frame.webp,dismiss,no,copy,dismissed\Music\sparkstore\Kendrick Lamar 'Crown of Thorns' Frame.webp,
Music/sparkstore/Kendrick Lamar 'Damn Tracklist' Frame.webp,Music,Music,sparkstore,Kendrick Lamar 'Damn Tracklist' Frame.webp,dismiss,no,copy,dismissed\Music\sparkstore\Kendrick Lamar 'Damn Tracklist' Frame.webp,
Music/sparkstore/Kendrick Lamar 'Don't Kill My Vibe' Frame.webp,Music,Music,sparkstore,Kendrick Lamar 'Don't Kill My Vibe' Frame.webp,dismiss,no,copy,dismissed\Music\sparkstore\Kendrick Lamar 'Don't Kill My Vibe' Frame.webp,
Music/sparkstore/Kendrick Lamar 'Fiery' Frame.webp,Music,Music,sparkstore,Kendrick Lamar 'Fiery' Frame.webp,dismiss,no,copy,dismissed\Music\sparkstore\Kendrick Lamar 'Fiery' Frame.webp,
Music/sparkstore/Kendrick Lamar 'How Much A Dollar Cost' Frame.webp,Music,Music,sparkstore,Kendrick Lamar 'How Much A Dollar Cost' Frame.webp,dismiss,no,copy,dismissed\Music\sparkstore\Kendrick Lamar 'How Much A Dollar Cost' Frame.webp,
Music/sparkstore/Kendrick Lamar 'Humble' Frame.webp,Music,Music,sparkstore,Kendrick Lamar 'Humble' Frame.webp,dismiss,no,copy,dismissed\Music\sparkstore\Kendrick Lamar 'Humble' Frame.webp,
Music/sparkstore/Kendrick Lamar 'Japanese Dreamscape' Frame.webp,Music,Music,sparkstore,Kendrick Lamar 'Japanese Dreamscape' Frame.webp,dismiss,no,copy,dismissed\Music\sparkstore\Kendrick Lamar 'Japanese Dreamscape' Frame.webp,
Music/sparkstore/Kendrick Lamar 'Live Miracle' Frame.webp,Music,Music,sparkstore,Kendrick Lamar 'Live Miracle' Frame.webp,dismiss,no,copy,dismissed\Music\sparkstore\Kendrick Lamar 'Live Miracle' Frame.webp,
Music/sparkstore/Kendrick Lamar 'Makers of the Game' Frame.webp,Music,Music,sparkstore,Kendrick Lamar 'Makers of the Game' Frame.webp,keep,no,copy,Music\sparkstore\Kendrick Lamar 'Makers of the Game' Frame.webp,
Music/sparkstore/Kendrick Lamar 'Not Your Savior' Frame.webp,Music,Music,sparkstore,Kendrick Lamar 'Not Your Savior' Frame.webp,dismiss,no,copy,dismissed\Music\sparkstore\Kendrick Lamar 'Not Your Savior' Frame.webp,
Music/sparkstore/Kendrick Lamar 'To Pimp a Butterfly' Frame.webp,Music,Music,sparkstore,Kendrick Lamar 'To Pimp a Butterfly' Frame.webp,dismiss,no,copy,dismissed\Music\sparkstore\Kendrick Lamar 'To Pimp a Butterfly' Frame.webp,
Music/sparkstore/Kid Cudi 'Man on the Moon' Frame.webp,Music,Music,sparkstore,Kid Cudi 'Man on the Moon' Frame.webp,dismiss,no,copy,dismissed\Music\sparkstore\Kid Cudi 'Man on the Moon' Frame.webp,
Music/sparkstore/Led Zeppelin 'In Motion' Frame.webp,Music,Music,sparkstore,Led Zeppelin 'In Motion' Frame.webp,dismiss,no,copy,dismissed\Music\sparkstore\Led Zeppelin 'In Motion' Frame.webp,
Music/sparkstore/Marwan Pablo 'Barbary' Frame.webp,Music,Music,sparkstore,Marwan Pablo 'Barbary' Frame.webp,dismiss,no,copy,dismissed\Music\sparkstore\Marwan Pablo 'Barbary' Frame.webp,
Music/sparkstore/Marwan Pablo 'CTRL' Frame.webp,Music,Music,sparkstore,Marwan Pablo 'CTRL' Frame.webp,dismiss,no,copy,dismissed\Music\sparkstore\Marwan Pablo 'CTRL' Frame.webp,
Music/sparkstore/Marwan Pablo 'Dragon of Trap' Frame.webp,Music,Music,sparkstore,Marwan Pablo 'Dragon of Trap' Frame.webp,dismiss,no,copy,dismissed\Music\sparkstore\Marwan Pablo 'Dragon of Trap' Frame.webp,
Music/sparkstore/Marwan Pablo 'Enigmatic Presence' Frame.webp,Music,Music,sparkstore,Marwan Pablo 'Enigmatic Presence' Frame.webp,dismiss,no,copy,dismissed\Music\sparkstore\Marwan Pablo 'Enigmatic Presence' Frame.webp,
Music/sparkstore/Marwan Pablo 'Flower Field' Frame.webp,Music,Music,sparkstore,Marwan Pablo 'Flower Field' Frame.webp,dismiss,no,copy,dismissed\Music\sparkstore\Marwan Pablo 'Flower Field' Frame.webp,
Music/sparkstore/Marwan Pablo 'Ghaba' Frame.webp,Music,Music,sparkstore,Marwan Pablo 'Ghaba' Frame.webp,dismiss,no,copy,dismissed\Music\sparkstore\Marwan Pablo 'Ghaba' Frame.webp,
Music/sparkstore/Marwan Pablo 'Heat' Frame.webp,Music,Music,sparkstore,Marwan Pablo 'Heat' Frame.webp,dismiss,no,copy,dismissed\Music\sparkstore\Marwan Pablo 'Heat' Frame.webp,
Music/sparkstore/Marwan Pablo 'Kaleidoscope' Frame.webp,Music,Music,sparkstore,Marwan Pablo 'Kaleidoscope' Frame.webp,dismiss,no,copy,dismissed\Music\sparkstore\Marwan Pablo 'Kaleidoscope' Frame.webp,
Music/sparkstore/Marwan Pablo 'Life of Pablo' Frame.webp,Music,Music,sparkstore,Marwan Pablo 'Life of Pablo' Frame.webp,dismiss,no,copy,dismissed\Music\sparkstore\Marwan Pablo 'Life of Pablo' Frame.webp,
Music/sparkstore/Marwan Pablo 'Racore' Frame.webp,Music,Music,sparkstore,Marwan Pablo 'Racore' Frame.webp,dismiss,no,copy,dismissed\Music\sparkstore\Marwan Pablo 'Racore' Frame.webp,
Music/sparkstore/Marwan Pablo 'The Last Piece of Art' Frame.webp,Music,Music,sparkstore,Marwan Pablo 'The Last Piece of Art' Frame.webp,dismiss,no,copy,dismissed\Music\sparkstore\Marwan Pablo 'The Last Piece of Art' Frame.webp,
Music/sparkstore/Marwan Pablo 'Urban Vortex' Frame.webp,Music,Music,sparkstore,Marwan Pablo 'Urban Vortex' Frame.webp,dismiss,no,copy,dismissed\Music\sparkstore\Marwan Pablo 'Urban Vortex' Frame.webp,
Music/sparkstore/Metallica 'Skeletal Crew' Frame.webp,Music,Music,sparkstore,Metallica 'Skeletal Crew' Frame.webp,dismiss,no,copy,dismissed\Music\sparkstore\Metallica 'Skeletal Crew' Frame.webp,
Music/sparkstore/Metro Boomin 'Heroes & Villains' Frame.webp,Music,Music,sparkstore,Metro Boomin 'Heroes & Villains' Frame.webp,dismiss,no,copy,dismissed\Music\sparkstore\Metro Boomin 'Heroes & Villains' Frame.webp,
Music/sparkstore/Michael Jackson 'Dangerous' Frame.webp,Music,Music,sparkstore,Michael Jackson 'Dangerous' Frame.webp,dismiss,no,copy,dismissed\Music\sparkstore\Michael Jackson 'Dangerous' Frame.webp,
Music/sparkstore/Michael Jackson 'King of Pop' Frame.webp,Music,Music,sparkstore,Michael Jackson 'King of Pop' Frame.webp,dismiss,no,copy,dismissed\Music\sparkstore\Michael Jackson 'King of Pop' Frame.webp,
Music/sparkstore/Michael Jackson 'Moonwalk Through History' Frame.webp,Music,Music,sparkstore,Michael Jackson 'Moonwalk Through History' Frame.webp,dismiss,no,copy,dismissed\Music\sparkstore\Michael Jackson 'Moonwalk Through History' Frame.webp,
Music/sparkstore/Michael Jackson 'Moonwalk' Frame.webp,Music,Music,sparkstore,Michael Jackson 'Moonwalk' Frame.webp,keep,no,copy,Music\sparkstore\Michael Jackson 'Moonwalk' Frame.webp,
Music/sparkstore/Michael Jackson 'Movement' Frame.webp,Music,Music,sparkstore,Michael Jackson 'Movement' Frame.webp,keep,no,copy,Music\sparkstore\Michael Jackson 'Movement' Frame.webp,
Music/sparkstore/Michael Jackson 'Smooth Criminal' Frame.webp,Music,Music,sparkstore,Michael Jackson 'Smooth Criminal' Frame.webp,keep,no,copy,Music\sparkstore\Michael Jackson 'Smooth Criminal' Frame.webp,
Music/sparkstore/Michael Jackson 'The King of Pop' Frame.webp,Music,Music,sparkstore,Michael Jackson 'The King of Pop' Frame.webp,keep,no,copy,Music\sparkstore\Michael Jackson 'The King of Pop' Frame.webp,
Music/sparkstore/Nirvana 'Kurt Cobain' Frame.webp,Music,Music,sparkstore,Nirvana 'Kurt Cobain' Frame.webp,dismiss,no,copy,dismissed\Music\sparkstore\Nirvana 'Kurt Cobain' Frame.webp,
Music/sparkstore/Nirvana 'Retro Style' Frame.webp,Music,Music,sparkstore,Nirvana 'Retro Style' Frame.webp,dismiss,no,copy,dismissed\Music\sparkstore\Nirvana 'Retro Style' Frame.webp,
Music/sparkstore/Pink Floyd 'Shine On' Frame.webp,Music,Music,sparkstore,Pink Floyd 'Shine On' Frame.webp,dismiss,no,copy,dismissed\Music\sparkstore\Pink Floyd 'Shine On' Frame.webp,
Music/sparkstore/Pink Floyd 'Wish You Were Here' Frame.webp,Music,Music,sparkstore,Pink Floyd 'Wish You Were Here' Frame.webp,dismiss,no,copy,dismissed\Music\sparkstore\Pink Floyd 'Wish You Were Here' Frame.webp,
Music/sparkstore/Queen 'We Are The Champion' Frame.webp,Music,Music,sparkstore,Queen 'We Are The Champion' Frame.webp,dismiss,no,copy,dismissed\Music\sparkstore\Queen 'We Are The Champion' Frame.webp,
Music/sparkstore/Spiderman 'Graphic Adventure' Frame.webp,Music,Music,sparkstore,Spiderman 'Graphic Adventure' Frame.webp,dismiss,no,copy,dismissed\Music\sparkstore\Spiderman 'Graphic Adventure' Frame.webp,
Music/sparkstore/Taylor Swift '1989' Frame.webp,Music,Music,sparkstore,Taylor Swift '1989' Frame.webp,dismiss,no,copy,dismissed\Music\sparkstore\Taylor Swift '1989' Frame.webp,
Music/sparkstore/Taylor Swift 'I'm a Mirrorball' Frame.webp,Music,Music,sparkstore,Taylor Swift 'I'm a Mirrorball' Frame.webp,keep,no,copy,Music\sparkstore\Taylor Swift 'I'm a Mirrorball' Frame.webp,
Music/sparkstore/Taylor Swift 'I’d Be the Man' Frame.webp,Music,Music,sparkstore,Taylor Swift 'I’d Be the Man' Frame.webp,dismiss,no,copy,dismissed\Music\sparkstore\Taylor Swift 'I’d Be the Man' Frame.webp,
Music/sparkstore/Taylor Swift 'Old Habits Die Screaming' Frame.webp,Music,Music,sparkstore,Taylor Swift 'Old Habits Die Screaming' Frame.webp,dismiss,no,copy,dismissed\Music\sparkstore\Taylor Swift 'Old Habits Die Screaming' Frame.webp,
Music/sparkstore/Taylor Swift 'Peculiar Feeling' Frame.webp,Music,Music,sparkstore,Taylor Swift 'Peculiar Feeling' Frame.webp,dismiss,no,copy,dismissed\Music\sparkstore\Taylor Swift 'Peculiar Feeling' Frame.webp,
Music/sparkstore/Taylor Swift 'Reputation' Frame.webp,Music,Music,sparkstore,Taylor Swift 'Reputation' Frame.webp,dismiss,no,copy,dismissed\Music\sparkstore\Taylor Swift 'Reputation' Frame.webp,
Music/sparkstore/Taylor Swift 'The Eras Tour' Frame.webp,Music,Music,sparkstore,Taylor Swift 'The Eras Tour' Frame.webp,dismiss,no,copy,dismissed\Music\sparkstore\Taylor Swift 'The Eras Tour' Frame.webp,
Music/sparkstore/The Beatles 'Psychedelic Dreamscape' Frame.webp,Music,Music,sparkstore,The Beatles 'Psychedelic Dreamscape' Frame.webp,dismiss,no,copy,dismissed\Music\sparkstore\The Beatles 'Psychedelic Dreamscape' Frame.webp,
Music/sparkstore/The Beatles 'The Fab Four' Frame.webp,Music,Music,sparkstore,The Beatles 'The Fab Four' Frame.webp,dismiss,no,copy,dismissed\Music\sparkstore\The Beatles 'The Fab Four' Frame.webp,
Music/sparkstore/The Weeknd 'After Hours Vibe' Frame.webp,Music,Music,sparkstore,The Weeknd 'After Hours Vibe' Frame.webp,dismiss,no,copy,dismissed\Music\sparkstore\The Weeknd 'After Hours Vibe' Frame.webp,
Music/sparkstore/The Weeknd 'After Hours' Frame.webp,Music,Music,sparkstore,The Weeknd 'After Hours' Frame.webp,dismiss,no,copy,dismissed\Music\sparkstore\The Weeknd 'After Hours' Frame.webp,
Music/sparkstore/The Weeknd 'Artistic Vision' Frame.webp,Music,Music,sparkstore,The Weeknd 'Artistic Vision' Frame.webp,dismiss,no,copy,dismissed\Music\sparkstore\The Weeknd 'Artistic Vision' Frame.webp,
Music/sparkstore/The Weeknd 'Blinding Lights' Frame.webp,Music,Music,sparkstore,The Weeknd 'Blinding Lights' Frame.webp,dismiss,no,copy,dismissed\Music\sparkstore\The Weeknd 'Blinding Lights' Frame.webp,
Music/sparkstore/The Weeknd 'Dark Masked Vibes' Frame.webp,Music,Music,sparkstore,The Weeknd 'Dark Masked Vibes' Frame.webp,dismiss,no,copy,dismissed\Music\sparkstore\The Weeknd 'Dark Masked Vibes' Frame.webp,
Music/sparkstore/The Weeknd 'Dawn FM' Frame.webp,Music,Music,sparkstore,The Weeknd 'Dawn FM' Frame.webp,dismiss,no,copy,dismissed\Music\sparkstore\The Weeknd 'Dawn FM' Frame.webp,
Music/sparkstore/The Weeknd 'Eclipse Passion' Frame.webp,Music,Music,sparkstore,The Weeknd 'Eclipse Passion' Frame.webp,dismiss,no,copy,dismissed\Music\sparkstore\The Weeknd 'Eclipse Passion' Frame.webp,
Music/sparkstore/The Weeknd 'Fiery Icon' Frame.webp,Music,Music,sparkstore,The Weeknd 'Fiery Icon' Frame.webp,dismiss,no,copy,dismissed\Music\sparkstore\The Weeknd 'Fiery Icon' Frame.webp,
Music/sparkstore/The Weeknd 'Mystical Reflection' Frame.webp,Music,Music,sparkstore,The Weeknd 'Mystical Reflection' Frame.webp,dismiss,no,copy,dismissed\Music\sparkstore\The Weeknd 'Mystical Reflection' Frame.webp,
Music/sparkstore/The Weeknd 'Mystical Vibes' Frame.webp,Music,Music,sparkstore,The Weeknd 'Mystical Vibes' Frame.webp,dismiss,no,copy,dismissed\Music\sparkstore\The Weeknd 'Mystical Vibes' Frame.webp,
Music/sparkstore/The Weeknd 'Starboy' Frame (2).webp,Music,Music,sparkstore,The Weeknd 'Starboy' Frame (2).webp,dismiss,no,copy,dismissed\Music\sparkstore\The Weeknd 'Starboy' Frame (2).webp,
Music/sparkstore/The Weeknd 'Starboy' Frame (3).webp,Music,Music,sparkstore,The Weeknd 'Starboy' Frame (3).webp,dismiss,no,copy,dismissed\Music\sparkstore\The Weeknd 'Starboy' Frame (3).webp,
Music/sparkstore/Travis Scott 'Astroworld' Frame.webp,Music,Music,sparkstore,Travis Scott 'Astroworld' Frame.webp,dismiss,no,copy,dismissed\Music\sparkstore\Travis Scott 'Astroworld' Frame.webp,
Music/sparkstore/Travis Scott 'Utopia Unleashed' Frame.webp,Music,Music,sparkstore,Travis Scott 'Utopia Unleashed' Frame.webp,dismiss,no,copy,dismissed\Music\sparkstore\Travis Scott 'Utopia Unleashed' Frame.webp,
"Music/sparkstore/Tyler, the Creator 'Igor Collage' Frame.webp",Music,Music,sparkstore,"Tyler, the Creator 'Igor Collage' Frame.webp",dismiss,no,copy,"dismissed\Music\sparkstore\Tyler, the Creator 'Igor Collage' Frame.webp",
"Music/sparkstore/Tyler, the Creator 'Igor Graffiti' Frame.webp",Music,Music,sparkstore,"Tyler, the Creator 'Igor Graffiti' Frame.webp",dismiss,no,copy,"dismissed\Music\sparkstore\Tyler, the Creator 'Igor Graffiti' Frame.webp",
"Music/sparkstore/Tyler, The Creator 'Igor' Frame.webp",Music,Music,sparkstore,"Tyler, The Creator 'Igor' Frame.webp",dismiss,no,copy,"dismissed\Music\sparkstore\Tyler, The Creator 'Igor' Frame.webp",
Nature & Space/loudborders/Astral.webp,Nature & Space,Nature & Space,loudborders,Astral.webp,keep,no,copy,Nature & Space\loudborders\Astral.webp,
Nature & Space/loudborders/Beacon of Serenity.webp,Nature & Space,Nature & Space,loudborders,Beacon of Serenity.webp,keep,no,copy,Nature & Space\loudborders\Beacon of Serenity.webp,
Nature & Space/loudborders/Bloodline.webp,Nature & Space,Nature & Space,loudborders,Bloodline.webp,keep,no,copy,Nature & Space\loudborders\Bloodline.webp,
Nature & Space/loudborders/Bloomscape.webp,Nature & Space,Nature & Space,loudborders,Bloomscape.webp,keep,no,copy,Nature & Space\loudborders\Bloomscape.webp,
Nature & Space/loudborders/Blossom in the Fog.webp,Nature & Space,Nature & Space,loudborders,Blossom in the Fog.webp,keep,no,copy,Nature & Space\loudborders\Blossom in the Fog.webp,
Nature & Space/loudborders/Butterfly Daydream.webp,Nature & Space,Nature & Space,loudborders,Butterfly Daydream.webp,dismiss,no,copy,dismissed\Nature & Space\loudborders\Butterfly Daydream.webp,
Nature & Space/loudborders/Cactus Corner.webp,Nature & Space,Nature & Space,loudborders,Cactus Corner.webp,keep,no,copy,Nature & Space\loudborders\Cactus Corner.webp,
Nature & Space/loudborders/Caffeinaut.webp,Nature & Space,Nature & Space,loudborders,Caffeinaut.webp,keep,no,copy,Nature & Space\loudborders\Caffeinaut.webp,
Nature & Space/loudborders/Cerulean-Coast.webp,Nature & Space,Nature & Space,loudborders,Cerulean-Coast.webp,keep,no,copy,Nature & Space\loudborders\Cerulean-Coast.webp,
Nature & Space/loudborders/Coastal Escape.webp,Nature & Space,Nature & Space,loudborders,Coastal Escape.webp,keep,no,copy,Nature & Space\loudborders\Coastal Escape.webp,
Nature & Space/loudborders/Colorsphere.webp,Nature & Space,Nature & Space,loudborders,Colorsphere.webp,keep,no,copy,Nature & Space\loudborders\Colorsphere.webp,
Nature & Space/loudborders/Cosmobloom.webp,Nature & Space,Nature & Space,loudborders,Cosmobloom.webp,keep,no,copy,Nature & Space\loudborders\Cosmobloom.webp,
Nature & Space/loudborders/Falafel in Orbit.webp,Nature & Space,Nature & Space,loudborders,Falafel in Orbit.webp,keep,no,copy,Nature & Space\loudborders\Falafel in Orbit.webp,
Nature & Space/loudborders/Float.webp,Nature & Space,Nature & Space,loudborders,Float.webp,keep,no,copy,Nature & Space\loudborders\Float.webp,
Nature & Space/loudborders/Galactic Heart.webp,Nature & Space,Nature & Space,loudborders,Galactic Heart.webp,keep,no,copy,Nature & Space\loudborders\Galactic Heart.webp,
Nature & Space/loudborders/Island Pop.webp,Nature & Space,Nature & Space,loudborders,Island Pop.webp,keep,no,copy,Nature & Space\loudborders\Island Pop.webp,
Nature & Space/loudborders/Lunar Shores.webp,Nature & Space,Nature & Space,loudborders,Lunar Shores.webp,keep,no,copy,Nature & Space\loudborders\Lunar Shores.webp,
Nature & Space/loudborders/Lunar Silhouette.webp,Nature & Space,Nature & Space,loudborders,Lunar Silhouette.webp,keep,no,copy,Nature & Space\loudborders\Lunar Silhouette.webp,
Nature & Space/loudborders/Mediterranean Bliss.webp,Nature & Space,Nature & Space,loudborders,Mediterranean Bliss.webp,keep,no,copy,Nature & Space\loudborders\Mediterranean Bliss.webp,
Nature & Space/loudborders/Mushroom Metropolis.webp,Nature & Space,Nature & Space,loudborders,Mushroom Metropolis.webp,keep,no,copy,Nature & Space\loudborders\Mushroom Metropolis.webp,
Nature & Space/loudborders/Nebula Blast.webp,Nature & Space,Nature & Space,loudborders,Nebula Blast.webp,keep,no,copy,Nature & Space\loudborders\Nebula Blast.webp,
Nature & Space/loudborders/Night Inferno.webp,Nature & Space,Nature & Space,loudborders,Night Inferno.webp,keep,no,copy,Nature & Space\loudborders\Night Inferno.webp,
Nature & Space/loudborders/Orbit Chart.webp,Nature & Space,Nature & Space,loudborders,Orbit Chart.webp,keep,no,copy,Nature & Space\loudborders\Orbit Chart.webp,
Nature & Space/loudborders/Orbital-Echo.webp,Nature & Space,Nature & Space,loudborders,Orbital-Echo.webp,keep,no,copy,Nature & Space\loudborders\Orbital-Echo.webp,
Nature & Space/loudborders/Paradise-Shade.webp,Nature & Space,Nature & Space,loudborders,Paradise-Shade.webp,keep,no,copy,Nature & Space\loudborders\Paradise-Shade.webp,
Nature & Space/loudborders/Parrot Paradise.webp,Nature & Space,Nature & Space,loudborders,Parrot Paradise.webp,keep,no,copy,Nature & Space\loudborders\Parrot Paradise.webp,
Nature & Space/loudborders/Pink Savanna.webp,Nature & Space,Nature & Space,loudborders,Pink Savanna.webp,keep,no,copy,Nature & Space\loudborders\Pink Savanna.webp,
Nature & Space/loudborders/Pink Tiger.webp,Nature & Space,Nature & Space,loudborders,Pink Tiger.webp,keep,no,copy,Nature & Space\loudborders\Pink Tiger.webp,
Nature & Space/loudborders/Polar Awakening.webp,Nature & Space,Nature & Space,loudborders,Polar Awakening.webp,keep,no,copy,Nature & Space\loudborders\Polar Awakening.webp,
Nature & Space/loudborders/Pumpkin Haunt.webp,Nature & Space,Nature & Space,loudborders,Pumpkin Haunt.webp,keep,no,copy,Nature & Space\loudborders\Pumpkin Haunt.webp,
Nature & Space/loudborders/Rainforest Nap.webp,Nature & Space,Nature & Space,loudborders,Rainforest Nap.webp,keep,no,copy,Nature & Space\loudborders\Rainforest Nap.webp,
Nature & Space/loudborders/Sakura Rain Alley.webp,Nature & Space,Nature & Space,loudborders,Sakura Rain Alley.webp,keep,no,copy,Nature & Space\loudborders\Sakura Rain Alley.webp,
Nature & Space/loudborders/Sassy Savannah.webp,Nature & Space,Nature & Space,loudborders,Sassy Savannah.webp,keep,no,copy,Nature & Space\loudborders\Sassy Savannah.webp,
Nature & Space/loudborders/Shadow Stroll.webp,Nature & Space,Nature & Space,loudborders,Shadow Stroll.webp,keep,no,copy,Nature & Space\loudborders\Shadow Stroll.webp,
Nature & Space/loudborders/Silent Guardian.webp,Nature & Space,Nature & Space,loudborders,Silent Guardian.webp,keep,no,copy,Nature & Space\loudborders\Silent Guardian.webp,
Nature & Space/loudborders/Skyward-Birches.webp,Nature & Space,Nature & Space,loudborders,Skyward-Birches.webp,keep,no,copy,Nature & Space\loudborders\Skyward-Birches.webp,
Nature & Space/loudborders/Souk Symphony.webp,Nature & Space,Nature & Space,loudborders,Souk Symphony.webp,keep,no,copy,Nature & Space\loudborders\Souk Symphony.webp,
Nature & Space/loudborders/Stellara.webp,Nature & Space,Nature & Space,loudborders,Stellara.webp,keep,no,copy,Nature & Space\loudborders\Stellara.webp,
Nature & Space/loudborders/The Final Slice.webp,Nature & Space,Nature & Space,loudborders,The Final Slice.webp,keep,no,copy,Nature & Space\loudborders\The Final Slice.webp,
Nature & Space/loudborders/Tropical Dusk.webp,Nature & Space,Nature & Space,loudborders,Tropical Dusk.webp,keep,no,copy,Nature & Space\loudborders\Tropical Dusk.webp,
Nature & Space/loudborders/Twilight Whispers.webp,Nature & Space,Nature & Space,loudborders,Twilight Whispers.webp,keep,no,copy,Nature & Space\loudborders\Twilight Whispers.webp,
Nature & Space/loudborders/Vivid Horizons.webp,Nature & Space,Nature & Space,loudborders,Vivid Horizons.webp,keep,no,copy,Nature & Space\loudborders\Vivid Horizons.webp,
Nature & Space/loudborders/Wallbreaker.webp,Nature & Space,Nature & Space,loudborders,Wallbreaker.webp,keep,no,copy,Nature & Space\loudborders\Wallbreaker.webp,
Nature & Space/loudborders/Wet Whiskers.webp,Nature & Space,Nature & Space,loudborders,Wet Whiskers.webp,keep,no,copy,Nature & Space\loudborders\Wet Whiskers.webp,
Nature & Space/loudborders/Whispering Leaves.webp,Nature & Space,Nature & Space,loudborders,Whispering Leaves.webp,keep,no,copy,Nature & Space\loudborders\Whispering Leaves.webp,
Nature & Space/sparkstore/Astronaut 'Among The Planets' Frame.webp,Nature & Space,Nature & Space,sparkstore,Astronaut 'Among The Planets' Frame.webp,keep,no,copy,Nature & Space\sparkstore\Astronaut 'Among The Planets' Frame.webp,
Nature & Space/sparkstore/Astronaut 'Celestial Nomad' Frame.webp,Nature & Space,Nature & Space,sparkstore,Astronaut 'Celestial Nomad' Frame.webp,keep,no,copy,Nature & Space\sparkstore\Astronaut 'Celestial Nomad' Frame.webp,
Nature & Space/sparkstore/Astronaut 'Eclipse of the Explorer' Frame.webp,Nature & Space,Nature & Space,sparkstore,Astronaut 'Eclipse of the Explorer' Frame.webp,dismiss,no,copy,dismissed\Nature & Space\sparkstore\Astronaut 'Eclipse of the Explorer' Frame.webp,
Nature & Space/sparkstore/Astronaut 'Galactic Gateway' Frame.webp,Nature & Space,Nature & Space,sparkstore,Astronaut 'Galactic Gateway' Frame.webp,keep,no,copy,Nature & Space\sparkstore\Astronaut 'Galactic Gateway' Frame.webp,
Nature & Space/sparkstore/Astronaut 'Lunar Solitude' Frame.webp,Nature & Space,Nature & Space,sparkstore,Astronaut 'Lunar Solitude' Frame.webp,keep,no,copy,Nature & Space\sparkstore\Astronaut 'Lunar Solitude' Frame.webp,
Nature & Space/sparkstore/Astronaut 'Moonwalk Mix' Frame.webp,Nature & Space,Nature & Space,sparkstore,Astronaut 'Moonwalk Mix' Frame.webp,keep,no,copy,Nature & Space\sparkstore\Astronaut 'Moonwalk Mix' Frame.webp,
Nature & Space/sparkstore/Astronaut 'Voyager' Frame.webp,Nature & Space,Nature & Space,sparkstore,Astronaut 'Voyager' Frame.webp,keep,no,copy,Nature & Space\sparkstore\Astronaut 'Voyager' Frame.webp,
Nature & Space/sparkstore/Astronaut 'Weightless Wanderer' Frame.webp,Nature & Space,Nature & Space,sparkstore,Astronaut 'Weightless Wanderer' Frame.webp,dismiss,no,copy,dismissed\Nature & Space\sparkstore\Astronaut 'Weightless Wanderer' Frame.webp,
Uncategorised/loudborders/Customized Frames & Posters.webp,Uncategorised,Uncategorised,loudborders,Customized Frames & Posters.webp,dismiss,no,copy,dismissed\Uncategorised\loudborders\Customized Frames & Posters.webp,
Uncategorised/posterplace/Black & White Boomin.webp,Uncategorised,Uncategorised,posterplace,Black & White Boomin.webp,keep,no,copy,Uncategorised\posterplace\Black & White Boomin.webp,
Uncategorised/posterplace/Customised Poster.webp,Uncategorised,Uncategorised,posterplace,Customised Poster.webp,dismiss,no,copy,dismissed\Uncategorised\posterplace\Customised Poster.webp,
Uncategorised/printiteg/Blue Bicycle Frame.webp,Uncategorised,Uncategorised,printiteg,Blue Bicycle Frame.webp,keep,no,copy,Uncategorised\printiteg\Blue Bicycle Frame.webp,
